epoch,step,total_loss,pred_loss,sigreg_loss,decoded_loss,decoded_mae,decoded_mse,decoded_r2,tol_acc_0.01,tol_acc_0.05,tol_acc_0.10
1,1,1.181829810142517,0.9720659255981445,1.1547672748565674,0.19821622967720032,0.3132558763027191,0.19821622967720032,-0.5115785598754883,0.02603200450539589,0.13404452800750732,0.25098562240600586
1,2,0.8523584008216858,0.618196427822113,1.1354621648788452,0.22280734777450562,0.3248651325702667,0.22280734777450562,-0.38384556770324707,0.03256206959486008,0.15839074552059174,0.2881840765476227
1,3,0.6968796253204346,0.45533937215805054,1.1503772735595703,0.2300364375114441,0.3273603916168213,0.2300364375114441,-0.3190215826034546,0.04027562215924263,0.15993788838386536,0.3093944191932678
1,4,0.6161818504333496,0.3942210078239441,0.9798086285591125,0.2121627777814865,0.31302183866500854,0.2121627777814865,-0.2083759307861328,0.03410325199365616,0.16110347211360931,0.3273477554321289
1,5,0.5379273295402527,0.3362089991569519,1.1391222476959229,0.19032710790634155,0.28672081232070923,0.19032710790634155,-0.17472219467163086,0.03668610379099846,0.19274376332759857,0.3631357252597809
1,6,0.46948492527008057,0.2697312831878662,0.9312711954116821,0.19044093787670135,0.28936055302619934,0.19044093787670135,-0.08898234367370605,0.04633520171046257,0.20016339421272278,0.3748832941055298
1,7,0.44863361120224,0.24106724560260773,1.0562933683395386,0.19700340926647186,0.3023550510406494,0.19700340926647186,-0.023128509521484375,0.04395604506134987,0.1990632265806198,0.3752477169036865
1,8,0.394550085067749,0.21434204280376434,1.0697641372680664,0.1695103943347931,0.27614983916282654,0.1695103943347931,0.03481709957122803,0.03879246488213539,0.20746180415153503,0.39608365297317505
1,9,0.35404694080352783,0.1851080358028412,0.9980791807174683,0.1589580923318863,0.2724365293979645,0.1589580923318863,0.0799560546875,0.03396708518266678,0.1953858882188797,0.3771699070930481
1,10,0.3155233860015869,0.16317689418792725,0.965668261051178,0.1426898092031479,0.25428149104118347,0.1426898092031479,0.14913487434387207,0.049438346177339554,0.22218696773052216,0.38097354769706726
1,11,0.28726860880851746,0.15350115299224854,1.0577445030212402,0.1231900230050087,0.2381298840045929,0.1231900230050087,0.2136426568031311,0.05131695419549942,0.24501463770866394,0.3974681794643402
1,12,0.27899718284606934,0.13300661742687225,1.0025599002838135,0.13596497476100922,0.2534579932689667,0.13596497476100922,0.21729910373687744,0.046957384794950485,0.23143725097179413,0.3835369944572449
1,13,0.25709640979766846,0.11996801197528839,1.0240843296051025,0.12688757479190826,0.2485186904668808,0.12688757479190826,0.3028601408004761,0.04511278122663498,0.21570318937301636,0.3880808651447296
1,14,0.23130592703819275,0.11341490596532822,1.0383431911468506,0.10750759392976761,0.22909635305404663,0.10750759392976761,0.319705069065094,0.04503493756055832,0.20982302725315094,0.3922068774700165
1,15,0.204196035861969,0.09144055843353271,0.9748654365539551,0.10300682485103607,0.23167024552822113,0.10300682485103607,0.39185988903045654,0.043178245425224304,0.21056227385997772,0.38313862681388855
1,16,0.20757821202278137,0.09528655558824539,1.133509874343872,0.10095655173063278,0.23263432085514069,0.10095655173063278,0.46025049686431885,0.04629556089639664,0.2119431495666504,0.3809259235858917
1,17,0.18100294470787048,0.08335919678211212,1.0395421981811523,0.08724833279848099,0.20574325323104858,0.08724833279848099,0.4454469084739685,0.05228523537516594,0.24425700306892395,0.44496291875839233
1,18,0.1789160668849945,0.08336932212114334,1.1550415754318237,0.08399631828069687,0.2048431783914566,0.08399631828069687,0.5114983320236206,0.04730077087879181,0.24032317101955414,0.4293793737888336
1,19,0.15623217821121216,0.05964496359229088,0.9886226654052734,0.08670099079608917,0.21014246344566345,0.08670099079608917,0.5105394124984741,0.05603356286883354,0.24205361306667328,0.42082059383392334
1,20,0.1663147360086441,0.05928967148065567,0.9944553375244141,0.09708051383495331,0.220795676112175,0.09708051383495331,0.4808391332626343,0.04831339791417122,0.22987501323223114,0.4087488353252411
1,21,0.15238460898399353,0.06949924677610397,1.1900031566619873,0.0709853395819664,0.1850636601448059,0.0709853395819664,0.5467554330825806,0.06101938337087631,0.2604581415653229,0.47425439953804016
1,22,0.14785195887088776,0.055596835911273956,1.0683090686798096,0.0815720334649086,0.20047132670879364,0.0815720334649086,0.5400664806365967,0.046011846512556076,0.23646508157253265,0.44902878999710083
1,23,0.13986696302890778,0.06396916508674622,1.159345030784607,0.06430435180664062,0.17678877711296082,0.06430435180664062,0.5952839851379395,0.05216502025723457,0.2554381191730499,0.4841459393501282
1,24,0.12834344804286957,0.045044079422950745,0.9871484041213989,0.07342788577079773,0.18730896711349487,0.07342788577079773,0.5649452209472656,0.05961155891418457,0.2671697735786438,0.4850824773311615
1,25,0.12979614734649658,0.045722395181655884,0.9820552468299866,0.07425319403409958,0.1829993575811386,0.07425319403409958,0.5775102376937866,0.06030283123254776,0.27834102511405945,0.4996708333492279
1,26,0.13001427054405212,0.05512117221951485,1.2074463367462158,0.06281862407922745,0.16665658354759216,0.06281862407922745,0.6112552285194397,0.06728070974349976,0.3047456443309784,0.5451384782791138
1,27,0.14230698347091675,0.0713760256767273,1.6794121265411377,0.054136842489242554,0.15492473542690277,0.054136842489242554,0.6219886541366577,0.05410698801279068,0.3128902018070221,0.5504345893859863
1,28,0.14625011384487152,0.045491110533475876,1.088425636291504,0.0898747518658638,0.19836710393428802,0.0898747518658638,0.5624822378158569,0.06443992257118225,0.2958199381828308,0.498261034488678
1,29,0.14405518770217896,0.06688854098320007,1.656242847442627,0.06060420721769333,0.16046270728111267,0.06060420721769333,0.6364143490791321,0.07674487680196762,0.3243243098258972,0.5427977442741394
1,30,0.12504997849464417,0.053688742220401764,1.2973346710205078,0.05838789418339729,0.15755830705165863,0.05838789418339729,0.6439657211303711,0.07830266654491425,0.34044861793518066,0.5415546894073486
1,31,0.12153781950473785,0.044965438544750214,1.1699882745742798,0.06487250328063965,0.16925197839736938,0.06487250328063965,0.6352499723434448,0.06371986120939255,0.3009676933288574,0.4941774606704712
1,32,0.11715373396873474,0.05047846585512161,1.1573472023010254,0.055101800709962845,0.15281780064105988,0.055101800709962845,0.6514692902565002,0.07550044357776642,0.33210739493370056,0.5458939671516418
1,33,0.11906673014163971,0.05185304954648018,1.3191533088684082,0.05402214825153351,0.14985202252864838,0.05402214825153351,0.6426761746406555,0.07406748831272125,0.3385518491268158,0.566506564617157
1,34,0.1247236505150795,0.045916832983493805,1.2409353256225586,0.06639746576547623,0.16595803201198578,0.06639746576547623,0.6096636056900024,0.06394363939762115,0.32703378796577454,0.5367472767829895
1,35,0.12259835004806519,0.048655059188604355,1.489837408065796,0.05904491990804672,0.15505170822143555,0.05904491990804672,0.6525968909263611,0.06956350803375244,0.3364308476448059,0.5658661127090454
1,36,0.1260637640953064,0.04607918858528137,1.4361205101013184,0.06562337279319763,0.16468948125839233,0.06562337279319763,0.6205425262451172,0.07036931067705154,0.3231606185436249,0.5520183444023132
1,37,0.12459653615951538,0.050521936267614365,1.759009838104248,0.05648450925946236,0.14866000413894653,0.05648450925946236,0.6393190622329712,0.07230380177497864,0.3501896262168884,0.5852377414703369
1,38,0.11398044228553772,0.04135158658027649,1.4224879741668701,0.058403972536325455,0.1510828137397766,0.058403972536325455,0.641861617565155,0.0836707130074501,0.38127368688583374,0.5910288691520691
1,39,0.12476979196071625,0.04711657017469406,2.0402534008026123,0.05725068971514702,0.15274900197982788,0.05725068971514702,0.647152304649353,0.08419658243656158,0.35846784710884094,0.572331964969635
1,40,0.13605377078056335,0.04289304465055466,1.3219654560089111,0.07994107902050018,0.17908897995948792,0.07994107902050018,0.58001708984375,0.07910627871751785,0.3322981297969818,0.5395962595939636
1,41,0.11655508726835251,0.03874771669507027,2.088059663772583,0.05692677199840546,0.14651574194431305,0.05692677199840546,0.6467885971069336,0.10485033690929413,0.4194013476371765,0.6075321435928345
1,42,0.10281673073768616,0.034728050231933594,1.431209683418274,0.0537765808403492,0.14793597161769867,0.0537765808403492,0.6558170318603516,0.09679868072271347,0.3945337235927582,0.5815513134002686
1,43,0.11988545209169388,0.035602401942014694,1.8049556016921997,0.06623349338769913,0.16184723377227783,0.06623349338769913,0.6154581308364868,0.10110824555158615,0.4054197669029236,0.5760589241981506
1,44,0.11114649474620819,0.03408544138073921,1.7756885290145874,0.059304166585206985,0.1558467298746109,0.059304166585206985,0.6665211915969849,0.10217548906803131,0.4141406714916229,0.5770848393440247
1,45,0.10577624291181564,0.03261075168848038,1.601131796836853,0.05715417116880417,0.15730859339237213,0.05715417116880417,0.6835668087005615,0.09319023042917252,0.3766099214553833,0.5588452816009521
1,46,0.11062045395374298,0.03363243490457535,1.7143107652664185,0.059844911098480225,0.1570838987827301,0.059844911098480225,0.608124315738678,0.08541289716959,0.399758905172348,0.5770946145057678
1,47,0.1183527484536171,0.03884786367416382,1.8069422245025635,0.06143546104431152,0.1616886854171753,0.06143546104431152,0.6413190364837646,0.08552820235490799,0.37854281067848206,0.5495991706848145
1,48,0.12922009825706482,0.03334323316812515,1.0709224939346313,0.08516763150691986,0.19515246152877808,0.08516763150691986,0.5961081981658936,0.0753844752907753,0.3454529345035553,0.4964885711669922
1,49,0.09964640438556671,0.03316730260848999,1.5189210176467896,0.051289889961481094,0.14237135648727417,0.051289889961481094,0.6664422154426575,0.09722306579351425,0.4224949777126312,0.6055781841278076
1,50,0.10535941272974014,0.03466204181313515,1.6798412799835205,0.05389896035194397,0.14944180846214294,0.05389896035194397,0.6451022624969482,0.09776365756988525,0.38763290643692017,0.5821214914321899
1,51,0.09606905281543732,0.03084617108106613,1.2147148847579956,0.05307573080062866,0.15090639889240265,0.05307573080062866,0.6693397760391235,0.08463163673877716,0.37351465225219727,0.567929744720459
1,52,0.09737688302993774,0.027818169444799423,1.0059154033660889,0.05949956551194191,0.16271595656871796,0.05949956551194191,0.6612451672554016,0.08783864229917526,0.3565461337566376,0.5379520058631897
1,53,0.09032557159662247,0.02689235657453537,1.0409190654754639,0.05302402377128601,0.15145505964756012,0.05302402377128601,0.690296471118927,0.09317389130592346,0.37198376655578613,0.5609651803970337
1,54,0.09094306081533432,0.026281656697392464,0.9927257299423218,0.05473414808511734,0.15317751467227936,0.05473414808511734,0.6582356095314026,0.09254515916109085,0.3783908188343048,0.5632840991020203
1,55,0.08773960173130035,0.024464117363095284,1.0594346523284912,0.05268113315105438,0.14549903571605682,0.05268113315105438,0.6764920353889465,0.10192801058292389,0.4096203148365021,0.5931434035301208
1,56,0.09355334937572479,0.023078367114067078,0.9934628009796143,0.06054035201668739,0.15500158071517944,0.06054035201668739,0.6407825946807861,0.10387745499610901,0.4252205491065979,0.5790877342224121
1,57,0.08727490156888962,0.01916569471359253,1.136833667755127,0.05674086883664131,0.14953306317329407,0.05674086883664131,0.6597944498062134,0.10486471652984619,0.41595402359962463,0.58832186460495
1,58,0.0872185081243515,0.015728231519460678,1.0155653953552246,0.061334624886512756,0.15831415355205536,0.061334624886512756,0.6426066160202026,0.09936196357011795,0.39698100090026855,0.584967315196991
1,59,0.07461021095514297,0.015377740375697613,1.04403817653656,0.04879209026694298,0.14034327864646912,0.04879209026694298,0.6685423851013184,0.09160210937261581,0.421939879655838,0.6166098713874817
1,60,0.0889836847782135,0.027842530980706215,1.1999444961547852,0.04914170876145363,0.14126843214035034,0.04914170876145363,0.6849950551986694,0.08667191863059998,0.409661203622818,0.6075519919395447
1,61,0.09182612597942352,0.024805892258882523,1.201093077659607,0.055009301751852036,0.1518401950597763,0.055009301751852036,0.6774523258209229,0.08465082943439484,0.3754696846008301,0.576391339302063
1,62,0.08281360566616058,0.02055971324443817,1.0803396701812744,0.051450494676828384,0.14487338066101074,0.051450494676828384,0.6765888929367065,0.09092129021883011,0.38394954800605774,0.589478611946106
1,63,0.09612031280994415,0.025039521977305412,1.5162408351898193,0.0559183768928051,0.15100817382335663,0.0559183768928051,0.6550420522689819,0.09358904510736465,0.3687313497066498,0.5721740126609802
1,64,0.11043494939804077,0.030079813674092293,1.4756889343261719,0.0655982494354248,0.16409866511821747,0.0655982494354248,0.6209307312965393,0.09362217783927917,0.36365702748298645,0.5587032437324524
1,65,0.08819789439439774,0.02684342861175537,1.2327940464019775,0.049026526510715485,0.1390029788017273,0.049026526510715485,0.6700148582458496,0.10908995568752289,0.40740159153938293,0.6116774082183838
1,66,0.11314057558774948,0.025646863505244255,1.427286982536316,0.07322084158658981,0.17528432607650757,0.07322084158658981,0.6369969844818115,0.08576706796884537,0.3654116690158844,0.5586734414100647
1,67,0.10237914323806763,0.025197232142090797,1.277583360671997,0.06440607458353043,0.15712042152881622,0.06440607458353043,0.6300439834594727,0.09168993681669235,0.40528008341789246,0.5970911979675293
1,68,0.09712855517864227,0.024982992559671402,1.683959722518921,0.05530596151947975,0.14197944104671478,0.05530596151947975,0.6481995582580566,0.11681577563285828,0.4499971568584442,0.6360476613044739
1,69,0.10415817052125931,0.025567539036273956,1.554842472076416,0.06304220855236053,0.15876218676567078,0.06304220855236053,0.6341502666473389,0.093141108751297,0.39956313371658325,0.5806902647018433
1,70,0.08432940393686295,0.021006885915994644,1.6205062866210938,0.047117456793785095,0.13586829602718353,0.047117456793785095,0.6938881874084473,0.10974887758493423,0.4264984726905823,0.615138590335846
1,71,0.0948803722858429,0.021327903494238853,1.6453421115875244,0.057099051773548126,0.15191948413848877,0.057099051773548126,0.6868135333061218,0.10982701927423477,0.42089173197746277,0.5860423445701599
1,72,0.07710117846727371,0.017281673848628998,1.8507628440856934,0.041311874985694885,0.12492463737726212,0.041311874985694885,0.7171039581298828,0.11585219204425812,0.48013070225715637,0.6559992432594299
1,73,0.09792514145374298,0.024611767381429672,1.3015294075012207,0.06029808521270752,0.15668529272079468,0.06029808521270752,0.641973078250885,0.10061254352331161,0.4204745590686798,0.5819193124771118
1,74,0.1026872843503952,0.023414522409439087,1.163968801498413,0.06763307750225067,0.16555991768836975,0.06763307750225067,0.6450976133346558,0.10764776915311813,0.4104618430137634,0.5739194750785828
1,75,0.07806593924760818,0.015036982484161854,1.5802075862884521,0.04722687974572182,0.1356249302625656,0.04722687974572182,0.697045087814331,0.10911136120557785,0.4412573575973511,0.6247344017028809
1,76,0.08651500940322876,0.014011403545737267,1.4057990312576294,0.05844561755657196,0.15009231865406036,0.05844561755657196,0.6775368452072144,0.10915008932352066,0.4261121153831482,0.599493682384491
1,77,0.07652796804904938,0.01576104760169983,1.2342548370361328,0.0484243743121624,0.13755172491073608,0.0484243743121624,0.675512433052063,0.11659477651119232,0.43681806325912476,0.618815004825592
1,78,0.07497188448905945,0.013221323490142822,1.3354252576828003,0.04839630797505379,0.1386231780052185,0.04839630797505379,0.7214255332946777,0.1253654956817627,0.43473267555236816,0.6072472929954529
1,79,0.07285372912883759,0.0178981963545084,1.44677734375,0.040487755089998245,0.13008615374565125,0.040487755089998245,0.7129914164543152,0.12731961905956268,0.43026986718177795,0.5934453010559082
1,80,0.08115454018115997,0.013223226182162762,1.069946050643921,0.05723185837268829,0.15095467865467072,0.05723185837268829,0.681972861289978,0.11677832901477814,0.4215114116668701,0.5902312397956848
1,81,0.07692620903253555,0.012814982794225216,1.3328007459640503,0.050783220678567886,0.1415501981973648,0.050783220678567886,0.7194761037826538,0.11794354766607285,0.43065956234931946,0.6101670265197754
1,82,0.07510818541049957,0.014917688444256783,1.5441254377365112,0.044749241322278976,0.12954825162887573,0.044749241322278976,0.7240926027297974,0.1222771629691124,0.46298277378082275,0.6310303211212158
1,83,0.0743502527475357,0.016419002786278725,1.1932352781295776,0.045998893678188324,0.13179521262645721,0.045998893678188324,0.6972240209579468,0.13238652050495148,0.46789196133613586,0.6311333775520325
1,84,0.06781275570392609,0.013227695599198341,1.1690070629119873,0.042894989252090454,0.12649348378181458,0.042894989252090454,0.7343564629554749,0.13940048217773438,0.47674858570098877,0.6318120360374451
1,85,0.07748451828956604,0.01515163853764534,1.1213550567626953,0.051119331270456314,0.14045466482639313,0.051119331270456314,0.687525749206543,0.13176633417606354,0.45818892121315,0.6082298755645752
1,86,0.06586110591888428,0.013585567474365234,1.1826871633529663,0.04044866934418678,0.12461816519498825,0.04044866934418678,0.7394989728927612,0.13708633184432983,0.4752090573310852,0.6311388611793518
1,87,0.0644318014383316,0.012597132474184036,1.3770365715026855,0.03806430473923683,0.12025143951177597,0.03806430473923683,0.7389606833457947,0.14083683490753174,0.48322612047195435,0.6442660689353943
1,88,0.08105755597352982,0.018543388694524765,1.3461124897003174,0.049053043127059937,0.136127769947052,0.049053043127059937,0.7202224731445312,0.14108198881149292,0.46297547221183777,0.6194421052932739
1,89,0.07308171689510345,0.014233093708753586,1.1246871948242188,0.04760174825787544,0.13769729435443878,0.04760174825787544,0.7002770304679871,0.12478485703468323,0.44592657685279846,0.5960269570350647
1,90,0.07886307686567307,0.020065896213054657,1.301938533782959,0.04577779769897461,0.1301133632659912,0.04577779769897461,0.6984984278678894,0.15110188722610474,0.48737362027168274,0.6315789222717285
1,91,0.07984043657779694,0.019820787012577057,1.198303461074829,0.048036616295576096,0.13573861122131348,0.048036616295576096,0.7238044738769531,0.12587186694145203,0.4496254324913025,0.6153448820114136
1,92,0.06406793743371964,0.012710770592093468,1.1724215745925903,0.039632949978113174,0.12626086175441742,0.039632949978113174,0.7544026970863342,0.12627936899662018,0.4526452422142029,0.6202248930931091
1,93,0.08122019469738007,0.015078307129442692,0.9945439696311951,0.05619644373655319,0.14872676134109497,0.05619644373655319,0.7077416181564331,0.10902047902345657,0.42366984486579895,0.5885050296783447
1,94,0.0835878923535347,0.01406653132289648,0.9193598628044128,0.060327764600515366,0.16046735644340515,0.060327764600515366,0.7050422430038452,0.0957634225487709,0.3867618441581726,0.5587280988693237
1,95,0.06908994168043137,0.009782478213310242,1.0942505598068237,0.04836495593190193,0.13959425687789917,0.04836495593190193,0.7081559896469116,0.11985471844673157,0.43179982900619507,0.605730414390564
1,96,0.07861310243606567,0.014207852073013783,1.043826937675476,0.053966980427503586,0.14942403137683868,0.053966980427503586,0.7246801853179932,0.12030497938394547,0.4121990501880646,0.5763242244720459
1,97,0.0629371777176857,0.011240817606449127,1.2121926546096802,0.039574433118104935,0.12386541068553925,0.039574433118104935,0.7580029964447021,0.12695014476776123,0.4650963544845581,0.6345059871673584
1,98,0.06845085322856903,0.012569979764521122,1.1861777305603027,0.044019099324941635,0.1265019327402115,0.044019099324941635,0.7224057912826538,0.1465824395418167,0.48256129026412964,0.6359464526176453
1,99,0.06006950885057449,0.0109434574842453,1.150809407234192,0.03761795908212662,0.12160634249448776,0.03761795908212662,0.7858172655105591,0.13851520419120789,0.47647517919540405,0.631148099899292
1,100,0.062319766730070114,0.01112317480146885,1.166532039642334,0.039531271904706955,0.12228066474199295,0.039531271904706955,0.7576377987861633,0.14448793232440948,0.48717111349105835,0.6331267952919006
1,101,0.06452244520187378,0.01404128409922123,1.4371802806854248,0.036109358072280884,0.11092814803123474,0.036109358072280884,0.7386890053749084,0.17616021633148193,0.5320549011230469,0.6683308482170105
1,102,0.06263729184865952,0.011315897107124329,1.0262157917022705,0.041059236973524094,0.1251186728477478,0.041059236973524094,0.7611415386199951,0.13728921115398407,0.4544225335121155,0.613426685333252
1,103,0.061771392822265625,0.011439317837357521,1.0001301765441895,0.04033077135682106,0.12283945083618164,0.04033077135682106,0.7627754211425781,0.13933779299259186,0.475687712430954,0.630395770072937
1,104,0.06512396037578583,0.01428050734102726,1.1123286485671997,0.03972017019987106,0.12117636203765869,0.03972017019987106,0.7334805130958557,0.15967750549316406,0.4873267114162445,0.638014018535614
1,105,0.06193774938583374,0.014433933421969414,1.2039813995361328,0.03546399995684624,0.11216620355844498,0.03546399995684624,0.7770264148712158,0.16179300844669342,0.5034456849098206,0.6623828411102295
1,106,0.0720929354429245,0.01472777035087347,1.2358458042144775,0.045006707310676575,0.12621256709098816,0.045006707310676575,0.7329703569412231,0.1404893398284912,0.5031570792198181,0.6479084491729736
1,107,0.06789258122444153,0.01778988353908062,1.2250142097473145,0.03785255551338196,0.11376187205314636,0.03785255551338196,0.7450991868972778,0.14794225990772247,0.5257487893104553,0.6767076253890991
1,108,0.060072340071201324,0.013420443050563335,1.3896698951721191,0.03275519981980324,0.10887295007705688,0.03275519981980324,0.7910742163658142,0.16911810636520386,0.5185909867286682,0.6680765151977539
1,109,0.07059837877750397,0.01070963405072689,1.0478981733322144,0.049409765750169754,0.1371557116508484,0.049409765750169754,0.7479997873306274,0.12777234613895416,0.452625572681427,0.618232250213623
1,110,0.06066732481122017,0.01624467968940735,1.1530362367630005,0.03289228305220604,0.1072554737329483,0.03289228305220604,0.7831300497055054,0.173990398645401,0.5175235867500305,0.6747909784317017
1,111,0.062280360609292984,0.011351284570991993,1.7790579795837402,0.033138494938611984,0.10823272168636322,0.033138494938611984,0.7861595153808594,0.17097634077072144,0.5244086384773254,0.680600643157959
1,112,0.06272348761558533,0.012401939369738102,1.152759075164795,0.03879396244883537,0.11647629737854004,0.03879396244883537,0.7609025835990906,0.1553003042936325,0.5047459602355957,0.6779133677482605
1,113,0.053121257573366165,0.010659027844667435,1.073160171508789,0.03173062950372696,0.11055908352136612,0.03173062950372696,0.8171287775039673,0.1377483457326889,0.47562283277511597,0.6575213074684143
1,114,0.05740609019994736,0.008963217958807945,1.1885558366775513,0.036557313054800034,0.1103844940662384,0.036557313054800034,0.7706454396247864,0.17595124244689941,0.529733419418335,0.6934381127357483
1,115,0.06549227237701416,0.019029531627893448,1.2735004425048828,0.0337277352809906,0.10881760716438293,0.0337277352809906,0.7935197949409485,0.14650754630565643,0.5029132962226868,0.6778518557548523
1,116,0.05858127027750015,0.014036154374480247,1.2285807132720947,0.03225930780172348,0.10443537682294846,0.03225930780172348,0.8050721883773804,0.18019208312034607,0.5384753942489624,0.6950780153274536
1,117,0.06402948498725891,0.011457827873528004,0.9651974439620972,0.04291968792676926,0.11980597674846649,0.04291968792676926,0.7596461772918701,0.16023166477680206,0.5031005144119263,0.6754416823387146
1,118,0.05878181383013725,0.01058877818286419,0.9880791306495667,0.03831224516034126,0.1125880777835846,0.03831224516034126,0.7740164995193481,0.1803009808063507,0.5200770497322083,0.6864702701568604
1,119,0.06936323642730713,0.018103815615177155,1.1495482921600342,0.03976394236087799,0.11566261947154999,0.03976394236087799,0.7921749949455261,0.16417278349399567,0.5020468831062317,0.6678430438041687
1,120,0.05361505597829819,0.009285873733460903,1.1568455696105957,0.032760728150606155,0.10470603406429291,0.032760728150606155,0.7753621339797974,0.18155807256698608,0.5369440913200378,0.7003815174102783
1,121,0.06057339906692505,0.010968446731567383,1.1196200847625732,0.03840875253081322,0.11139971762895584,0.03840875253081322,0.7727331519126892,0.18542176485061646,0.5217002034187317,0.681093692779541
1,122,0.059922605752944946,0.011060087941586971,1.072223424911499,0.03814028576016426,0.11342047154903412,0.03814028576016426,0.7988017201423645,0.1647154688835144,0.5090397000312805,0.6767190098762512
1,123,0.057686325162649155,0.010447205975651741,1.160485029220581,0.03563426807522774,0.11141256988048553,0.03563426807522774,0.7756708860397339,0.17512866854667664,0.5072332620620728,0.6731812357902527
1,124,0.05772336572408676,0.010509207844734192,1.0692658424377441,0.03652150183916092,0.11316125094890594,0.03652150183916092,0.7921290397644043,0.18410751223564148,0.5012562274932861,0.663277804851532
1,125,0.061831679195165634,0.017589382827281952,1.0704542398452759,0.03353775292634964,0.1075628474354744,0.03353775292634964,0.7998133897781372,0.1919451653957367,0.5104051828384399,0.6763985753059387
1,126,0.05308819189667702,0.013169502839446068,0.9474456310272217,0.030444232746958733,0.10302163660526276,0.030444232746958733,0.8134448528289795,0.18568897247314453,0.5208781361579895,0.6950525045394897
1,127,0.05843578651547432,0.012699341401457787,0.9741408228874207,0.035995036363601685,0.1159156858921051,0.035995036363601685,0.8122392296791077,0.156577005982399,0.4714363217353821,0.6493294835090637
1,128,0.06102161109447479,0.010205401107668877,1.2097582817077637,0.03871862590312958,0.11638617515563965,0.03871862590312958,0.7822186946868896,0.17069874703884125,0.5131098628044128,0.6666441559791565
1,129,0.0583876296877861,0.014550517313182354,1.1170382499694824,0.032666731625795364,0.10740348696708679,0.032666731625795364,0.8129329085350037,0.19312311708927155,0.5022742748260498,0.6664867997169495
1,130,0.0637163519859314,0.01887952908873558,0.9879755973815918,0.03495706617832184,0.11039961129426956,0.03495706617832184,0.7907638549804688,0.18349695205688477,0.49763163924217224,0.667742133140564
1,131,0.053775761276483536,0.009920881129801273,1.0483684539794922,0.03337119519710541,0.10553434491157532,0.03337119519710541,0.7910441756248474,0.20378343760967255,0.5361382961273193,0.6983039975166321
1,132,0.059505339711904526,0.012933949008584023,1.3184161186218262,0.03338722884654999,0.10407019406557083,0.03338722884654999,0.79703688621521,0.19998891651630402,0.535187840461731,0.6976061463356018
1,133,0.05189228430390358,0.010965359397232533,0.9449892044067383,0.03147703409194946,0.10291304439306259,0.03147703409194946,0.8178529143333435,0.198545902967453,0.5308995246887207,0.6930156946182251
1,134,0.05546163395047188,0.01211250014603138,1.155327558517456,0.03179585933685303,0.10379713773727417,0.03179585933685303,0.8228787779808044,0.1934441328048706,0.5149056911468506,0.6840786337852478
1,135,0.06203765422105789,0.018012776970863342,1.2733135223388672,0.031291741877794266,0.1031457707285881,0.031291741877794266,0.8113728761672974,0.20651231706142426,0.5173817276954651,0.6830586791038513
1,136,0.05264437943696976,0.010842996649444103,1.126002550125122,0.03054135851562023,0.09878935664892197,0.03054135851562023,0.8088581562042236,0.2100343555212021,0.5503125190734863,0.7139478325843811
1,137,0.06239126995205879,0.013476187363266945,1.1093745231628418,0.03782133758068085,0.11355284601449966,0.03782133758068085,0.7940534353256226,0.1809968203306198,0.5089979767799377,0.6685181260108948
1,138,0.0501493364572525,0.009000744670629501,1.1244316101074219,0.029904277995228767,0.1020386591553688,0.029904277995228767,0.8397969603538513,0.18249380588531494,0.5252447724342346,0.6851480603218079
1,139,0.04720732569694519,0.010098879225552082,0.963731050491333,0.027471136301755905,0.09430600702762604,0.027471136301755905,0.8152610063552856,0.20883511006832123,0.5620684027671814,0.7221619486808777
1,140,0.05633674934506416,0.012984901666641235,1.0631461143493652,0.03272038698196411,0.10756634175777435,0.03272038698196411,0.8319010138511658,0.14028134942054749,0.49207448959350586,0.6787200570106506
1,141,0.054679419845342636,0.010991803370416164,1.1743967533111572,0.03194364905357361,0.10335701704025269,0.03194364905357361,0.8153958916664124,0.19363650679588318,0.525577187538147,0.6951631307601929
1,142,0.04981856420636177,0.010907302610576153,1.1942873001098633,0.026968389749526978,0.09617803990840912,0.026968389749526978,0.8256238698959351,0.19526880979537964,0.5300153493881226,0.7075268626213074
1,143,0.0453060120344162,0.009858926758170128,1.2157249450683594,0.023289838805794716,0.08632975071668625,0.023289838805794716,0.8310145139694214,0.20633597671985626,0.5561841130256653,0.7326266765594482
1,144,0.0606556311249733,0.014797864481806755,1.052581787109375,0.03533194959163666,0.10584747791290283,0.03533194959163666,0.7868984937667847,0.18266212940216064,0.5322246551513672,0.699325442314148
1,145,0.051746971905231476,0.013049008324742317,1.1603007316589355,0.027094954624772072,0.09334379434585571,0.027094954624772072,0.827086329460144,0.18240824341773987,0.5486806035041809,0.7245981097221375
1,146,0.06110140308737755,0.01968996971845627,1.190276861190796,0.029508665204048157,0.09612753987312317,0.029508665204048157,0.8235403299331665,0.1872948259115219,0.5584194660186768,0.7182978987693787
1,147,0.05701061338186264,0.014589439146220684,1.2143499851226807,0.0302776750177145,0.09930417686700821,0.0302776750177145,0.8203839063644409,0.1668529361486435,0.5403984189033508,0.7148773670196533
1,148,0.056712932884693146,0.018859274685382843,1.066846489906311,0.027185192331671715,0.09692603349685669,0.027185192331671715,0.8249247074127197,0.16310808062553406,0.5277349948883057,0.6981070041656494
1,149,0.0738411545753479,0.027924496680498123,1.0346324443817139,0.03557033836841583,0.10704355686903,0.03557033836841583,0.7905822396278381,0.1730392575263977,0.5311615467071533,0.6895450949668884
1,150,0.058043792843818665,0.015810491517186165,1.190692663192749,0.030326372012495995,0.09742444008588791,0.030326372012495995,0.7986768484115601,0.1991463303565979,0.559690535068512,0.7252234220504761
1,151,0.05565212666988373,0.0141993947327137,1.0314135551452637,0.031138595193624496,0.09860551357269287,0.031138595193624496,0.7871358394622803,0.21160857379436493,0.5640236735343933,0.717988133430481
1,152,0.06626258790493011,0.020917482674121857,1.260566234588623,0.032739438116550446,0.10672108829021454,0.032739438116550446,0.8074984550476074,0.16405236721038818,0.508491039276123,0.6741638779640198
1,153,0.06394429504871368,0.01912098377943039,1.1295149326324463,0.0335281640291214,0.10797930508852005,0.0335281640291214,0.8025916814804077,0.1632336676120758,0.4970099627971649,0.6691029667854309
1,154,0.0517520010471344,0.012214714661240578,1.1284477710723877,0.02825281210243702,0.09964330494403839,0.02825281210243702,0.8256574869155884,0.16583938896656036,0.5192765593528748,0.6925273537635803
1,155,0.055033523589372635,0.012464294210076332,1.1535277366638184,0.0310339517891407,0.10628029704093933,0.0310339517891407,0.8328812718391418,0.15078957378864288,0.502166748046875,0.6736687421798706
1,156,0.055637769401073456,0.011967301368713379,1.0783675909042358,0.03288679197430611,0.10810057818889618,0.03288679197430611,0.7996580600738525,0.15235121548175812,0.5214731693267822,0.6757996678352356
1,157,0.06567870080471039,0.02182023599743843,1.1205118894577026,0.03265334293246269,0.10916437953710556,0.03265334293246269,0.8142134547233582,0.14678898453712463,0.48748674988746643,0.6673531532287598
1,158,0.05938676372170448,0.01598617061972618,1.047232747077942,0.03292826563119888,0.10953861474990845,0.03292826563119888,0.8149243593215942,0.14212827384471893,0.47627881169319153,0.6523323655128479
1,159,0.050083279609680176,0.012845605611801147,1.0551735162734985,0.026685940101742744,0.09790491312742233,0.026685940101742744,0.8364430665969849,0.17116113007068634,0.507856011390686,0.6829172968864441
1,160,0.06473563611507416,0.023127350956201553,0.9301965236663818,0.03230631723999977,0.11359525471925735,0.03230631723999977,0.8211089372634888,0.12372812628746033,0.4364672303199768,0.6360602378845215
1,161,0.04959113523364067,0.01323642022907734,0.9583845734596252,0.02677086926996708,0.09949678927659988,0.02677086926996708,0.8359665870666504,0.15873724222183228,0.5066326260566711,0.6794005036354065
1,162,0.06272271275520325,0.020545411854982376,1.236243486404419,0.029814865440130234,0.10394509881734848,0.029814865440130234,0.8148345947265625,0.15136893093585968,0.5085931420326233,0.6811602115631104
1,163,0.04872681945562363,0.0130219217389822,0.9984501600265503,0.025720395147800446,0.09627876430749893,0.025720395147800446,0.8556629419326782,0.1535782516002655,0.509560227394104,0.6995356678962708
1,164,0.05064433813095093,0.014799794182181358,1.0165539979934692,0.025679001584649086,0.09789910167455673,0.025679001584649086,0.8451893925666809,0.15465393662452698,0.5038527250289917,0.6884418725967407
1,165,0.05309353023767471,0.012627625837922096,1.1205946207046509,0.029259957373142242,0.09582415223121643,0.029259957373142242,0.8017570376396179,0.18588046729564667,0.5735212564468384,0.7289960980415344
1,166,0.05450556427240372,0.016573723405599594,1.1662592887878418,0.026269251480698586,0.09562265127897263,0.026269251480698586,0.8475227355957031,0.14548270404338837,0.5328531265258789,0.7090346217155457
1,167,0.05855145305395126,0.02127850241959095,1.1020572185516357,0.026252375915646553,0.10016907751560211,0.026252375915646553,0.8474247455596924,0.12429792433977127,0.4853072762489319,0.6777370572090149
1,168,0.05929427593946457,0.01956917718052864,1.3020412921905518,0.026704682037234306,0.09652397036552429,0.026704682037234306,0.832165002822876,0.18032287061214447,0.5320134162902832,0.7058787941932678
1,169,0.054244715720415115,0.016438990831375122,1.2061699628829956,0.02574402466416359,0.09186719357967377,0.02574402466416359,0.8325120806694031,0.17182090878486633,0.5491576194763184,0.7227094173431396
1,170,0.06246424466371536,0.018933583050966263,1.1795923709869385,0.03173473849892616,0.10181131213903427,0.03173473849892616,0.8199068903923035,0.16506101191043854,0.5406917929649353,0.7158454656600952
1,171,0.057026784867048264,0.02024903893470764,1.1915252208709717,0.024862494319677353,0.09297780692577362,0.024862494319677353,0.8365737795829773,0.17244939506053925,0.5462522506713867,0.7164076566696167
1,172,0.060171231627464294,0.01960146613419056,1.3132374286651611,0.027437394484877586,0.10176992416381836,0.027437394484877586,0.8352614641189575,0.14727383852005005,0.4894913136959076,0.6786475777626038
1,173,0.05254916846752167,0.01520242728292942,1.175763726234436,0.0255891066044569,0.09561917185783386,0.0255891066044569,0.8450208902359009,0.1423010379076004,0.5232328176498413,0.7090954184532166
1,174,0.061472173780202866,0.025297539308667183,1.1544625759124756,0.02463001012802124,0.09477216750383377,0.02463001012802124,0.8426922559738159,0.14505167305469513,0.512954831123352,0.7057907581329346
1,175,0.05896585434675217,0.014978820458054543,1.0700738430023193,0.03328629583120346,0.11078351736068726,0.03328629583120346,0.8096057176589966,0.13024751842021942,0.4858076870441437,0.6663380265235901
1,176,0.054192252457141876,0.015088409185409546,1.2278468608856201,0.026825377717614174,0.09854960441589355,0.026825377717614174,0.8407974243164062,0.13554970920085907,0.5062541365623474,0.7016457915306091
1,177,0.056345731019973755,0.02044861391186714,1.1248245239257812,0.024648871272802353,0.09492412209510803,0.024648871272802353,0.8453667163848877,0.13613183796405792,0.5103835463523865,0.7170940637588501
1,178,0.0527842678129673,0.014037128537893295,1.5251944065093994,0.02349519543349743,0.09319104999303818,0.02349519543349743,0.8591973185539246,0.1387099176645279,0.5131452083587646,0.7129526734352112
1,179,0.06415092200040817,0.022638700902462006,1.090026617050171,0.030611952766776085,0.10801765322685242,0.030611952766776085,0.8349153995513916,0.12198855727910995,0.46724680066108704,0.6661832332611084
1,180,0.053431861102581024,0.01630290038883686,1.2813531160354614,0.024315427988767624,0.09322939068078995,0.024315427988767624,0.8486099243164062,0.15226152539253235,0.5453905463218689,0.7192118167877197
1,181,0.05946098268032074,0.019008774310350418,1.2263212203979492,0.028188996016979218,0.10064997524023056,0.028188996016979218,0.8358598947525024,0.1440463811159134,0.5077300667762756,0.6994946002960205
1,182,0.053744882345199585,0.016756972298026085,1.305411696434021,0.023933792486786842,0.09388278424739838,0.023933792486786842,0.8658121228218079,0.13509316742420197,0.5182608962059021,0.7153416275978088
1,183,0.05378001183271408,0.016538355499505997,1.5278666019439697,0.02196299470961094,0.0920025035738945,0.02196299470961094,0.8596572875976562,0.1208045557141304,0.5007269978523254,0.7164667248725891
1,184,0.05565745756030083,0.019368907436728477,1.4064857959747314,0.022223692387342453,0.08832754194736481,0.022223692387342453,0.8497538566589355,0.1322324573993683,0.5254096388816833,0.743535578250885
1,185,0.05706631392240524,0.01696377620100975,1.2772061824798584,0.02733047492802143,0.09431365877389908,0.02733047492802143,0.8240538835525513,0.1426008939743042,0.5395900011062622,0.7254323959350586
1,186,0.06545351445674896,0.0254324022680521,1.2825555801391602,0.027195557951927185,0.09338400512933731,0.027195557951927185,0.823136031627655,0.15609580278396606,0.550427258014679,0.734504759311676
1,187,0.05612870678305626,0.018993977457284927,1.1706793308258057,0.025427937507629395,0.09486429393291473,0.025427937507629395,0.852602481842041,0.13680781424045563,0.5048859715461731,0.7078375220298767
1,188,0.06180718168616295,0.02216869406402111,1.6402487754821777,0.023236002773046494,0.08823590725660324,0.023236002773046494,0.8478494882583618,0.15366986393928528,0.5768349170684814,0.741493821144104
1,189,0.05420931428670883,0.014518989250063896,1.2640386819839478,0.02704993635416031,0.0943620577454567,0.02704993635416031,0.8547788858413696,0.14010411500930786,0.5268795490264893,0.7294023633003235
1,190,0.057762786746025085,0.01910148561000824,1.7206802368164062,0.021454496309161186,0.0851021334528923,0.021454496309161186,0.8714419007301331,0.15101225674152374,0.5485600233078003,0.7510122656822205
1,191,0.061738137155771255,0.01736999861896038,1.8677414655685425,0.025690723210573196,0.09594724327325821,0.025690723210573196,0.8617684841156006,0.1299753189086914,0.5074822306632996,0.7118173241615295
1,192,0.06825916469097137,0.027857284992933273,1.601249098777771,0.024389391764998436,0.09026224911212921,0.024389391764998436,0.8461055159568787,0.1503279209136963,0.5493584275245667,0.7382948398590088
1,193,0.062012024223804474,0.018794918432831764,1.1807441711425781,0.03140966221690178,0.10894027352333069,0.03140966221690178,0.8455902934074402,0.11621621251106262,0.4610038697719574,0.6671814918518066
1,194,0.06521905958652496,0.025899307802319527,1.562298059463501,0.02369677647948265,0.08776996284723282,0.02369677647948265,0.8530479669570923,0.15723830461502075,0.5636652708053589,0.7542475461959839
1,195,0.060816869139671326,0.02326810732483864,1.5911176204681396,0.021637586876749992,0.08987156301736832,0.021637586876749992,0.8506329655647278,0.13425196707248688,0.5280652642250061,0.7237907648086548
1,196,0.05412524938583374,0.01577150635421276,1.6225879192352295,0.022127866744995117,0.09110721200704575,0.022127866744995117,0.8620468378067017,0.12745727598667145,0.5220206379890442,0.7197690010070801
1,197,0.07127484679222107,0.029401522129774094,1.364752173423767,0.02822580188512802,0.10419146716594696,0.02822580188512802,0.8614454865455627,0.11057492345571518,0.45378151535987854,0.6782594323158264
1,198,0.05961821973323822,0.01884031482040882,1.2219504117965698,0.02855840139091015,0.09873747080564499,0.02855840139091015,0.82668137550354,0.14463135600090027,0.5266789197921753,0.7155342102050781
1,199,0.07064592093229294,0.029773810878396034,1.5524405241012573,0.02534770779311657,0.09671980142593384,0.02534770779311657,0.8563625812530518,0.12947092950344086,0.5054890513420105,0.7027409672737122
1,200,0.06460411101579666,0.025448687374591827,1.280343770980835,0.026351986452937126,0.09745310992002487,0.026351986452937126,0.8426774144172668,0.11747138202190399,0.4993363320827484,0.7062385678291321
1,201,0.05276181548833847,0.016461096704006195,1.1557466983795166,0.024743253365159035,0.0947607159614563,0.024743253365159035,0.8550617694854736,0.14359772205352783,0.5109235048294067,0.7106568813323975
1,202,0.05023719370365143,0.012745031155645847,1.358703374862671,0.023905128240585327,0.09110797196626663,0.023905128240585327,0.8521583080291748,0.14112062752246857,0.5262792110443115,0.7297406792640686
1,203,0.06701654195785522,0.028820931911468506,1.3059595823287964,0.02513602003455162,0.09302773326635361,0.02513602003455162,0.8510105013847351,0.13525335490703583,0.5245946049690247,0.7254558801651001
1,204,0.05640887841582298,0.02360890805721283,1.4065991640090942,0.018733978271484375,0.08329305052757263,0.018733978271484375,0.8699378967285156,0.14128728210926056,0.5245468616485596,0.7364064455032349
1,205,0.05784992873668671,0.019478879868984222,1.192281723022461,0.02644823119044304,0.1023780032992363,0.02644823119044304,0.8489799499511719,0.11872649192810059,0.45793190598487854,0.6738232970237732
1,206,0.05850781500339508,0.023424286395311356,1.1614353656768799,0.023469174280762672,0.09265489876270294,0.023469174280762672,0.8626488447189331,0.11524931341409683,0.5059651136398315,0.7092382907867432
1,207,0.07390647381544113,0.0371459424495697,1.2857931852340698,0.02390260063111782,0.08911509811878204,0.02390260063111782,0.8480344414710999,0.13911007344722748,0.5522768497467041,0.7488420605659485
1,208,0.052358292043209076,0.015564991161227226,1.1096079349517822,0.025697220116853714,0.10055213421583176,0.025697220116853714,0.8666919469833374,0.12282309681177139,0.4840906262397766,0.6793243288993835
1,209,0.06099792569875717,0.02067946270108223,1.2764005661010742,0.027554459869861603,0.09766247123479843,0.027554459869861603,0.8374932408332825,0.1429927498102188,0.5105431079864502,0.7132686972618103
1,210,0.06644287705421448,0.02891932986676693,1.342111587524414,0.024102430790662766,0.09494645893573761,0.024102430790662766,0.8720102310180664,0.12815243005752563,0.5062060356140137,0.7017946243286133
1,211,0.05084485933184624,0.01680370420217514,1.1472928524017334,0.022568225860595703,0.08953442424535751,0.022568225860595703,0.8649362325668335,0.14508287608623505,0.524395227432251,0.730334460735321
1,212,0.0649966299533844,0.028080491349101067,1.1316365003585815,0.02559977024793625,0.09634596109390259,0.02559977024793625,0.8620493412017822,0.14099927246570587,0.5230575203895569,0.7142193913459778
1,213,0.06321720033884048,0.03126895800232887,1.194737434387207,0.020000869408249855,0.08325693756341934,0.020000869408249855,0.8641804456710815,0.15549451112747192,0.5676823258399963,0.7445554733276367
1,214,0.07014648616313934,0.03464789316058159,1.2132060527801514,0.0233665332198143,0.09547065198421478,0.0233665332198143,0.8560361266136169,0.12442660331726074,0.4881225526332855,0.6946264505386353
1,215,0.0644119381904602,0.028900815173983574,1.072258710861206,0.02478853240609169,0.09221842885017395,0.02478853240609169,0.8377264738082886,0.14070986211299896,0.5380194783210754,0.7259694337844849
1,216,0.05948870629072189,0.017795786261558533,1.2674908638000488,0.029018009081482887,0.10252238065004349,0.029018009081482887,0.8349502086639404,0.1336752474308014,0.5068243741989136,0.687070906162262
1,217,0.07343333959579468,0.03350001201033592,1.2324168682098389,0.02760915830731392,0.10024306923151016,0.02760915830731392,0.8468435406684875,0.12440154701471329,0.4902702569961548,0.6960617899894714
1,218,0.0662500262260437,0.030213750898838043,1.2807238101959229,0.02322903461754322,0.09433463960886002,0.02322903461754322,0.8696643114089966,0.11815754324197769,0.4759679436683655,0.6961949467658997
1,219,0.052334800362586975,0.015220142900943756,1.3078595399856567,0.024036062881350517,0.09593354910612106,0.024036062881350517,0.8587692379951477,0.1152576133608818,0.4878823757171631,0.7067472338676453
1,220,0.053427234292030334,0.01500978134572506,0.9758025407791138,0.028659427538514137,0.10196657478809357,0.028659427538514137,0.839682936668396,0.1235804557800293,0.5039892792701721,0.69355309009552
1,221,0.05543985962867737,0.016091719269752502,1.191990852355957,0.02742823399603367,0.10138242691755295,0.02742823399603367,0.8545735478401184,0.12730760872364044,0.47846224904060364,0.6761066913604736
1,222,0.06551419198513031,0.025611512362957,1.284782886505127,0.02705484814941883,0.0995243489742279,0.02705484814941883,0.8389216065406799,0.11929631978273392,0.48982957005500793,0.6887614727020264
1,223,0.05976302549242973,0.020962147042155266,1.058340311050415,0.02821747586131096,0.10428518056869507,0.02821747586131096,0.8369626998901367,0.1252884715795517,0.48425519466400146,0.66031414270401
1,224,0.06077289581298828,0.01977316290140152,1.3445639610290527,0.027554096654057503,0.09404689818620682,0.027554096654057503,0.8434147238731384,0.1465025097131729,0.5238324403762817,0.7347135543823242
1,225,0.06465312838554382,0.025396697223186493,1.346192717552185,0.025794509798288345,0.097042016685009,0.025794509798288345,0.8512585163116455,0.12397034466266632,0.4968816339969635,0.7005766034126282
1,226,0.04969744384288788,0.01798637956380844,1.120461344718933,0.02050645276904106,0.0868220180273056,0.02050645276904106,0.8743213415145874,0.13726983964443207,0.5387301445007324,0.735365092754364
1,227,0.04666788876056671,0.016967197880148888,1.1683411598205566,0.018017282709479332,0.08105704933404922,0.018017282709479332,0.8890227675437927,0.1433853805065155,0.528113603591919,0.7485033273696899
1,228,0.05140438675880432,0.015018599107861519,1.4373068809509277,0.02201271615922451,0.09567785263061523,0.02201271615922451,0.8729332685470581,0.11639236658811569,0.4810401499271393,0.6980249881744385
1,229,0.05187761038541794,0.017629720270633698,1.3177567720413208,0.021070322021842003,0.08261216431856155,0.021070322021842003,0.8707068562507629,0.1516483575105667,0.569505512714386,0.7706043720245361
1,230,0.052692711353302,0.01574881374835968,1.1780385971069336,0.02516351453959942,0.09557581692934036,0.02516351453959942,0.85875004529953,0.1404065191745758,0.5202537178993225,0.7013838887214661
1,231,0.04642728716135025,0.012807326391339302,1.3593627214431763,0.02002633549273014,0.08701914548873901,0.02002633549273014,0.8966747522354126,0.13905775547027588,0.5215299129486084,0.7180851101875305
1,232,0.06459487974643707,0.02458309568464756,1.261880874633789,0.027392979711294174,0.10437335819005966,0.027392979711294174,0.8529607057571411,0.1205117255449295,0.47368869185447693,0.6632835865020752
1,233,0.06407207995653152,0.022868281230330467,1.292783260345459,0.02827596478164196,0.09691464155912399,0.02827596478164196,0.8245800733566284,0.12560084462165833,0.5153816342353821,0.7234185934066772
1,234,0.05017267167568207,0.013053160160779953,1.1974594593048096,0.025144917890429497,0.09094368666410446,0.025144917890429497,0.8392581343650818,0.15289205312728882,0.5595861673355103,0.7407130599021912
1,235,0.06171228736639023,0.02579708956182003,1.2055435180664062,0.023859763517975807,0.08838898688554764,0.023859763517975807,0.8480137586593628,0.165251687169075,0.5641419887542725,0.7470419406890869
1,236,0.0598556324839592,0.020376183092594147,1.0869337320327759,0.0286101121455431,0.0991259515285492,0.0286101121455431,0.8125449419021606,0.17891013622283936,0.5362787842750549,0.7011892199516296
1,237,0.0689658522605896,0.03229794651269913,1.0578420162200928,0.026089483872056007,0.09317902475595474,0.026089483872056007,0.8530799150466919,0.15312445163726807,0.5364961624145508,0.7290965914726257
1,238,0.05623974651098251,0.021648559719324112,1.0920336246490479,0.023670854046940804,0.09824234992265701,0.023670854046940804,0.8792914152145386,0.11407474428415298,0.4610458016395569,0.6799276471138
1,239,0.04937547445297241,0.01989625208079815,1.052523136138916,0.018953992053866386,0.08238337934017181,0.018953992053866386,0.8636071681976318,0.16909179091453552,0.557472825050354,0.7440363764762878
1,240,0.051612742245197296,0.020431386306881905,1.1496796607971191,0.019684558734297752,0.08340482413768768,0.019684558734297752,0.880749523639679,0.15047447383403778,0.5421212315559387,0.7441095113754272
1,241,0.07705048471689224,0.044105567038059235,1.1919822692871094,0.021025095134973526,0.08865392208099365,0.021025095134973526,0.8842573761940002,0.11968133598566055,0.5034401416778564,0.7168205976486206
1,242,0.06215136498212814,0.028232552111148834,1.106245756149292,0.022856352850794792,0.09419625997543335,0.022856352850794792,0.8901922106742859,0.12628602981567383,0.4924212694168091,0.6957511901855469
1,243,0.06298418343067169,0.025281867012381554,1.1767468452453613,0.025934850797057152,0.09467162936925888,0.025934850797057152,0.8538491725921631,0.13990746438503265,0.5210526585578918,0.7172932624816895
1,244,0.06483229994773865,0.02491847798228264,1.2710057497024536,0.027203762903809547,0.10115877538919449,0.027203762903809547,0.8480963706970215,0.1354263424873352,0.484735906124115,0.6807851791381836
1,245,0.06160889193415642,0.019267525523900986,1.1694631576538086,0.030646733939647675,0.10077766329050064,0.030646733939647675,0.8361958861351013,0.13517288863658905,0.4991267919540405,0.7141460180282593
1,246,0.0679725781083107,0.028191864490509033,1.0629571676254272,0.02915113978087902,0.10320282727479935,0.02915113978087902,0.8372584581375122,0.1407194435596466,0.5007371306419373,0.6855373978614807
1,247,0.056585103273391724,0.019555039703845978,1.424365758895874,0.022786404937505722,0.0900174155831337,0.022786404937505722,0.8641963005065918,0.15065626800060272,0.5343985557556152,0.7220848202705383
1,248,0.06307048350572586,0.02337460033595562,1.2678767442703247,0.02701711654663086,0.10040956735610962,0.02701711654663086,0.8504065275192261,0.11020854115486145,0.4703585207462311,0.6831992268562317
1,249,0.06035401672124863,0.01885370723903179,1.088308334350586,0.030617227777838707,0.10684558749198914,0.030617227777838707,0.8369736671447754,0.12585239112377167,0.49745360016822815,0.6738023161888123
1,250,0.06939627975225449,0.02777785062789917,1.3982038497924805,0.027636390179395676,0.10161540657281876,0.027636390179395676,0.8509097695350647,0.10350776463747025,0.4560092091560364,0.6843834519386292
1,251,0.06466937065124512,0.02339719608426094,1.485162615776062,0.02642054855823517,0.09679578244686127,0.02642054855823517,0.8275678753852844,0.12468958646059036,0.5256175398826599,0.7096458077430725
1,252,0.06644383072853088,0.02861730195581913,1.1372476816177368,0.026454051956534386,0.09776120632886887,0.026454051956534386,0.8444010019302368,0.11435643583536148,0.5006365180015564,0.7111032605171204
1,253,0.06241965293884277,0.02557622641324997,1.5285866260528564,0.021557563915848732,0.08793468773365021,0.021557563915848732,0.8532475829124451,0.14105339348316193,0.5369769334793091,0.7329244613647461
1,254,0.057715266942977905,0.02008765935897827,1.2869430780410767,0.024758176878094673,0.09524179995059967,0.024758176878094673,0.8535589575767517,0.13544395565986633,0.5278970003128052,0.7086561322212219
1,255,0.05374877154827118,0.018427759408950806,1.4084091186523438,0.021236922591924667,0.08777318149805069,0.021236922591924667,0.8635814189910889,0.14223194122314453,0.5310409665107727,0.7301656603813171
1,256,0.05535687506198883,0.019377749413251877,1.3203556537628174,0.022775566205382347,0.0961487889289856,0.022775566205382347,0.8673312067985535,0.12866102159023285,0.4935566186904907,0.6752119064331055
1,257,0.04408439248800278,0.012349708937108517,1.3065468072891235,0.018669214099645615,0.08594170212745667,0.018669214099645615,0.8862395882606506,0.1331760138273239,0.5128577351570129,0.7165244817733765
1,258,0.06374862790107727,0.028624044731259346,1.038165807723999,0.024742919951677322,0.09886933863162994,0.024742919951677322,0.8609786033630371,0.12196654081344604,0.46689704060554504,0.6701484322547913
1,259,0.04522871971130371,0.012465834617614746,1.092175841331482,0.021841125562787056,0.08819079399108887,0.021841125562787056,0.860496997833252,0.13389813899993896,0.5464991927146912,0.7373161911964417
1,260,0.05898250639438629,0.023950081318616867,1.2669193744659424,0.02236322872340679,0.08756472915410995,0.02236322872340679,0.8532311916351318,0.13384553790092468,0.5465888977050781,0.746461808681488
1,261,0.05809178948402405,0.022580459713935852,1.2541805505752563,0.022969525307416916,0.09233641624450684,0.022969525307416916,0.8618786931037903,0.12865792214870453,0.5162174105644226,0.7134928703308105
1,262,0.05445799604058266,0.015963347628712654,1.561913251876831,0.02287551760673523,0.08761507272720337,0.02287551760673523,0.8523954749107361,0.14784125983715057,0.5646377205848694,0.7440034747123718
1,263,0.057336315512657166,0.019215313717722893,1.3157542943954468,0.024963460862636566,0.09219226241111755,0.024963460862636566,0.8479436039924622,0.13451026380062103,0.5174323916435242,0.728985071182251
1,264,0.04754221439361572,0.01600903831422329,1.0644689798355103,0.02088848687708378,0.08567527681589127,0.02088848687708378,0.8725382685661316,0.14771848917007446,0.5325930714607239,0.7442271709442139
1,265,0.06046440452337265,0.030728474259376526,1.1241447925567627,0.018494481220841408,0.08438055962324142,0.018494481220841408,0.8728662729263306,0.1393698900938034,0.5171957612037659,0.7235449552536011
1,266,0.05407349020242691,0.014479204080998898,1.174633502960205,0.027847949415445328,0.10169827938079834,0.027847949415445328,0.8685353398323059,0.12866541743278503,0.4671992361545563,0.6806390881538391
1,267,0.055818889290094376,0.01517624780535698,1.459707260131836,0.02604556828737259,0.09363950788974762,0.02604556828737259,0.831112265586853,0.13636954128742218,0.5368496179580688,0.7264823913574219
1,268,0.05452711880207062,0.021645864471793175,1.0398434400558472,0.022482817992568016,0.0901530310511589,0.022482817992568016,0.8808247447013855,0.12895847856998444,0.5116115212440491,0.7301196455955505
1,269,0.05725552514195442,0.021126894280314445,1.1822028160095215,0.024306602776050568,0.09481988102197647,0.024306602776050568,0.8726462125778198,0.12535430490970612,0.4914257228374481,0.7024518251419067
1,270,0.057433560490608215,0.02559894137084484,1.1139335632324219,0.020695282146334648,0.08747919648885727,0.020695282146334648,0.8724047541618347,0.14051632583141327,0.533841609954834,0.7314740419387817
1,271,0.04587233439087868,0.019043082371354103,0.9254752993583679,0.017574500292539597,0.07930909842252731,0.017574500292539597,0.8862388730049133,0.15208940207958221,0.558417022228241,0.7601770758628845
1,272,0.06066546216607094,0.027168136090040207,1.1451642513275146,0.02204568311572075,0.0922672376036644,0.02204568311572075,0.869118332862854,0.12636688351631165,0.5072802901268005,0.7114788889884949
1,273,0.06918154656887054,0.033364471048116684,1.0299530029296875,0.0255175419151783,0.09607362002134323,0.0255175419151783,0.8550511598587036,0.12845401465892792,0.4923678934574127,0.7063796520233154
1,274,0.0609089732170105,0.027561092749238014,1.0693130493164062,0.02265475131571293,0.0890493392944336,0.02265475131571293,0.8592134118080139,0.1539781093597412,0.5420881509780884,0.7294291853904724
1,275,0.07478892803192139,0.03697195276618004,1.1746728420257568,0.02607024647295475,0.09851720929145813,0.02607024647295475,0.8476148843765259,0.13968589901924133,0.4988674223423004,0.6886137127876282
1,276,0.06750231981277466,0.029666952788829803,1.0463051795959473,0.027372313663363457,0.1056663915514946,0.027372313663363457,0.8565260171890259,0.11058264225721359,0.45532530546188354,0.656276524066925
1,277,0.07307275384664536,0.035780228674411774,1.3213242292404175,0.024079281836748123,0.09205996245145798,0.024079281836748123,0.8388553857803345,0.12664854526519775,0.5230041146278381,0.7254102230072021
1,278,0.07287143170833588,0.03588666394352913,1.1975127458572388,0.02500964142382145,0.10043323040008545,0.02500964142382145,0.8282130360603333,0.10792891681194305,0.45509228110313416,0.6746411323547363
1,279,0.06542973965406418,0.028584010899066925,1.1686493158340454,0.025159234181046486,0.09786201268434525,0.025159234181046486,0.8628828525543213,0.11527647823095322,0.48701298236846924,0.6990895867347717
1,280,0.07392975687980652,0.0354972779750824,1.2930796146392822,0.025501683354377747,0.096895232796669,0.025501683354377747,0.854806661605835,0.10662473738193512,0.47237905859947205,0.7036375403404236
1,281,0.071310855448246,0.03448031097650528,1.211766242980957,0.024712884798645973,0.09536808729171753,0.024712884798645973,0.847586989402771,0.11271090805530548,0.4792463481426239,0.7126546502113342
1,282,0.06908977031707764,0.02995794266462326,1.1463178396224976,0.027668651193380356,0.10004360973834991,0.027668651193380356,0.8268249034881592,0.12114790081977844,0.48865848779678345,0.6992210149765015
1,283,0.05964600294828415,0.025453316047787666,0.8922713994979858,0.025269972160458565,0.10023060441017151,0.025269972160458565,0.8399542570114136,0.11009492725133896,0.45189857482910156,0.6806552410125732
1,284,0.06806477904319763,0.03038524091243744,1.0678621530532837,0.027000920847058296,0.10368212312459946,0.027000920847058296,0.8225390315055847,0.10988002270460129,0.45597586035728455,0.6698354482650757
1,285,0.0692751556634903,0.025156397372484207,1.0874826908111572,0.03324393182992935,0.118656225502491,0.03324393182992935,0.8166341781616211,0.09128516167402267,0.4137709140777588,0.6253907084465027
1,286,0.06413158774375916,0.023991189897060394,1.127173662185669,0.0288686566054821,0.1061955913901329,0.0288686566054821,0.8398827314376831,0.0988536924123764,0.43368667364120483,0.668988049030304
1,287,0.06572122871875763,0.034900419414043427,1.0396528244018555,0.020424282178282738,0.09002377092838287,0.020424282178282738,0.8635172843933105,0.10254207253456116,0.46723952889442444,0.7210884094238281
1,288,0.058637041598558426,0.0226445272564888,0.9357671737670898,0.02663484215736389,0.1018233522772789,0.02663484215736389,0.8175694346427917,0.10640040785074234,0.46216076612472534,0.7045058608055115
1,289,0.06767046451568604,0.03140968829393387,1.0437184572219849,0.02582359127700329,0.1001507118344307,0.02582359127700329,0.8340520858764648,0.1047130897641182,0.47523632645606995,0.6947810053825378
1,290,0.055397048592567444,0.02018161490559578,0.8684796094894409,0.026530636474490166,0.10448803752660751,0.026530636474490166,0.8461645245552063,0.09920012205839157,0.42617926001548767,0.6656948328018188
1,291,0.06948153674602509,0.02526889741420746,0.8540585041046143,0.03567205369472504,0.1187281683087349,0.03567205369472504,0.8359609842300415,0.10087139904499054,0.42469853162765503,0.6359475255012512
1,292,0.05246514827013016,0.017605707049369812,0.8721461296081543,0.026137981563806534,0.10045398026704788,0.026137981563806534,0.8441948890686035,0.1060970202088356,0.4606141448020935,0.6988874077796936
1,293,0.05580693110823631,0.01978454552590847,0.9723126292228699,0.026299260556697845,0.10294788330793381,0.026299260556697845,0.8438738584518433,0.09350649267435074,0.44230055809020996,0.6903790235519409
1,294,0.06415455788373947,0.025912079960107803,0.8820362091064453,0.02942211553454399,0.11142061650753021,0.02942211553454399,0.8436411619186401,0.08459869772195816,0.3957235813140869,0.6460334658622742
1,295,0.05772631615400314,0.020796971395611763,0.8616677522659302,0.028312666341662407,0.10500676929950714,0.028312666341662407,0.8318350315093994,0.09298469126224518,0.4445790946483612,0.686543345451355
1,296,0.05982465669512749,0.02393362857401371,1.021033763885498,0.02568069100379944,0.09815482795238495,0.02568069100379944,0.8552025556564331,0.09701713919639587,0.4630848467350006,0.7051532864570618
1,297,0.06358854472637177,0.025630053132772446,1.0163562297821045,0.02779492735862732,0.10562054067850113,0.02779492735862732,0.85185706615448,0.09745419025421143,0.45313766598701477,0.6659640073776245
1,298,0.06326272338628769,0.02567276544868946,1.087430477142334,0.026715649291872978,0.10183452814817429,0.026715649291872978,0.8460910320281982,0.10783832520246506,0.47635412216186523,0.6962853670120239
1,299,0.05921895056962967,0.020736537873744965,1.0194082260131836,0.028288332745432854,0.10374101996421814,0.028288332745432854,0.8466850519180298,0.10228903591632843,0.4704993665218353,0.6831608414649963
1,300,0.05310504138469696,0.021256258711218834,0.9264731407165527,0.02258405275642872,0.09473097324371338,0.02258405275642872,0.8722460269927979,0.10707470029592514,0.4659214913845062,0.6962240934371948
1,301,0.051787007600069046,0.018094748258590698,1.0203577280044556,0.023488681763410568,0.09371203184127808,0.023488681763410568,0.8531537652015686,0.11287758499383926,0.5143084526062012,0.7256984114646912
1,302,0.05321232229471207,0.01776801235973835,0.9656378030776978,0.025787929072976112,0.09684213995933533,0.025787929072976112,0.8618534207344055,0.11861712485551834,0.4907609820365906,0.7068017721176147
1,303,0.051555003970861435,0.01849844679236412,0.8944656848907471,0.024111900478601456,0.0984540805220604,0.024111900478601456,0.8640437126159668,0.0982351005077362,0.44505494832992554,0.6833999156951904
1,304,0.04667191207408905,0.015800751745700836,0.9387234449386597,0.021483927965164185,0.09187886118888855,0.021483927965164185,0.87246173620224,0.11308759450912476,0.48328137397766113,0.7021822929382324
1,305,0.056382372975349426,0.019844185560941696,0.9526998996734619,0.027011189609766006,0.10299227386713028,0.027011189609766006,0.8446025848388672,0.10837681591510773,0.45987871289253235,0.6821323037147522
1,306,0.0477396696805954,0.016585463657975197,0.9563275575637817,0.021590927615761757,0.09175481647253036,0.021590927615761757,0.8630673885345459,0.12451640516519547,0.49620288610458374,0.7082676887512207
1,307,0.05009867995977402,0.019412655383348465,1.05832040309906,0.02010282129049301,0.08593283593654633,0.02010282129049301,0.8671968579292297,0.1337432712316513,0.5294828414916992,0.7393763065338135
1,308,0.045263879001140594,0.015591360628604889,0.8940132260322571,0.02073238417506218,0.09011757373809814,0.02073238417506218,0.8877613544464111,0.12249256670475006,0.4919533133506775,0.7048280239105225
1,309,0.051883697509765625,0.01829485036432743,0.9660317897796631,0.023928528651595116,0.09517259150743484,0.023928528651595116,0.8628385066986084,0.1192014068365097,0.4826776385307312,0.6999412775039673
1,310,0.060155052691698074,0.024607105180621147,1.1041173934936523,0.02450677379965782,0.09195124357938766,0.02450677379965782,0.8465147018432617,0.12867647409439087,0.5126706957817078,0.7276129126548767
1,311,0.05132730305194855,0.023318611085414886,1.0646278858184814,0.017362413927912712,0.07882218807935715,0.017362413927912712,0.886103093624115,0.13411079347133636,0.5493324995040894,0.7582476735115051
1,312,0.049223385751247406,0.016437610611319542,1.083500862121582,0.02195076458156109,0.08756881952285767,0.02195076458156109,0.880935549736023,0.12942048907279968,0.5222982168197632,0.740334689617157
1,313,0.055979520082473755,0.023924116045236588,1.0289667844772339,0.02176573872566223,0.08571232110261917,0.02176573872566223,0.8629028797149658,0.1411176323890686,0.5499565005302429,0.7500543594360352
1,314,0.045899294316768646,0.016691556200385094,1.1204421520233154,0.018003318458795547,0.0770067572593689,0.018003318458795547,0.8713861703872681,0.16336295008659363,0.5988380312919617,0.7886534333229065
1,315,0.05042879283428192,0.019329823553562164,1.0173430442810059,0.02092553861439228,0.08597994595766068,0.02092553861439228,0.8822479248046875,0.1454557329416275,0.5390762090682983,0.7457285523414612
1,316,0.06847841292619705,0.03532247617840767,1.085605263710022,0.022299885749816895,0.09087637811899185,0.022299885749816895,0.8676311373710632,0.13350467383861542,0.5019633173942566,0.7223531007766724
1,317,0.04813622683286667,0.013487177900969982,0.9933871626853943,0.024715175852179527,0.09409602731466293,0.024715175852179527,0.8521972298622131,0.13611376285552979,0.5213662981987,0.721248984336853
1,318,0.05219905078411102,0.01930397003889084,1.2010326385498047,0.020884757861495018,0.08387377858161926,0.020884757861495018,0.8612638711929321,0.13885876536369324,0.5626863837242126,0.7722282409667969
1,319,0.04548926651477814,0.01551065780222416,1.1613266468048096,0.018365340307354927,0.08101845532655716,0.018365340307354927,0.8830705285072327,0.13539598882198334,0.5426107048988342,0.7613115310668945
1,320,0.04690634459257126,0.017447078600525856,1.2929898500442505,0.016529366374015808,0.07542669773101807,0.016529366374015808,0.8890240788459778,0.1468796283006668,0.58858323097229,0.7854480743408203
1,321,0.042524099349975586,0.014958944171667099,0.942397952079773,0.01814117655158043,0.07728774100542068,0.01814117655158043,0.8883625268936157,0.1433752179145813,0.5732418298721313,0.7866856455802917
1,322,0.04935964196920395,0.01718505658209324,1.1584420204162598,0.0205901637673378,0.08189135044813156,0.0205901637673378,0.8777074813842773,0.1414158195257187,0.5727590322494507,0.7768169045448303
1,323,0.05501038581132889,0.02039382979273796,1.167370319366455,0.022942854091525078,0.08991863578557968,0.022942854091525078,0.8648325800895691,0.13350090384483337,0.541544497013092,0.7349532246589661
1,324,0.05496302247047424,0.017904557287693024,1.3360025882720947,0.023698441684246063,0.08899454772472382,0.023698441684246063,0.8520190715789795,0.1501740962266922,0.5677953362464905,0.7495080232620239
1,325,0.0568489208817482,0.021921508014202118,1.1244932413101196,0.0236824844032526,0.08867031335830688,0.0236824844032526,0.863079309463501,0.15130861103534698,0.5567747950553894,0.7457742691040039
1,326,0.051751405000686646,0.016480885446071625,1.1894375085830688,0.02337614633142948,0.08776440471410751,0.02337614633142948,0.8603150248527527,0.16248074173927307,0.5725001692771912,0.746500551700592
1,327,0.060171857476234436,0.026920676231384277,1.1792675256729126,0.02145850472152233,0.08451830595731735,0.02145850472152233,0.8757145404815674,0.1691468209028244,0.575644850730896,0.7410714030265808
1,328,0.04830242320895195,0.01676761358976364,1.121809720993042,0.0203167125582695,0.07557875663042068,0.0203167125582695,0.8630114793777466,0.182786762714386,0.6381897330284119,0.8015248775482178
1,329,0.046646036207675934,0.01897341012954712,1.030752420425415,0.017365101724863052,0.07586546242237091,0.017365101724863052,0.9025176763534546,0.16397038102149963,0.5939127802848816,0.7777625322341919
1,330,0.051551125943660736,0.01846797578036785,0.9240260720252991,0.023842889815568924,0.09146498143672943,0.023842889815568924,0.8677071928977966,0.14238031208515167,0.5364295244216919,0.718672513961792
1,331,0.06319639086723328,0.026102563366293907,1.0811887979507446,0.026281937956809998,0.09399659931659698,0.026281937956809998,0.8638463020324707,0.13672558963298798,0.5285873413085938,0.7316451668739319
1,332,0.05419284850358963,0.018559807911515236,1.3347420692443848,0.022285617887973785,0.08481665700674057,0.022285617887973785,0.8705771565437317,0.1525675505399704,0.5609756112098694,0.7607814073562622
1,333,0.053709663450717926,0.02151254191994667,1.1047322750091553,0.02114979922771454,0.07906343042850494,0.02114979922771454,0.859713077545166,0.1571682244539261,0.5997970104217529,0.7930474281311035
1,334,0.049505170434713364,0.015214631333947182,1.206151008605957,0.022229028865695,0.08117938041687012,0.022229028865695,0.8641066551208496,0.15690551698207855,0.5943934917449951,0.7784335017204285
1,335,0.04566902667284012,0.01552149560302496,0.9888155460357666,0.020259374752640724,0.08164382725954056,0.020259374752640724,0.8880798816680908,0.15063582360744476,0.5683847665786743,0.7663013935089111
1,336,0.059048328548669815,0.024209875613451004,1.0663169622421265,0.024175282567739487,0.09126057475805283,0.024175282567739487,0.8766646981239319,0.14449620246887207,0.522774338722229,0.7279158234596252
1,337,0.04884560406208038,0.018290869891643524,1.2037112712860107,0.018517622724175453,0.07761592417955399,0.018517622724175453,0.8755157589912415,0.16912366449832916,0.6061776280403137,0.7824968099594116
1,338,0.04645109921693802,0.01480746641755104,1.3077373504638672,0.018566256389021873,0.0774335041642189,0.018566256389021873,0.8609581589698792,0.1651495397090912,0.6051768064498901,0.7856833338737488
1,339,0.04844720661640167,0.015988990664482117,1.0536795854568481,0.021921418607234955,0.08707831054925919,0.021921418607234955,0.8706459999084473,0.13847501575946808,0.542039155960083,0.7515629529953003
1,340,0.04516587406396866,0.012134788557887077,1.2459828853607178,0.020571259781718254,0.0815490335226059,0.020571259781718254,0.8738751411437988,0.16568350791931152,0.5817902088165283,0.7658373713493347
1,341,0.04622785374522209,0.01563575305044651,1.035172700881958,0.02024037390947342,0.08877646178007126,0.02024037390947342,0.8925631642341614,0.13291999697685242,0.5038219690322876,0.7235434055328369
1,342,0.055362410843372345,0.02065122313797474,1.1477841138839722,0.02323334850370884,0.08968125283718109,0.02323334850370884,0.8696298599243164,0.15346458554267883,0.5555555820465088,0.745573878288269
1,343,0.0540558397769928,0.0192506555467844,1.2388572692871094,0.02241661213338375,0.08912531286478043,0.02241661213338375,0.8768874406814575,0.13037316501140594,0.5298603177070618,0.7371617555618286
1,344,0.04578375816345215,0.01454132329672575,1.221536636352539,0.019027069211006165,0.08277781307697296,0.019027069211006165,0.8765000700950623,0.1405116468667984,0.5502099990844727,0.7616320252418518
1,345,0.050792429596185684,0.016434967517852783,1.3483402729034424,0.020874060690402985,0.08800172805786133,0.020874060690402985,0.8777625560760498,0.13122844696044922,0.5109863877296448,0.7352443933486938
1,346,0.06504944711923599,0.025909777730703354,1.2371861934661865,0.026767807081341743,0.09788413345813751,0.026767807081341743,0.8489549160003662,0.12155043333768845,0.4961867928504944,0.7235631942749023
1,347,0.0493900328874588,0.016896698623895645,1.191547155380249,0.02057786099612713,0.08419113606214523,0.02057786099612713,0.8625361919403076,0.1507679671049118,0.5607438087463379,0.7533774971961975
1,348,0.052172623574733734,0.021326106041669846,1.081249475479126,0.020034024491906166,0.08550263941287994,0.020034024491906166,0.8807075023651123,0.15926320850849152,0.5457237362861633,0.7485193014144897
1,349,0.05791929364204407,0.0195198692381382,1.1500084400177002,0.026899339631199837,0.09640399366617203,0.026899339631199837,0.8492944836616516,0.13058814406394958,0.5173683166503906,0.714592456817627
1,350,0.05118519812822342,0.01783590577542782,1.046123743057251,0.022888053208589554,0.09240883588790894,0.022888053208589554,0.8699366450309753,0.12777544558048248,0.5083088874816895,0.7211981415748596
1,351,0.04479541629552841,0.014719055965542793,1.0905749797821045,0.019170613959431648,0.0838598981499672,0.019170613959431648,0.8838375806808472,0.13975754380226135,0.5243146419525146,0.7510676383972168
1,352,0.05031295865774155,0.01879757270216942,1.211462140083313,0.019400764256715775,0.08196178823709488,0.019400764256715775,0.877711296081543,0.13871003687381744,0.5430535674095154,0.7637236714363098
1,353,0.05152321234345436,0.016092751175165176,1.1145321130752563,0.02428514137864113,0.09142095595598221,0.02428514137864113,0.8549056649208069,0.12455622851848602,0.5327266454696655,0.7520875930786133
1,354,0.05054011195898056,0.017283212393522263,1.113129734992981,0.0221256036311388,0.09342854470014572,0.0221256036311388,0.8559049367904663,0.11297376453876495,0.4860605001449585,0.7172922492027283
1,355,0.049346111714839935,0.016215099021792412,1.1469804048538208,0.02166121080517769,0.08810219168663025,0.02166121080517769,0.8720471858978271,0.13735394179821014,0.5307199358940125,0.7458726167678833
1,356,0.04907534644007683,0.01686577871441841,1.2547328472137451,0.019662238657474518,0.08361868560314178,0.019662238657474518,0.8760176301002502,0.1514214277267456,0.5617937445640564,0.7549066543579102
1,357,0.04654411971569061,0.013498234562575817,1.1186976432800293,0.021858908236026764,0.086922787129879,0.021858908236026764,0.8660097718238831,0.16586318612098694,0.5623360276222229,0.7513883113861084
1,358,0.049338676035404205,0.01786457747220993,1.1704977750778198,0.019769122824072838,0.08145511895418167,0.019769122824072838,0.8661031723022461,0.17278039455413818,0.5656551718711853,0.7542772889137268
1,359,0.04176585376262665,0.01278565265238285,1.0908491611480713,0.01807171292603016,0.07719117403030396,0.01807171292603016,0.8699392676353455,0.17431627213954926,0.6034146547317505,0.7795752882957458
1,360,0.048859596252441406,0.015721436589956284,1.245518445968628,0.02068297751247883,0.08173242211341858,0.02068297751247883,0.8600327968597412,0.15753188729286194,0.587334394454956,0.7738710641860962
1,361,0.046970780938863754,0.015313881449401379,1.2498095035552979,0.019158804789185524,0.08058490604162216,0.019158804789185524,0.8759804964065552,0.15064306557178497,0.5665839910507202,0.7749581933021545
1,362,0.05506551265716553,0.01909673772752285,1.2082324028015137,0.023886453360319138,0.09567747265100479,0.023886453360319138,0.8663626909255981,0.12274091690778732,0.4772973954677582,0.7018966674804688
1,363,0.04867977648973465,0.020107973366975784,1.174429178237915,0.01682751066982746,0.07843146473169327,0.01682751066982746,0.8875136375427246,0.13321439921855927,0.5344486832618713,0.7710332274436951
1,364,0.06559822708368301,0.030404113233089447,1.3796920776367188,0.021397193893790245,0.09280531853437424,0.021397193893790245,0.8682679533958435,0.11184284836053848,0.490937739610672,0.7075875401496887
1,365,0.07003724575042725,0.03083430603146553,1.417759656906128,0.025025349110364914,0.10462425649166107,0.025025349110364914,0.8512212038040161,0.09382051974534988,0.4195452034473419,0.6464155316352844
1,366,0.07073982059955597,0.026743900030851364,1.4391531944274902,0.029604388400912285,0.11144918948411942,0.029604388400912285,0.829881489276886,0.09256286919116974,0.4198918044567108,0.6537066698074341
1,367,0.07473503053188324,0.032176706939935684,1.2453221082687378,0.0301051028072834,0.1151522621512413,0.0301051028072834,0.8169291615486145,0.0877019613981247,0.3901546001434326,0.6278042793273926
1,368,0.06439605355262756,0.024302471429109573,1.04345703125,0.029659012332558632,0.11535172909498215,0.029659012332558632,0.8272233009338379,0.07868542522192001,0.37629982829093933,0.6171939969062805
1,369,0.06577324867248535,0.026997609063982964,1.1912009716033936,0.02686362713575363,0.10943420231342316,0.02686362713575363,0.8074935078620911,0.09226439893245697,0.4089330732822418,0.6341156959533691
1,370,0.07812745124101639,0.02853092923760414,1.4776628017425537,0.034819893538951874,0.12170420587062836,0.034819893538951874,0.7909848690032959,0.0877910628914833,0.3874764144420624,0.6193832755088806
1,371,0.07387957721948624,0.030112527310848236,1.1410365104675293,0.032356686890125275,0.11681873351335526,0.032356686890125275,0.8082484006881714,0.1026289165019989,0.4191824495792389,0.6383070945739746
1,372,0.05943721532821655,0.027085011824965477,1.1533997058868408,0.020818207412958145,0.09292210638523102,0.020818207412958145,0.8756009936332703,0.09662094712257385,0.46309801936149597,0.7084643840789795
1,373,0.07302428781986237,0.03390399366617203,1.4035110473632812,0.02508518658578396,0.0984756126999855,0.02508518658578396,0.8420071601867676,0.0996573194861412,0.46946799755096436,0.7128251194953918
1,374,0.06119127944111824,0.02599066123366356,1.2702676057815552,0.022497940808534622,0.09711853414773941,0.022497940808534622,0.866241455078125,0.09372156858444214,0.44138026237487793,0.6885280609130859
1,375,0.06021702289581299,0.02682136744260788,1.2579238414764404,0.020816415548324585,0.0944884791970253,0.020816415548324585,0.8719058036804199,0.0945463627576828,0.44600316882133484,0.6920394897460938
1,376,0.06483413279056549,0.02859674207866192,1.2962172031402588,0.023275215178728104,0.09737510234117508,0.023275215178728104,0.8596079349517822,0.09302611649036407,0.43533027172088623,0.6954838633537292
1,377,0.05842645466327667,0.021962521597743034,1.4470642805099487,0.02199328877031803,0.09561282396316528,0.02199328877031803,0.8652862906455994,0.08726350218057632,0.43234166502952576,0.7000274062156677
1,378,0.04949374124407768,0.015492432750761509,1.1074156761169434,0.02292715199291706,0.0959605798125267,0.02292715199291706,0.8706607222557068,0.10247252881526947,0.4333791136741638,0.6892170310020447
1,379,0.054602496325969696,0.01576458103954792,1.5493718385696411,0.023344198241829872,0.10162393748760223,0.023344198241829872,0.8564070463180542,0.09398135542869568,0.42219632863998413,0.6700027585029602
1,380,0.05937802791595459,0.02125314436852932,1.2502312660217285,0.025622567161917686,0.10121135413646698,0.025622567161917686,0.8521509170532227,0.10431309044361115,0.4394466280937195,0.683879554271698
1,381,0.0658196210861206,0.026026880368590355,1.5535106658935547,0.024257637560367584,0.0977242961525917,0.024257637560367584,0.8522512316703796,0.11415259540081024,0.46817538142204285,0.6925700902938843
1,382,0.06852766871452332,0.02816951647400856,1.3977985382080078,0.026380164548754692,0.10288365930318832,0.026380164548754692,0.8614935874938965,0.10092764347791672,0.45389610528945923,0.6835806965827942
1,383,0.047081246972084045,0.0167853906750679,1.2403123378753662,0.017892735078930855,0.08460595458745956,0.017892735078930855,0.8926016092300415,0.11569175869226456,0.494027704000473,0.7295747995376587
1,384,0.07645075023174286,0.03835264593362808,1.6704996824264526,0.021393105387687683,0.09237958490848541,0.021393105387687683,0.875286340713501,0.11363092064857483,0.49101653695106506,0.7127684950828552
1,385,0.05505688488483429,0.0212063267827034,1.469887137413025,0.01915168948471546,0.08597481995820999,0.01915168948471546,0.8892292976379395,0.11792591214179993,0.5028969645500183,0.7375197410583496
1,386,0.06784006208181381,0.02064324915409088,2.012187957763672,0.02707493305206299,0.10078898817300797,0.02707493305206299,0.8662369251251221,0.09910524636507034,0.43107369542121887,0.6787989139556885
1,387,0.06656506657600403,0.025986969470977783,1.9982101917266846,0.02059599570930004,0.08834593743085861,0.02059599570930004,0.8734130263328552,0.1195179894566536,0.4954083263874054,0.7331900000572205
1,388,0.06941818445920944,0.023299656808376312,2.422196388244629,0.021896565333008766,0.09033003449440002,0.021896565333008766,0.8634673357009888,0.12780436873435974,0.4957033395767212,0.724839985370636
1,389,0.05788275972008705,0.019524047151207924,1.7084259986877441,0.021274451166391373,0.09067228436470032,0.021274451166391373,0.8854215145111084,0.11701652407646179,0.46959739923477173,0.7128182053565979
1,390,0.07166332006454468,0.019627973437309265,3.1738498210906982,0.020296849310398102,0.08596882969141006,0.020296849310398102,0.8642364144325256,0.11983614414930344,0.5245788097381592,0.7390953302383423
1,391,0.06526854634284973,0.020447364076972008,2.2849974632263184,0.021971214562654495,0.08800427615642548,0.021971214562654495,0.858145534992218,0.1255216747522354,0.5070304870605469,0.737399697303772
1,392,0.06695166975259781,0.030236920341849327,1.4829310178756714,0.02188544161617756,0.09075628221035004,0.02188544161617756,0.879003643989563,0.1157839372754097,0.4875805079936981,0.7138257622718811
1,393,0.06581924855709076,0.020174358040094376,2.1812832355499268,0.023832064121961594,0.09789673984050751,0.023832064121961594,0.8740919232368469,0.11158015578985214,0.447663813829422,0.6860788464546204
1,394,0.0835515707731247,0.029361234977841377,2.5659170150756836,0.028531163930892944,0.1076388731598854,0.028531163930892944,0.8548864722251892,0.10825537890195847,0.4402869939804077,0.6666061282157898
1,395,0.07979822903871536,0.032380566000938416,2.1940011978149414,0.025477653369307518,0.09521732479333878,0.025477653369307518,0.8421308994293213,0.11753525584936142,0.48571428656578064,0.7234825491905212
1,396,0.06866954267024994,0.02876465953886509,1.82817804813385,0.021623101085424423,0.08839196711778641,0.021623101085424423,0.8570613861083984,0.11842364817857742,0.5002955794334412,0.738784909248352
1,397,0.06775113195180893,0.03451700881123543,1.5467963218688965,0.017766159027814865,0.08116695284843445,0.017766159027814865,0.8902595639228821,0.1369079053401947,0.5197680592536926,0.7588673830032349
1,398,0.0718386322259903,0.033213648945093155,1.3112611770629883,0.025512371212244034,0.09714169800281525,0.025512371212244034,0.8618373274803162,0.11049430072307587,0.4716234505176544,0.7170023322105408
1,399,0.07493491470813751,0.04030840843915939,1.6102354526519775,0.018524151295423508,0.07960519939661026,0.018524151295423508,0.8696355223655701,0.13196389377117157,0.5264550447463989,0.7735760807991028
1,400,0.03888615220785141,0.015673713758587837,0.8903200626373291,0.014309238642454147,0.07496991008520126,0.014309238642454147,0.9161887764930725,0.13462470471858978,0.5186440944671631,0.7772396802902222
2,401,0.06326374411582947,0.02765420265495777,1.35286545753479,0.022080890834331512,0.09206816554069519,0.022080890834331512,0.8727569580078125,0.10901098698377609,0.4793720543384552,0.7169858813285828
2,402,0.06884434819221497,0.03637302666902542,0.996914267539978,0.02250218205153942,0.09117183089256287,0.02250218205153942,0.8826938271522522,0.12623706459999084,0.49459847807884216,0.7293948531150818
2,403,0.05716230347752571,0.024644825607538223,1.3386199474334717,0.01913127675652504,0.08949398249387741,0.01913127675652504,0.882274329662323,0.1223130002617836,0.4786229729652405,0.6985008120536804
2,404,0.0686975046992302,0.033140067011117935,1.1464910507202148,0.024092525243759155,0.09833265095949173,0.024092525243759155,0.8591801524162292,0.12017755955457687,0.46295398473739624,0.6824858784675598
2,405,0.05786636471748352,0.02529691718518734,0.9805567860603333,0.022763878107070923,0.0941711887717247,0.022763878107070923,0.8471575379371643,0.10864197462797165,0.4721088409423828,0.7105064392089844
2,406,0.05654638260602951,0.02224799245595932,1.1776076555252075,0.022522317245602608,0.09550635516643524,0.022522317245602608,0.8664801120758057,0.10484544932842255,0.45788082480430603,0.6975076794624329
2,407,0.06585242599248886,0.024165984243154526,1.3892850875854492,0.02779359184205532,0.106944240629673,0.02779359184205532,0.8405274152755737,0.09813724458217621,0.4393918514251709,0.6716203093528748
2,408,0.07733392715454102,0.04136625677347183,1.529321312904358,0.020674463361501694,0.08966895192861557,0.020674463361501694,0.861579418182373,0.11758703738451004,0.5057022571563721,0.7407562732696533
2,409,0.07375582307577133,0.03384571895003319,1.5095148086547852,0.02481495775282383,0.09941569715738297,0.02481495775282383,0.8619446754455566,0.10637155920267105,0.47565391659736633,0.6932260394096375
2,410,0.054032087326049805,0.020990656688809395,1.3955532312393188,0.019085900858044624,0.08624116331338882,0.019085900858044624,0.8858039379119873,0.10773036628961563,0.4754483699798584,0.7301174998283386
2,411,0.0782795250415802,0.04099732264876366,1.276273488998413,0.02451946958899498,0.09630818665027618,0.02451946958899498,0.8437545895576477,0.11735913157463074,0.49732497334480286,0.7104724049568176
2,412,0.059762369841337204,0.026311367750167847,1.3583602905273438,0.01986740157008171,0.08993219584226608,0.01986740157008171,0.8769910931587219,0.11399395763874054,0.4853599965572357,0.7177764177322388
2,413,0.0493163987994194,0.01608988270163536,1.2352311611175537,0.020874204114079475,0.08942994475364685,0.020874204114079475,0.8730106353759766,0.10819828510284424,0.4899223744869232,0.7246357202529907
2,414,0.06847275048494339,0.034384746104478836,1.4695546627044678,0.019392454996705055,0.08422911167144775,0.019392454996705055,0.8726096153259277,0.11981751024723053,0.4978044033050537,0.7524949908256531
2,415,0.06271588057279587,0.018944351002573967,2.113520622253418,0.022636326029896736,0.09627185016870499,0.022636326029896736,0.8724884986877441,0.11870941519737244,0.47382304072380066,0.6807020902633667
2,416,0.0892745703458786,0.05030667409300804,1.639113187789917,0.02257676050066948,0.09063709527254105,0.02257676050066948,0.8531232476234436,0.12826044857501984,0.5284000635147095,0.7251380085945129
2,417,0.07147092372179031,0.032228678464889526,1.6267149448394775,0.022975094616413116,0.09669414162635803,0.022975094616413116,0.8754225969314575,0.10557011514902115,0.46408912539482117,0.6882699728012085
2,418,0.05934332311153412,0.013571366667747498,1.47350013256073,0.031036952510476112,0.11037800461053848,0.031036952510476112,0.8514032363891602,0.09692265838384628,0.4366934299468994,0.6518364548683167
2,419,0.06439249962568283,0.03072872757911682,1.3218202590942383,0.02044556848704815,0.08630235493183136,0.02044556848704815,0.8763523697853088,0.1121719628572464,0.5267027616500854,0.74308180809021
2,420,0.0577138289809227,0.021609481424093246,1.361806869506836,0.022486276924610138,0.09386737644672394,0.022486276924610138,0.8638352155685425,0.11332705616950989,0.46272361278533936,0.6930583119392395
2,421,0.04535321518778801,0.012472501024603844,1.4014573097229004,0.01886614039540291,0.08255063742399216,0.01886614039540291,0.8859686255455017,0.11872712522745132,0.5140500068664551,0.7568389177322388
2,422,0.05006471276283264,0.013105828315019608,1.2083680629730225,0.024875203147530556,0.09308905899524689,0.024875203147530556,0.8511438369750977,0.12418343871831894,0.49660179018974304,0.7304520010948181
2,423,0.058750830590724945,0.021167607977986336,1.4094512462615967,0.023488709703087807,0.09114409983158112,0.023488709703087807,0.8644375801086426,0.12246820330619812,0.5338133573532104,0.7316465973854065
2,424,0.0468628965318203,0.00978088565170765,1.3886343240737915,0.023195669054985046,0.08748194575309753,0.023195669054985046,0.8494532108306885,0.13315442204475403,0.5424236059188843,0.7582576274871826
2,425,0.045842885971069336,0.00969807617366314,1.3729844093322754,0.02241496369242668,0.09306924045085907,0.02241496369242668,0.8727164268493652,0.11839430779218674,0.5002177953720093,0.7203832864761353
2,426,0.08278995752334595,0.042268723249435425,1.7670034170150757,0.02285120263695717,0.09123644977807999,0.02285120263695717,0.8709250092506409,0.13034462928771973,0.5261690020561218,0.7350207567214966
2,427,0.0644792690873146,0.027105845510959625,1.693290114402771,0.02044052444398403,0.08521033078432083,0.02044052444398403,0.8835887312889099,0.13446572422981262,0.5360357165336609,0.7487311363220215
2,428,0.04639752581715584,0.010429253801703453,1.501058578491211,0.020957686007022858,0.08491767942905426,0.020957686007022858,0.8552151322364807,0.15698881447315216,0.5613153576850891,0.7489116787910461
2,429,0.05360344797372818,0.018076978623867035,1.629573106765747,0.019230736419558525,0.07887458056211472,0.019230736419558525,0.8745404481887817,0.16362692415714264,0.5836308002471924,0.7771142721176147
2,430,0.043664511293172836,0.009676513262093067,1.2616634368896484,0.02137136459350586,0.0843009501695633,0.02137136459350586,0.8678089380264282,0.147881880402565,0.5708874464035034,0.7639146447181702
2,431,0.05281937122344971,0.0180827546864748,1.298343300819397,0.021753182634711266,0.08773549646139145,0.021753182634711266,0.8623631000518799,0.1469113975763321,0.5468081831932068,0.7433289289474487
2,432,0.05091468244791031,0.016413455829024315,1.1534067392349243,0.022967161610722542,0.09200859069824219,0.022967161610722542,0.8676614165306091,0.12627828121185303,0.5175085067749023,0.7211031913757324
2,433,0.04599758982658386,0.009840168058872223,1.7075791358947754,0.019081631675362587,0.0804620161652565,0.019081631675362587,0.8764045238494873,0.16394147276878357,0.5946643948554993,0.7721908092498779
2,434,0.050593502819538116,0.01785534992814064,1.1574034690856934,0.021164119243621826,0.08157108724117279,0.021164119243621826,0.8758467435836792,0.1442265808582306,0.5634609460830688,0.7786492109298706
2,435,0.04157126694917679,0.00885086227208376,1.4391118288040161,0.018329285085201263,0.07901416718959808,0.018329285085201263,0.8884710073471069,0.1387755125761032,0.560136079788208,0.7760544419288635
2,436,0.0428973026573658,0.007354980334639549,1.5233994722366333,0.020308326929807663,0.07800953835248947,0.020308326929807663,0.8634604215621948,0.17517849802970886,0.6157410144805908,0.7978416085243225
2,437,0.050380393862724304,0.014573789201676846,1.3918770551681519,0.02188783697783947,0.08591842651367188,0.02188783697783947,0.8736388683319092,0.14445778727531433,0.5509403944015503,0.7548619508743286
2,438,0.037445031106472015,0.00823253020644188,1.178309679031372,0.017429402098059654,0.07843933999538422,0.017429402098059654,0.8896991610527039,0.15389108657836914,0.5747387409210205,0.767962634563446
2,439,0.03838605806231499,0.006819643080234528,1.336282730102539,0.01820358820259571,0.08075301349163055,0.01820358820259571,0.9025874137878418,0.15336233377456665,0.5574439764022827,0.7598527669906616
2,440,0.05844394117593765,0.01908840984106064,1.5425260066986084,0.023930270224809647,0.08980712294578552,0.023930270224809647,0.8650681972503662,0.150294691324234,0.5638507008552551,0.744106113910675
2,441,0.0457305982708931,0.013953128829598427,1.4665613174438477,0.01711185835301876,0.0774948000907898,0.01711185835301876,0.9015837907791138,0.1489522010087967,0.5762909054756165,0.7694836258888245
2,442,0.08007524907588959,0.04667065665125847,1.2837165594100952,0.020567424595355988,0.08182531595230103,0.020567424595355988,0.8771798610687256,0.15377193689346313,0.5786648988723755,0.7724175453186035
2,443,0.040756955742836,0.008493376895785332,1.3369202613830566,0.0188943762332201,0.0793495923280716,0.0188943762332201,0.8843962550163269,0.17087654769420624,0.5841418504714966,0.7740883231163025
2,444,0.03951282799243927,0.00845426507294178,1.34757661819458,0.017582794651389122,0.07636949419975281,0.017582794651389122,0.8970470428466797,0.17104263603687286,0.5983860492706299,0.7856850624084473
2,445,0.03826151788234711,0.007812511175870895,1.2144358158111572,0.018304647877812386,0.07683219015598297,0.018304647877812386,0.8896281719207764,0.18759490549564362,0.6139469742774963,0.781100332736969
2,446,0.05641718581318855,0.022449206560850143,1.3486225605010986,0.02048175409436226,0.08181095123291016,0.02048175409436226,0.8845803737640381,0.16219620406627655,0.575577974319458,0.7654119729995728
2,447,0.04444955661892891,0.013683455064892769,1.5683658123016357,0.015082444064319134,0.06562977284193039,0.015082444064319134,0.8961657881736755,0.18949352204799652,0.6416972875595093,0.8390682339668274
2,448,0.04698341339826584,0.0172631423920393,1.293054461479187,0.016789725050330162,0.07189667224884033,0.016789725050330162,0.9034154415130615,0.18917977809906006,0.616648256778717,0.8020549416542053
2,449,0.03914736211299896,0.008296229876577854,1.3243012428283691,0.017608119174838066,0.07298797369003296,0.017608119174838066,0.8874834179878235,0.20437133312225342,0.6234227418899536,0.7991212010383606
2,450,0.03629593923687935,0.00790793914347887,1.2509691715240479,0.015878308564424515,0.07374978810548782,0.015878308564424515,0.9122740626335144,0.15629172325134277,0.5834445953369141,0.7830440402030945
2,451,0.041577696800231934,0.01154416799545288,1.3267072439193726,0.016766458749771118,0.07166736572980881,0.016766458749771118,0.8950309157371521,0.1942088007926941,0.6247596144676208,0.8001357316970825
2,452,0.04904753714799881,0.017307929694652557,1.6194345951080322,0.015545262955129147,0.07115243375301361,0.015545262955129147,0.9139317870140076,0.1931285858154297,0.6141147017478943,0.7931137084960938
2,453,0.04238256439566612,0.00694406870752573,1.8926098346710205,0.016512397676706314,0.06754057109355927,0.016512397676706314,0.8838444948196411,0.20905761420726776,0.6572094559669495,0.8283050060272217
2,454,0.0504550039768219,0.018722254782915115,1.2124037742614746,0.01960870996117592,0.07688238471746445,0.01960870996117592,0.8779535889625549,0.18536430597305298,0.6117721796035767,0.7797009348869324
2,455,0.05157165974378586,0.009463165886700153,1.6694459915161133,0.025414034724235535,0.09093087911605835,0.025414034724235535,0.8613777160644531,0.15944042801856995,0.5514174699783325,0.7329998016357422
2,456,0.045774564146995544,0.017728693783283234,1.202387809753418,0.01602199487388134,0.06867080926895142,0.01602199487388134,0.8912709951400757,0.21106648445129395,0.6316058039665222,0.8015554547309875
2,457,0.035446085035800934,0.007030317094177008,1.351420283317566,0.014901566319167614,0.06833703815937042,0.014901566319167614,0.9008666276931763,0.21262457966804504,0.6384183764457703,0.8045313358306885
2,458,0.041956283152103424,0.005969854071736336,1.7459648847579956,0.018526779487729073,0.07491668313741684,0.018526779487729073,0.885353147983551,0.2068081498146057,0.6245549321174622,0.7944737076759338
2,459,0.051114119589328766,0.017390882596373558,1.1905970573425293,0.021817268803715706,0.08441400527954102,0.021817268803715706,0.8829295039176941,0.16928158700466156,0.565948486328125,0.7532467246055603
2,460,0.04666706174612045,0.016648348420858383,1.2057652473449707,0.017961064353585243,0.0781203880906105,0.017961064353585243,0.8964477181434631,0.16811487078666687,0.5748895406723022,0.7616347670555115
2,461,0.044564999639987946,0.016183655709028244,1.3531887531280518,0.014849458821117878,0.06930527091026306,0.014849458821117878,0.9111869931221008,0.1886976808309555,0.5984068512916565,0.8028857111930847
2,462,0.03981352597475052,0.006951227318495512,1.2603546380996704,0.02025875262916088,0.07881047576665878,0.02025875262916088,0.8949468731880188,0.17855189740657806,0.5936108827590942,0.7784894108772278
2,463,0.04099949821829796,0.008093698881566525,1.283138394355774,0.02007441595196724,0.0806288942694664,0.02007441595196724,0.8885102272033691,0.1802159547805786,0.580240786075592,0.7573538422584534
2,464,0.035021647810935974,0.0069433050230145454,1.1947784423828125,0.016130557283759117,0.06910912692546844,0.016130557283759117,0.8902925252914429,0.19960860908031464,0.6373124718666077,0.8085997104644775
2,465,0.04107426851987839,0.008270366117358208,1.305145263671875,0.01975245214998722,0.0783984586596489,0.01975245214998722,0.8817117214202881,0.19811011850833893,0.6023361086845398,0.7722291350364685
2,466,0.049133770167827606,0.024159058928489685,1.110177993774414,0.013872933574020863,0.06478968262672424,0.013872933574020863,0.91864413022995,0.19784648716449738,0.6447860598564148,0.8226521611213684
2,467,0.04245661199092865,0.011045468971133232,1.1325348615646362,0.02008579671382904,0.07819968461990356,0.02008579671382904,0.8839006423950195,0.20672588050365448,0.6115669012069702,0.7719845175743103
2,468,0.03552393615245819,0.005902365781366825,1.1360456943511963,0.01826111599802971,0.0744551345705986,0.01826111599802971,0.903203547000885,0.1909692883491516,0.6077063679695129,0.7883206605911255
2,469,0.04658813774585724,0.009658404625952244,1.9330915212631226,0.017598820850253105,0.07135186344385147,0.017598820850253105,0.8863283395767212,0.2187959849834442,0.6473674178123474,0.8072420358657837
2,470,0.04183870926499367,0.006954014766961336,1.6109198331832886,0.018775496631860733,0.07337256520986557,0.018775496631860733,0.8822735548019409,0.2431088238954544,0.6490891575813293,0.8009947538375854
2,471,0.04061269760131836,0.009551003575325012,1.125773549079895,0.019803961738944054,0.07839813083410263,0.019803961738944054,0.8846514225006104,0.20531849563121796,0.5982065796852112,0.7764378190040588
2,472,0.03802677243947983,0.00812559761106968,1.2067725658416748,0.017833448946475983,0.07214360684156418,0.017833448946475983,0.8964029550552368,0.22545135021209717,0.6337673664093018,0.8010945320129395
2,473,0.0403539277613163,0.007461166940629482,1.4458469152450562,0.01843429170548916,0.07725512236356735,0.01843429170548916,0.8995742201805115,0.1934429258108139,0.5924075841903687,0.7763146162033081
2,474,0.03635013848543167,0.006797785870730877,1.5664691925048828,0.013887664303183556,0.06390946358442307,0.013887664303183556,0.9140787124633789,0.2316116988658905,0.6563528776168823,0.8251840472221375
2,475,0.038319606333971024,0.007658334448933601,1.3093228340148926,0.017568044364452362,0.07146171480417252,0.017568044364452362,0.8901347517967224,0.21549421548843384,0.6314718127250671,0.7995802164077759
2,476,0.04354117810726166,0.014960048720240593,1.5171544551849365,0.013409583829343319,0.06056738272309303,0.013409583829343319,0.9101760983467102,0.23087447881698608,0.6740394234657288,0.8389579057693481
2,477,0.03798048570752144,0.008010068908333778,1.5244470834732056,0.014725946821272373,0.06857364624738693,0.014725946821272373,0.9065233469009399,0.20894014835357666,0.6125094890594482,0.802424430847168
2,478,0.03729691356420517,0.007524539716541767,1.3692798614501953,0.016079574823379517,0.06911659985780716,0.016079574823379517,0.9017208218574524,0.2120562195777893,0.63266921043396,0.8070214986801147
2,479,0.05604620277881622,0.023264508694410324,1.3569715023040771,0.01921197585761547,0.07877194881439209,0.01921197585761547,0.8956093788146973,0.19260504841804504,0.580420196056366,0.7731092572212219
2,480,0.044177353382110596,0.01515260711312294,1.0989460945129395,0.0180352833122015,0.07626865059137344,0.0180352833122015,0.8954804539680481,0.19843518733978271,0.6057601571083069,0.7813975214958191
2,481,0.04439639300107956,0.016244713217020035,1.3063645362854004,0.015088033862411976,0.06475143134593964,0.015088033862411976,0.9018852710723877,0.24307119846343994,0.667868435382843,0.8260477781295776
2,482,0.04456187039613724,0.012704098597168922,1.386671543121338,0.01799105852842331,0.07062385231256485,0.01799105852842331,0.8878213763237,0.2467205822467804,0.6535489559173584,0.8070080876350403
2,483,0.0353885293006897,0.006446420680731535,1.1434959173202515,0.017507147043943405,0.070273756980896,0.017507147043943405,0.8947548866271973,0.23491278290748596,0.6521098613739014,0.8064002990722656
2,484,0.04294402524828911,0.015742136165499687,1.283388376235962,0.014368005096912384,0.06468044221401215,0.014368005096912384,0.9114140868186951,0.23005566000938416,0.6395356059074402,0.8239272236824036
2,485,0.052948303520679474,0.02073439210653305,1.3215885162353516,0.018998024985194206,0.07390207797288895,0.018998024985194206,0.8914511203765869,0.2250673919916153,0.6311241388320923,0.8060884475708008
2,486,0.037749458104372025,0.0060208383947610855,1.635141372680664,0.015377205796539783,0.0670417994260788,0.015377205796539783,0.9035254716873169,0.2381860315799713,0.6609015464782715,0.8202369809150696
2,487,0.049634724855422974,0.01907758228480816,1.0404995679855347,0.020152145996689796,0.08087915182113647,0.020152145996689796,0.8903099894523621,0.1818399280309677,0.5747767686843872,0.7578921914100647
2,488,0.041079431772232056,0.006201541516929865,2.05961275100708,0.01428176462650299,0.06567396223545074,0.01428176462650299,0.9064851999282837,0.261129230260849,0.6517813801765442,0.8116536140441895
2,489,0.03760220855474472,0.005573309492319822,1.5078773498535156,0.016950126737356186,0.0709007978439331,0.016950126737356186,0.887735903263092,0.2476503700017929,0.6413886547088623,0.7964050769805908
2,490,0.030447103083133698,0.005084679462015629,1.1714482307434082,0.013647940941154957,0.0636909008026123,0.013647940941154957,0.9151687622070312,0.2415272444486618,0.6544708013534546,0.8239872455596924
2,491,0.047612160444259644,0.014001643285155296,1.5035359859466553,0.018575157970190048,0.07120397686958313,0.018575157970190048,0.8687829375267029,0.2616926431655884,0.6607805490493774,0.8075087666511536
2,492,0.04026954248547554,0.0080050528049469,1.1661765575408936,0.020602725446224213,0.08137119561433792,0.020602725446224213,0.8887287378311157,0.22810086607933044,0.5912765264511108,0.7511462569236755
2,493,0.04630070552229881,0.008333135396242142,1.9617140293121338,0.018350429832935333,0.06823039799928665,0.018350429832935333,0.8624160289764404,0.27724817395210266,0.6880874633789062,0.8248783349990845
2,494,0.03959375247359276,0.008055552840232849,1.342902421951294,0.01810917630791664,0.07357224822044373,0.01810917630791664,0.8637378215789795,0.24070197343826294,0.6317734122276306,0.7879310250282288
2,495,0.04188162833452225,0.01094428263604641,1.4213967323303223,0.016723379492759705,0.07038374245166779,0.016723379492759705,0.8982682228088379,0.23455148935317993,0.6379945874214172,0.7991543412208557
2,496,0.03646150976419449,0.0063090333715081215,1.1781634092330933,0.018370840698480606,0.07912087440490723,0.018370840698480606,0.8895339965820312,0.19889676570892334,0.57036292552948,0.7454397082328796
2,497,0.03966430947184563,0.009730299934744835,1.3813345432281494,0.01612066477537155,0.07172297686338425,0.01612066477537155,0.9029287099838257,0.20856879651546478,0.6100670099258423,0.7882113456726074
2,498,0.03622936084866524,0.008510795421898365,1.2985397577285767,0.01473317015916109,0.06403743475675583,0.01473317015916109,0.8943004608154297,0.25974026322364807,0.6804894208908081,0.8203880786895752
2,499,0.03682320937514305,0.0057379514910280704,1.451904535293579,0.016566213220357895,0.07481718808412552,0.016566213220357895,0.8961197137832642,0.21779747307300568,0.6049778461456299,0.7635867595672607
2,500,0.04457028955221176,0.014601632952690125,1.2684588432312012,0.01728406921029091,0.07329292595386505,0.01728406921029091,0.9060049653053284,0.2037641555070877,0.6282380819320679,0.7915133237838745
2,501,0.04291939362883568,0.009199169464409351,1.6532349586486816,0.017187874764204025,0.07384350895881653,0.017187874764204025,0.8972238302230835,0.19489270448684692,0.6077232360839844,0.7861955761909485
2,502,0.04441366717219353,0.010383803397417068,1.294830322265625,0.021081561222672462,0.07978526502847672,0.021081561222672462,0.8672558665275574,0.1837874799966812,0.6177175045013428,0.7857713103294373
2,503,0.055175334215164185,0.02136823907494545,1.557430386543274,0.018232790753245354,0.07655982673168182,0.018232790753245354,0.8979640007019043,0.17911499738693237,0.5959334969520569,0.7778691649436951
2,504,0.047273606061935425,0.01211562380194664,1.748404860496521,0.017673935741186142,0.07399231195449829,0.017673935741186142,0.8761063814163208,0.19091756641864777,0.6389583349227905,0.7973125576972961
2,505,0.051161281764507294,0.01831837370991707,1.3006502389907837,0.019836407154798508,0.08140277862548828,0.019836407154798508,0.8902313709259033,0.1662183254957199,0.580065131187439,0.7567605972290039
2,506,0.048493821173906326,0.013061615638434887,1.7618627548217773,0.017813578248023987,0.07677292823791504,0.017813578248023987,0.901241660118103,0.17232929170131683,0.5967282652854919,0.7727001905441284
2,507,0.05885256081819534,0.013782186433672905,3.062957763671875,0.014440799131989479,0.06756114214658737,0.014440799131989479,0.9118666052818298,0.19036060571670532,0.6295422911643982,0.8118585348129272
2,508,0.040417253971099854,0.009641170501708984,1.2610893249511719,0.018165187910199165,0.07631688565015793,0.018165187910199165,0.8962920904159546,0.17989897727966309,0.5988214015960693,0.7801450490951538
2,509,0.03858218342065811,0.00869678519666195,1.6947979927062988,0.01293741911649704,0.06349872052669525,0.01293741911649704,0.9181849360466003,0.2044587880373001,0.6635376811027527,0.8213552236557007
2,510,0.04849488288164139,0.019133033230900764,1.273022174835205,0.016631629317998886,0.0711570531129837,0.016631629317998886,0.8863354325294495,0.19641999900341034,0.638433575630188,0.7998079657554626
2,511,0.0448557510972023,0.013660063967108727,1.2425456047058105,0.018770229071378708,0.07608217746019363,0.018770229071378708,0.8922816514968872,0.1965756118297577,0.6129264235496521,0.7845379710197449
2,512,0.05763188377022743,0.027231276035308838,1.3725099563598633,0.01667550951242447,0.07314363867044449,0.01667550951242447,0.8971704244613647,0.19812925159931183,0.624738335609436,0.7926478385925293
2,513,0.03139049559831619,0.008185261860489845,1.2148319482803345,0.011056914925575256,0.06102527305483818,0.011056914925575256,0.9307743310928345,0.1878468096256256,0.6393754482269287,0.8227614164352417
2,514,0.042059801518917084,0.007829839363694191,1.4880932569503784,0.019349029287695885,0.07722213864326477,0.019349029287695885,0.8778741955757141,0.19574300944805145,0.6177200078964233,0.7846696376800537
2,515,0.04916082322597504,0.01994178630411625,1.366992473602295,0.015549112111330032,0.06716172397136688,0.015549112111330032,0.9021344184875488,0.20599141716957092,0.6713992953300476,0.8276249170303345
2,516,0.037483252584934235,0.009154608473181725,1.465540885925293,0.013673235662281513,0.06865529716014862,0.013673235662281513,0.9245069026947021,0.15898950397968292,0.6056841015815735,0.8038031458854675
2,517,0.04357631504535675,0.015493053942918777,1.5314311981201172,0.012768952175974846,0.06435348093509674,0.012768952175974846,0.9303127527236938,0.15766368806362152,0.6232886910438538,0.8327381014823914
2,518,0.052763931453228,0.023831695318222046,1.4431931972503662,0.014500304125249386,0.06731061637401581,0.014500304125249386,0.9076382517814636,0.15995410084724426,0.6172690987586975,0.828514039516449
2,519,0.06153932958841324,0.02704867161810398,1.8970874547958374,0.015519781038165092,0.07294445484876633,0.015519781038165092,0.9089874029159546,0.14027538895606995,0.5838353633880615,0.8020654320716858
2,520,0.04116953909397125,0.012544749304652214,1.5301731824874878,0.01332305558025837,0.06654279679059982,0.01332305558025837,0.9115394353866577,0.16762696206569672,0.6138995885848999,0.8222750425338745
2,521,0.04761558026075363,0.021334277465939522,1.1801702976226807,0.014479598961770535,0.07292166352272034,0.014479598961770535,0.9149494171142578,0.1402166485786438,0.5647258162498474,0.792823314666748
2,522,0.04420077055692673,0.015195697546005249,1.5493030548095703,0.013512042351067066,0.07108287513256073,0.013512042351067066,0.9184171557426453,0.14680084586143494,0.5706126093864441,0.7886720895767212
2,523,0.04533790051937103,0.01588648185133934,1.4070494174957275,0.015380926430225372,0.07663103938102722,0.015380926430225372,0.9087192416191101,0.12484197318553925,0.5390012860298157,0.77597975730896
2,524,0.07085307687520981,0.03777091205120087,1.2408525943756104,0.020673638209700584,0.0896950289607048,0.020673638209700584,0.8818678855895996,0.11628083884716034,0.4860645830631256,0.7285257577896118
2,525,0.043272897601127625,0.013587431982159615,1.210945963859558,0.017576003447175026,0.08614705502986908,0.017576003447175026,0.9009068608283997,0.1225486770272255,0.4861469864845276,0.7075859904289246
2,526,0.05410612374544144,0.021643657237291336,1.1013129949569702,0.021449336782097816,0.09072556346654892,0.021449336782097816,0.8584030866622925,0.1285071074962616,0.49176108837127686,0.7266069650650024
2,527,0.047486819326877594,0.01608620584011078,1.2894140481948853,0.018506471067667007,0.08236651867628098,0.018506471067667007,0.8898971676826477,0.13568389415740967,0.5479635000228882,0.7551367878913879
2,528,0.047687578946352005,0.01465350016951561,1.2293864488601685,0.020740214735269547,0.08758407831192017,0.020740214735269547,0.8783931732177734,0.12752430140972137,0.507915735244751,0.7314884066581726
2,529,0.04487365484237671,0.014830650761723518,1.199307918548584,0.018049925565719604,0.08383648097515106,0.018049925565719604,0.8970271944999695,0.1288885474205017,0.5186499357223511,0.7334641814231873
2,530,0.060632944107055664,0.02862970530986786,1.3445167541503906,0.018558070063591003,0.07548025995492935,0.018558070063591003,0.8747677206993103,0.17547956109046936,0.6126325130462646,0.8038869500160217
2,531,0.0439285971224308,0.01484790351241827,1.3785688877105713,0.015295006334781647,0.07286819815635681,0.015295006334781647,0.9009636640548706,0.17631258070468903,0.5788766741752625,0.7819902300834656
2,532,0.04582245647907257,0.015964874997735023,1.3813669681549072,0.01604391075670719,0.07114570587873459,0.01604391075670719,0.9052276015281677,0.17040063440799713,0.6062203645706177,0.8061412572860718
2,533,0.044438399374485016,0.013610043562948704,1.1102044582366943,0.019726309925317764,0.07831401377916336,0.019726309925317764,0.8710901737213135,0.15596556663513184,0.5992777943611145,0.7937772274017334
2,534,0.04927423596382141,0.02188100852072239,1.2587661743164062,0.014805564656853676,0.07250728458166122,0.014805564656853676,0.906377911567688,0.15932203829288483,0.5754842758178711,0.7904358506202698
2,535,0.046372782438993454,0.018616609275341034,1.1559019088745117,0.01619715429842472,0.07672978937625885,0.01619715429842472,0.9049075841903687,0.15018852055072784,0.5475492477416992,0.7711213231086731
2,536,0.05234116315841675,0.024459926411509514,1.1333292722702026,0.016547946259379387,0.07502570748329163,0.016547946259379387,0.8923784494400024,0.16075246036052704,0.5747877359390259,0.7870885133743286
2,537,0.04407110810279846,0.014834621921181679,1.0620094537734985,0.018616391345858574,0.08009424060583115,0.018616391345858574,0.8843869566917419,0.1512882560491562,0.5699545741081238,0.7699428200721741
2,538,0.05021452158689499,0.019636861979961395,1.1940522193908691,0.01863713562488556,0.0773678869009018,0.01863713562488556,0.8792749643325806,0.15934301912784576,0.5852791666984558,0.7890543341636658
2,539,0.05613606050610542,0.02473779208958149,1.2600557804107666,0.01879771053791046,0.08252955228090286,0.01879771053791046,0.9022848606109619,0.1416149139404297,0.5267080664634705,0.7612422108650208
2,540,0.05942513048648834,0.02628779038786888,1.352785587310791,0.01960948295891285,0.0785253643989563,0.01960948295891285,0.878366231918335,0.16685448586940765,0.5909844040870667,0.7915810346603394
2,541,0.04357757791876793,0.015353577211499214,1.3799595832824707,0.014424406923353672,0.0689653530716896,0.014424406923353672,0.9155784249305725,0.16952663660049438,0.6019231677055359,0.8082133531570435
2,542,0.04999931529164314,0.016453875228762627,1.51163911819458,0.018429048359394073,0.07510299235582352,0.018429048359394073,0.8763782978057861,0.1778801828622818,0.6240207552909851,0.7985599040985107
2,543,0.04547383636236191,0.017305301502346992,1.2803430557250977,0.01536510419100523,0.06953537464141846,0.01536510419100523,0.9084188938140869,0.17170847952365875,0.6224028468132019,0.8132737874984741
2,544,0.05981116741895676,0.027385184541344643,1.3994996547698975,0.018430985510349274,0.07664007693529129,0.018430985510349274,0.8867517113685608,0.17692092061042786,0.59579998254776,0.7843095660209656
2,545,0.056838519871234894,0.028841614723205566,1.2430793046951294,0.015566112473607063,0.07135967165231705,0.015566112473607063,0.9015070199966431,0.17172102630138397,0.6012461185455322,0.8062177896499634
2,546,0.047886915504932404,0.017207028344273567,1.3593358993530273,0.01708652637898922,0.07450845092535019,0.01708652637898922,0.895265519618988,0.16603268682956696,0.591363787651062,0.7888137698173523
2,547,0.03863246738910675,0.012521357275545597,1.0380542278289795,0.015730567276477814,0.07239635288715363,0.015730567276477814,0.9021631479263306,0.16641336679458618,0.589043915271759,0.7873722314834595
2,548,0.04503629356622696,0.012995809316635132,1.3851408958435059,0.018189074471592903,0.07759226113557816,0.018189074471592903,0.8892399072647095,0.15544261038303375,0.5826223492622375,0.7853814959526062
2,549,0.04416649788618088,0.013763903640210629,1.3410842418670654,0.01699175499379635,0.07770156115293503,0.01699175499379635,0.9116708040237427,0.15415048599243164,0.5656740069389343,0.7639188766479492
2,550,0.03716307133436203,0.013046429492533207,1.158881664276123,0.012527823448181152,0.06637351214885712,0.012527823448181152,0.9280880093574524,0.16627445816993713,0.6051770448684692,0.8132354021072388
2,551,0.05233072489500046,0.02241378091275692,1.259253978729248,0.017324404790997505,0.07897690683603287,0.017324404790997505,0.9091125726699829,0.1355356127023697,0.5403120517730713,0.7637060880661011
2,552,0.05186251550912857,0.023392297327518463,1.074961543083191,0.017720600590109825,0.07553911954164505,0.017720600590109825,0.9034040570259094,0.1644100546836853,0.5892788171768188,0.7909919619560242
2,553,0.04947696626186371,0.017214754596352577,1.4082361459732056,0.01817985065281391,0.07467812299728394,0.01817985065281391,0.8944488167762756,0.16524475812911987,0.6093059778213501,0.8006292581558228
2,554,0.046887971460819244,0.016663556918501854,1.187427043914795,0.018350141122937202,0.07605273276567459,0.018350141122937202,0.8933004140853882,0.17875808477401733,0.599178671836853,0.7874564528465271
2,555,0.05926959961652756,0.02604534849524498,1.434091329574585,0.018883341923356056,0.07800129055976868,0.018883341923356056,0.8874949216842651,0.17410483956336975,0.5907653570175171,0.778251588344574
2,556,0.03970365226268768,0.014127779752016068,1.1367976665496826,0.01420789398252964,0.06789015978574753,0.01420789398252964,0.9130922555923462,0.1801997423171997,0.594876229763031,0.8085106611251831
2,557,0.03685658425092697,0.009928101673722267,1.208552360534668,0.014842959120869637,0.07224062830209732,0.014842959120869637,0.9214504957199097,0.16105502843856812,0.5779857039451599,0.7882561087608337
2,558,0.04234475642442703,0.010121103376150131,1.2963520288467407,0.019260134547948837,0.07721241563558578,0.019260134547948837,0.8824487924575806,0.18037952482700348,0.6103115081787109,0.7880415320396423
2,559,0.05133211985230446,0.020089954137802124,1.2035884857177734,0.019206281751394272,0.07771655917167664,0.019206281751394272,0.8998168706893921,0.16847893595695496,0.5875515341758728,0.7800275087356567
2,560,0.03877979516983032,0.009103537537157536,1.2797436714172363,0.016878819093108177,0.07094290107488632,0.016878819093108177,0.8958631753921509,0.2117849886417389,0.638459324836731,0.8037942051887512
2,561,0.055647071450948715,0.026594549417495728,1.5346152782440186,0.013706367462873459,0.06504350900650024,0.013706367462873459,0.9155704975128174,0.2026887834072113,0.6513655781745911,0.8197783827781677
2,562,0.041577789932489395,0.013828477822244167,1.3896479606628418,0.013852833770215511,0.0630582645535469,0.013852833770215511,0.9027248620986938,0.22105669975280762,0.6741756796836853,0.8336271047592163
2,563,0.043467529118061066,0.011701123788952827,1.6706080436706543,0.01506032608449459,0.06283888965845108,0.01506032608449459,0.8978052139282227,0.23326879739761353,0.7015742063522339,0.8420742750167847
2,564,0.03651744872331619,0.008802597410976887,1.1303472518920898,0.016411377117037773,0.06552821397781372,0.016411377117037773,0.8776997327804565,0.25129270553588867,0.6958329081535339,0.8315421342849731
2,565,0.04217546805739403,0.013744251802563667,1.0981414318084717,0.01744980178773403,0.0721811056137085,0.01744980178773403,0.8897488713264465,0.20265910029411316,0.6268914341926575,0.8005674481391907
2,566,0.04021289199590683,0.008606450632214546,1.1979782581329346,0.019626660272479057,0.0765848234295845,0.019626660272479057,0.8719715476036072,0.22028301656246185,0.6338948607444763,0.7975741028785706
2,567,0.03491922467947006,0.007924775592982769,1.3323379755020142,0.013671068474650383,0.06640464812517166,0.013671068474650383,0.9156794548034668,0.16607052087783813,0.6112124919891357,0.8235637545585632
2,568,0.03963076323270798,0.009638175368309021,1.2177162170410156,0.017815424129366875,0.07611872255802155,0.017815424129366875,0.9059072732925415,0.1653016209602356,0.5841864943504333,0.7916994690895081
2,569,0.04197930917143822,0.018625298514962196,1.258811354637146,0.010765898041427135,0.057727668434381485,0.010765898041427135,0.9261975884437561,0.2004433125257492,0.6810820698738098,0.8465122580528259
2,570,0.03807622566819191,0.012735105119645596,1.1070598363876343,0.014270520769059658,0.0686219334602356,0.014270520769059658,0.9187065362930298,0.18502794206142426,0.624142050743103,0.8022359013557434
2,571,0.03845801204442978,0.00943029299378395,1.3961430788040161,0.015066289342939854,0.06526420265436172,0.015066289342939854,0.9009667038917542,0.21153031289577484,0.6631744503974915,0.8348574042320251
2,572,0.03629001975059509,0.011371523141860962,1.4206435680389404,0.010712060146033764,0.06070198863744736,0.010712060146033764,0.9284091591835022,0.1954273283481598,0.6435959339141846,0.8259584903717041
2,573,0.031798105686903,0.006370753049850464,1.1388375759124756,0.014038977213203907,0.06698168814182281,0.014038977213203907,0.9213132858276367,0.18679766356945038,0.6257990598678589,0.8173743486404419
2,574,0.042483024299144745,0.011921367608010769,1.3860816955566406,0.01670084148645401,0.07324723154306412,0.01670084148645401,0.8927175998687744,0.19604292511940002,0.6203219294548035,0.7861167192459106
2,575,0.035383954644203186,0.0063559734262526035,1.3795359134674072,0.015232620760798454,0.06554476916790009,0.015232620760798454,0.8987218737602234,0.20929782092571259,0.673753023147583,0.82813560962677
2,576,0.04243580251932144,0.014614077284932137,1.1034047603607178,0.016787678003311157,0.07251973450183868,0.016787678003311157,0.908565878868103,0.1848526895046234,0.6123998165130615,0.7920106053352356
2,577,0.03947190195322037,0.011517698876559734,1.5646549463272095,0.012307656928896904,0.05861044302582741,0.012307656928896904,0.9197681546211243,0.22425919771194458,0.6922633647918701,0.8554133772850037
2,578,0.04486778378486633,0.01527048647403717,1.1336774826049805,0.018260525539517403,0.07635574787855148,0.018260525539517403,0.9001215100288391,0.18777614831924438,0.5965471863746643,0.77000492811203
2,579,0.03913114592432976,0.012894083745777607,1.1244821548461914,0.014992239885032177,0.06947436928749084,0.014992239885032177,0.919666588306427,0.18503154814243317,0.6113559603691101,0.8020914196968079
2,580,0.035344965755939484,0.007562229409813881,1.1105880737304688,0.016676856204867363,0.0732225701212883,0.016676856204867363,0.9106820821762085,0.17336490750312805,0.6088319420814514,0.788674533367157
2,581,0.03828657418489456,0.010521267540752888,1.1628764867782593,0.016136541962623596,0.06845087558031082,0.016136541962623596,0.9062021374702454,0.20028077065944672,0.6389464735984802,0.8170332312583923
2,582,0.04836754500865936,0.01762395165860653,1.3972678184509277,0.01677091233432293,0.07186204940080643,0.01677091233432293,0.9059183597564697,0.19721254706382751,0.620121955871582,0.7982578277587891
2,583,0.043201133608818054,0.012608484365046024,1.3195648193359375,0.017397001385688782,0.07286110520362854,0.017397001385688782,0.8926101922988892,0.18722616136074066,0.6141314506530762,0.8058006763458252
2,584,0.036232009530067444,0.009446810930967331,1.281369924545288,0.013971499167382717,0.06352296471595764,0.013971499167382717,0.9065456390380859,0.2025907337665558,0.6654080152511597,0.8395217061042786
2,585,0.04443308338522911,0.01263945922255516,1.2391924858093262,0.01940169930458069,0.07810164242982864,0.01940169930458069,0.8983370065689087,0.1727236658334732,0.6093564033508301,0.7778512239456177
2,586,0.038318999111652374,0.00895909033715725,1.1308832168579102,0.01805107668042183,0.07378246635198593,0.01805107668042183,0.8871970176696777,0.18233270943164825,0.6169938445091248,0.7991116046905518
2,587,0.04239688068628311,0.01431426964700222,1.0620834827423096,0.017461776733398438,0.07398424297571182,0.017461776733398438,0.9031977653503418,0.18773570656776428,0.619097888469696,0.7864685654640198
2,588,0.03795715421438217,0.007906919345259666,1.1133959293365479,0.01891627535223961,0.07776926457881927,0.01891627535223961,0.8958653211593628,0.20494729280471802,0.6116045713424683,0.7690711617469788
2,589,0.04918330907821655,0.015993742272257805,1.4489483833312988,0.01870008558034897,0.07534626126289368,0.01870008558034897,0.8905917406082153,0.20720313489437103,0.6165611743927002,0.7837553024291992
2,590,0.04063968360424042,0.014329521916806698,1.1318961381912231,0.01499120332300663,0.06768377125263214,0.01499120332300663,0.9147497415542603,0.18759532272815704,0.6367201805114746,0.8095722198486328
2,591,0.03398161381483078,0.009071124717593193,1.0522809028625488,0.01438768021762371,0.06782987713813782,0.01438768021762371,0.9192892909049988,0.19792614877223969,0.6386884450912476,0.8073985576629639
2,592,0.04335511103272438,0.015615664422512054,1.095625400543213,0.01678319275379181,0.07239935547113419,0.01678319275379181,0.9033048152923584,0.19099441170692444,0.6153048872947693,0.7988138198852539
2,593,0.038622282445430756,0.012642262503504753,1.076818823814392,0.015211831778287888,0.06919008493423462,0.015211831778287888,0.8969912528991699,0.21896904706954956,0.6445009708404541,0.7990819215774536
2,594,0.041531581431627274,0.015496882610023022,1.0690723657608032,0.015343975275754929,0.07049571722745895,0.015343975275754929,0.9157820343971252,0.18371428549289703,0.6054285764694214,0.7967857122421265
2,595,0.046630214899778366,0.018775366246700287,1.2474102973937988,0.015380745753645897,0.07055079191923141,0.015380745753645897,0.9132117629051208,0.18705865740776062,0.620111346244812,0.7991580367088318
2,596,0.05978125333786011,0.03072883002460003,1.4717841148376465,0.014334579929709435,0.07150091975927353,0.014334579929709435,0.9124358892440796,0.17658047378063202,0.5937469005584717,0.7847802639007568
2,597,0.0552302747964859,0.022800708189606667,1.0969767570495605,0.021459797397255898,0.0881214514374733,0.021459797397255898,0.8936547636985779,0.14524127542972565,0.5269883871078491,0.7351707220077515
2,598,0.045754168182611465,0.01770147494971752,1.4353076219558716,0.013699617236852646,0.0666000097990036,0.013699617236852646,0.9083976149559021,0.1797918826341629,0.6258350610733032,0.8169963955879211
2,599,0.047180965542793274,0.016509871929883957,1.149137020111084,0.019179724156856537,0.07623117417097092,0.019179724156856537,0.8886501789093018,0.1884584277868271,0.6108958721160889,0.7923325300216675
2,600,0.041298627853393555,0.011776254512369633,1.0184592008590698,0.01933778077363968,0.08430149406194687,0.01933778077363968,0.8988652229309082,0.15190236270427704,0.5342426300048828,0.7399138808250427
2,601,0.042374465614557266,0.014163054525852203,1.0741969347000122,0.017469441518187523,0.07942059636116028,0.017469441518187523,0.902819037437439,0.14400921761989594,0.5544546842575073,0.7571428418159485
2,602,0.043723829090595245,0.016436409205198288,1.0366361141204834,0.016921058297157288,0.07729022204875946,0.016921058297157288,0.8985939025878906,0.1554168164730072,0.58318030834198,0.7775247693061829
2,603,0.041981279850006104,0.0141775356605649,1.0418261289596558,0.017385484650731087,0.07172495871782303,0.017385484650731087,0.8808857202529907,0.1805381327867508,0.6466195583343506,0.8134762048721313
2,604,0.04326487332582474,0.0119391568005085,0.960080087184906,0.021724915131926537,0.08435896039009094,0.021724915131926537,0.8716369867324829,0.1724362075328827,0.5951026678085327,0.7635299563407898
2,605,0.04489908367395401,0.013395261019468307,0.9382928609848022,0.022120893001556396,0.08632612228393555,0.022120893001556396,0.8803467750549316,0.1654173582792282,0.5615311861038208,0.7427406907081604
2,606,0.05074184387922287,0.018989108502864838,1.0407463312149048,0.02134527452290058,0.08266457915306091,0.02134527452290058,0.8719369173049927,0.18102721869945526,0.593741238117218,0.7641734480857849
2,607,0.042143724858760834,0.013491282239556313,1.0549501180648804,0.018102940171957016,0.07657822221517563,0.018102940171957016,0.885491669178009,0.17502544820308685,0.6051577925682068,0.7803189754486084
2,608,0.0397116057574749,0.012964310124516487,0.9545698761940002,0.01720159687101841,0.07620524615049362,0.01720159687101841,0.9005861878395081,0.1564357727766037,0.5711782574653625,0.7851198315620422
2,609,0.03665114939212799,0.011562656611204147,1.060953140258789,0.014478963799774647,0.07277008146047592,0.014478963799774647,0.9096194505691528,0.1457081288099289,0.5755894780158997,0.7837879657745361
2,610,0.03471897915005684,0.010579446330666542,1.0134351253509521,0.014005180448293686,0.07140945643186569,0.014005180448293686,0.9197173118591309,0.15954919159412384,0.5747182369232178,0.7826987504959106
2,611,0.04789203405380249,0.01918417029082775,1.017845630645752,0.018529407680034637,0.07804663479328156,0.018529407680034637,0.8978209495544434,0.16381987929344177,0.5940852761268616,0.7773856520652771
2,612,0.04644390195608139,0.019812067970633507,1.0804779529571533,0.015827054157853127,0.07239635288715363,0.015827054157853127,0.9043850898742676,0.1540561318397522,0.5952964425086975,0.8029677271842957
2,613,0.03863588720560074,0.01344616711139679,1.0746018886566162,0.014443702064454556,0.07070837914943695,0.014443702064454556,0.9155452251434326,0.14926894009113312,0.576701819896698,0.797639012336731
2,614,0.046923041343688965,0.01522667147219181,1.0527960062026978,0.021168408915400505,0.08256838470697403,0.021168408915400505,0.8648208975791931,0.17087529599666595,0.5889487862586975,0.767484724521637
2,615,0.04152403771877289,0.011353489942848682,0.9469600915908813,0.02070094458758831,0.0882885605096817,0.02070094458758831,0.8945956230163574,0.14028073847293854,0.5269189476966858,0.7240582704544067
2,616,0.0407320111989975,0.012397052720189095,1.1950814723968506,0.016384141519665718,0.07623418420553207,0.016384141519665718,0.9038535952568054,0.15423253178596497,0.5763037204742432,0.7708671689033508
2,617,0.04631190747022629,0.01830083318054676,1.1036008596420288,0.01697506755590439,0.07820884138345718,0.01697506755590439,0.9085171818733215,0.15647369623184204,0.5555555820465088,0.7584033608436584
2,618,0.04268334060907364,0.013771332800388336,1.2058079242706299,0.016853926703333855,0.07030102610588074,0.016853926703333855,0.8909949660301208,0.18931423127651215,0.6363290548324585,0.8172138333320618
2,619,0.04611068218946457,0.016391906887292862,1.1559116840362549,0.01815965585410595,0.07391167432069778,0.01815965585410595,0.883772611618042,0.203385591506958,0.6352676749229431,0.7994877696037292
2,620,0.04849393665790558,0.0202025156468153,1.166405439376831,0.016627369448542595,0.07553542405366898,0.016627369448542595,0.9101604223251343,0.14845511317253113,0.567211925983429,0.7794983386993408
2,621,0.03580754995346069,0.00875551626086235,1.0637400150299072,0.016414634883403778,0.07233314961194992,0.016414634883403778,0.9082470536231995,0.15402047336101532,0.5943427681922913,0.7995635271072388
2,622,0.04634907841682434,0.014805404469370842,1.278078556060791,0.01876288838684559,0.0797211080789566,0.01876288838684559,0.8990851640701294,0.16075478494167328,0.5837382674217224,0.7611758708953857
2,623,0.04216621816158295,0.013371413573622704,1.3461179733276367,0.015333626419305801,0.06868968158960342,0.015333626419305801,0.9028468728065491,0.1692672222852707,0.617371678352356,0.8179611563682556
2,624,0.054224543273448944,0.02222210355103016,1.3813620805740356,0.01818881742656231,0.076333187520504,0.01818881742656231,0.8941752910614014,0.1709246188402176,0.5828375220298767,0.7821096181869507
2,625,0.04259491711854935,0.014810942113399506,1.291619062423706,0.014867783524096012,0.07089191675186157,0.014867783524096012,0.9070723056793213,0.18320314586162567,0.5944096446037292,0.7935575246810913
2,626,0.04263709485530853,0.011876994743943214,1.0139100551605225,0.020620999857783318,0.08387421816587448,0.020620999857783318,0.8818730115890503,0.1686623990535736,0.56947922706604,0.7451034784317017
2,627,0.04208366945385933,0.013311726972460747,1.2087066173553467,0.01668487675487995,0.07709794491529465,0.01668487675487995,0.9099705815315247,0.16209349036216736,0.5520470142364502,0.7629210352897644
2,628,0.04098235443234444,0.01641317456960678,1.2266764640808105,0.012302414514124393,0.0628959909081459,0.012302414514124393,0.9240646362304688,0.18857142329216003,0.6424489617347717,0.8253741264343262
2,629,0.04126068204641342,0.011949203908443451,1.1169369220733643,0.018142106011509895,0.07788431644439697,0.018142106011509895,0.9006545543670654,0.18546637892723083,0.5804927349090576,0.7633250951766968
2,630,0.04728725552558899,0.01771814189851284,1.2005119323730469,0.017563993111252785,0.07379304617643356,0.017563993111252785,0.8988655209541321,0.18388143181800842,0.6273406744003296,0.7932905554771423
2,631,0.044037558138370514,0.017194073647260666,1.2265299558639526,0.014578187838196754,0.07093571871519089,0.014578187838196754,0.9194021821022034,0.15898406505584717,0.5889266133308411,0.7897623181343079
2,632,0.04618749022483826,0.018827643245458603,1.3353195190429688,0.014006651937961578,0.0630483478307724,0.014006651937961578,0.9109144806861877,0.18811409175395966,0.6689096689224243,0.8379682302474976
2,633,0.04233039170503616,0.013147066347301006,1.3651893138885498,0.015531432814896107,0.07135371118783951,0.015531432814896107,0.908057689666748,0.17820163071155548,0.6060724258422852,0.7954846024513245
2,634,0.048450276255607605,0.019771989434957504,1.3733274936676025,0.014945011585950851,0.0690869688987732,0.014945011585950851,0.9115703105926514,0.17242839932441711,0.6089645624160767,0.8157939314842224
2,635,0.059205301105976105,0.02972532995045185,1.4324233531951904,0.015155738219618797,0.0700974389910698,0.015155738219618797,0.9021698832511902,0.1669980138540268,0.603578507900238,0.8076682686805725
2,636,0.0542776919901371,0.023728270083665848,1.2126357555389404,0.018423065543174744,0.08024201542139053,0.018423065543174744,0.9032284021377563,0.14486639201641083,0.551671028137207,0.763646125793457
2,637,0.06657014787197113,0.029423106461763382,1.6638848781585693,0.020508188754320145,0.08561854809522629,0.020508188754320145,0.8773216605186462,0.13790522515773773,0.520354688167572,0.7373179197311401
2,638,0.06231728941202164,0.02600918896496296,1.6259464025497437,0.020048635080456734,0.08442369103431702,0.020048635080456734,0.8906304836273193,0.14013254642486572,0.5253313779830933,0.75014728307724
2,639,0.0821923017501831,0.04232824593782425,2.1320571899414062,0.018543485552072525,0.0860503688454628,0.018543485552072525,0.8896498680114746,0.12448007613420486,0.49996218085289,0.7234364151954651
2,640,0.08792756497859955,0.04461803287267685,2.0279812812805176,0.023029718548059464,0.09640834480524063,0.023029718548059464,0.8762290477752686,0.11781076341867447,0.45018553733825684,0.6795918345451355
2,641,0.07253888994455338,0.03391006588935852,1.7568496465682983,0.02106032706797123,0.09081865847110748,0.02106032706797123,0.8733087778091431,0.12052498012781143,0.4888339042663574,0.7216381430625916
2,642,0.09766940772533417,0.04476619511842728,2.4501922130584717,0.028401292860507965,0.10808731615543365,0.028401292860507965,0.8373081684112549,0.10223875194787979,0.43863487243652344,0.663166344165802
2,643,0.08417707681655884,0.03800852596759796,2.3481483459472656,0.022687073796987534,0.09403715282678604,0.022687073796987534,0.853484034538269,0.10386201739311218,0.4750656187534332,0.7191600799560547
2,644,0.06678077578544617,0.02803018130362034,1.5673084259033203,0.023077508434653282,0.09880270063877106,0.023077508434653282,0.8739022612571716,0.09684654325246811,0.42761996388435364,0.6754111647605896
2,645,0.08089987188577652,0.03659864887595177,1.9917271137237549,0.02438395656645298,0.10496973991394043,0.02438395656645298,0.8646133542060852,0.09090005606412888,0.4075104296207428,0.6370951533317566
2,646,0.06233486533164978,0.023406242951750755,1.3432867527008057,0.025495756417512894,0.10361737012863159,0.025495756417512894,0.8443417549133301,0.09687522053718567,0.4186774790287018,0.6655278205871582
2,647,0.07097923755645752,0.028848063200712204,1.8358502388000488,0.023772668093442917,0.09985604882240295,0.023772668093442917,0.8598862290382385,0.10467098653316498,0.44773268699645996,0.6876236200332642
2,648,0.07212433964014053,0.03828238323330879,1.325777292251587,0.02058418281376362,0.0939151719212532,0.02058418281376362,0.8672747611999512,0.10175025463104248,0.46550339460372925,0.6959267854690552
2,649,0.06273950636386871,0.025991443544626236,1.549059510231018,0.021257471293210983,0.09413319081068039,0.021257471293210983,0.8771899342536926,0.11139418184757233,0.4569772481918335,0.6960065960884094
2,650,0.0788135901093483,0.04165898263454437,1.3203445672988892,0.02395116165280342,0.10082713514566422,0.02395116165280342,0.8700727820396423,0.10420245677232742,0.4377560317516327,0.6721289753913879
2,651,0.09080721437931061,0.05269394442439079,1.265518307685852,0.025458093732595444,0.10347399860620499,0.025458093732595444,0.8515596985816956,0.09899749606847763,0.4153766632080078,0.6709420680999756
2,652,0.0662945955991745,0.034520041197538376,1.3403551578521729,0.01837099716067314,0.08851457387208939,0.01837099716067314,0.8932037353515625,0.10312984138727188,0.46129530668258667,0.717880368232727
2,653,0.05064807087182999,0.017424726858735085,1.015559434890747,0.02306775003671646,0.1001126617193222,0.02306775003671646,0.8770524263381958,0.08699502795934677,0.4004359841346741,0.6616935729980469
2,654,0.06367307901382446,0.028934020549058914,1.1965889930725098,0.02277316525578499,0.09265438467264175,0.02277316525578499,0.8561699986457825,0.1184714138507843,0.4847511947154999,0.7284849882125854
2,655,0.06876824051141739,0.03303991258144379,1.044023036956787,0.02528809942305088,0.1015794426202774,0.02528809942305088,0.86476731300354,0.11318110674619675,0.46508944034576416,0.6764487624168396
2,656,0.08264747262001038,0.04484149068593979,1.367696762084961,0.02412901632487774,0.09602390229701996,0.02412901632487774,0.857431948184967,0.1280282735824585,0.4962496757507324,0.7140270471572876
2,657,0.0701524019241333,0.038319896906614304,0.9897762537002563,0.021934740245342255,0.0927627757191658,0.021934740245342255,0.878145158290863,0.11185798794031143,0.47125235199928284,0.7140246629714966
2,658,0.05359748378396034,0.019958684220910072,1.1917961835861206,0.02172083780169487,0.09349612891674042,0.02172083780169487,0.8654677867889404,0.11777836084365845,0.4822741448879242,0.7045036554336548
2,659,0.0639083981513977,0.03285165876150131,0.9550048112869263,0.021506691351532936,0.09582070261240005,0.021506691351532936,0.8643633723258972,0.10712718963623047,0.46041497588157654,0.6824421882629395
2,660,0.0668560341000557,0.03351929038763046,1.1079297065734863,0.022257447242736816,0.0964493602514267,0.022257447242736816,0.8745633959770203,0.11032532155513763,0.45621705055236816,0.6898546814918518
2,661,0.053719185292720795,0.018344372510910034,1.2566806077957153,0.022808009758591652,0.09631804376840591,0.022808009758591652,0.8626554608345032,0.11440212279558182,0.4709952771663666,0.6996701955795288
2,662,0.058990053832530975,0.022372251376509666,1.0553840398788452,0.026063965633511543,0.1072801947593689,0.026063965633511543,0.8515446186065674,0.09475147724151611,0.4287104606628418,0.648939847946167
2,663,0.07520975172519684,0.03992771729826927,1.0343921184539795,0.024938110262155533,0.10730615258216858,0.024938110262155533,0.8858170509338379,0.08244394510984421,0.37530598044395447,0.6420248746871948
2,664,0.06660589575767517,0.030771318823099136,1.4855375289916992,0.020979207009077072,0.09062441438436508,0.020979207009077072,0.8587263226509094,0.1150200292468071,0.4965287148952484,0.7194259166717529
2,665,0.05225983262062073,0.022014640271663666,1.1297500133514404,0.01894768886268139,0.08607100695371628,0.01894768886268139,0.8872509598731995,0.1191941425204277,0.49062269926071167,0.736849844455719
2,666,0.052957989275455475,0.01987525448203087,1.2409849166870117,0.020672889426350594,0.08630689978599548,0.020672889426350594,0.8546893000602722,0.11718513816595078,0.5250679850578308,0.7575254440307617
2,667,0.04832519218325615,0.01834515668451786,1.3074101209640503,0.016905933618545532,0.0811246708035469,0.016905933618545532,0.8915023803710938,0.1322878897190094,0.5183525681495667,0.7501866817474365
2,668,0.05137505382299423,0.019673272967338562,1.1948754787445068,0.019753029569983482,0.08709701150655746,0.019753029569983482,0.8861520290374756,0.13372646272182465,0.5250142812728882,0.7298205494880676
2,669,0.05236917734146118,0.01814911887049675,1.254300832748413,0.0216770488768816,0.0915975570678711,0.0216770488768816,0.8617543578147888,0.13195903599262238,0.4847032427787781,0.7195377945899963
2,670,0.053500741720199585,0.022023165598511696,1.1372013092041016,0.02010556310415268,0.09225872904062271,0.02010556310415268,0.8831506371498108,0.10958468914031982,0.4695465862751007,0.7058683633804321
2,671,0.05513451620936394,0.02514657750725746,1.0517053604125977,0.019470885396003723,0.08809815347194672,0.019470885396003723,0.8959710597991943,0.1136799156665802,0.48315510153770447,0.7236199378967285
2,672,0.054791733622550964,0.02375207096338272,1.1321001052856445,0.019718660041689873,0.08736396580934525,0.019718660041689873,0.8879099488258362,0.118384949862957,0.5075320601463318,0.7329898476600647
2,673,0.06812047958374023,0.03537686541676521,1.520050287246704,0.017543114721775055,0.08017297089099884,0.017543114721775055,0.8859164714813232,0.1221126988530159,0.5393555760383606,0.7679123282432556
2,674,0.049923818558454514,0.018959788605570793,1.071706771850586,0.02024696208536625,0.08647839725017548,0.02024696208536625,0.8848791122436523,0.11122994869947433,0.5162719488143921,0.7480519413948059
2,675,0.05033963546156883,0.01883702352643013,1.1531234979629517,0.01997137814760208,0.08596576005220413,0.01997137814760208,0.8773626685142517,0.11968404799699783,0.5316210985183716,0.7589057087898254
2,676,0.05174001678824425,0.018180184066295624,1.305240273475647,0.020507430657744408,0.08840375393629074,0.020507430657744408,0.8713346719741821,0.11228609830141068,0.5061206221580505,0.7401140928268433
2,677,0.0466301292181015,0.017381273210048676,1.1913530826568604,0.017335327342152596,0.07847700268030167,0.017335327342152596,0.891061544418335,0.14565248787403107,0.5682408809661865,0.7811289429664612
2,678,0.07188794016838074,0.04497469961643219,1.2433792352676392,0.014479446224868298,0.07050969451665878,0.014479446224868298,0.9043785333633423,0.15493035316467285,0.5873258709907532,0.8038787245750427
2,679,0.047755125910043716,0.01663050800561905,1.3339123725891113,0.017785493284463882,0.08190042525529861,0.017785493284463882,0.8936622738838196,0.13478611409664154,0.5267689228057861,0.7524885535240173
2,680,0.08214140683412552,0.04846182465553284,1.7076630592346191,0.016602957621216774,0.07954835891723633,0.016602957621216774,0.9109638929367065,0.12027017027139664,0.5154331922531128,0.7642530202865601
2,681,0.04907524213194847,0.016397826373577118,1.3922374248504639,0.01875504106283188,0.07697148621082306,0.01875504106283188,0.8763623833656311,0.14902684092521667,0.5873934626579285,0.7960819005966187
2,682,0.045428864657878876,0.018530912697315216,1.3405275344848633,0.013492675498127937,0.0704994648694992,0.013492675498127937,0.9111067056655884,0.14523997902870178,0.5788040161132812,0.800521969795227
2,683,0.06910009682178497,0.034302446991205215,1.7217549085617065,0.017580103129148483,0.07838835567235947,0.017580103129148483,0.8953088521957397,0.15069089829921722,0.5836144089698792,0.7821238040924072
2,684,0.051808781921863556,0.018443115055561066,1.4265201091766357,0.01910046488046646,0.08448736369609833,0.01910046488046646,0.899532675743103,0.13283361494541168,0.5363897681236267,0.7438333630561829
2,685,0.07034442573785782,0.0391317643225193,1.5965888500213623,0.015246774069964886,0.0732429027557373,0.015246774069964886,0.9110293984413147,0.1473270207643509,0.5592108964920044,0.79581618309021
2,686,0.047944072633981705,0.01476597785949707,1.437349557876587,0.018804598599672318,0.07902469485998154,0.018804598599672318,0.8953567743301392,0.13666315376758575,0.5392066240310669,0.7830126285552979
2,687,0.05340792238712311,0.018795553594827652,1.4287407398223877,0.020324962213635445,0.07888396829366684,0.020324962213635445,0.8849528431892395,0.15275676548480988,0.5769971013069153,0.7958201766014099
2,688,0.03895100951194763,0.00980378407984972,1.2692843675613403,0.016454380005598068,0.07436418533325195,0.016454380005598068,0.8973830342292786,0.14977715909481049,0.5772343277931213,0.7837203741073608
2,689,0.05092689022421837,0.012888415716588497,1.883186936378479,0.019206605851650238,0.08403485268354416,0.019206605851650238,0.8870266675949097,0.12810927629470825,0.5414571166038513,0.7543835639953613
2,690,0.04314747452735901,0.013277185149490833,1.3110859394073486,0.01675943098962307,0.07825727760791779,0.01675943098962307,0.8991971015930176,0.1461181938648224,0.5654785633087158,0.7702957987785339
2,691,0.05659759044647217,0.02445412613451481,1.5891499519348145,0.01625196635723114,0.07593801617622375,0.01625196635723114,0.9088619351387024,0.1501554250717163,0.565954864025116,0.7819299697875977
2,692,0.04071985185146332,0.01027658674865961,1.395143985748291,0.016491828486323357,0.07319460809230804,0.016491828486323357,0.9029948115348816,0.15450310707092285,0.5915443301200867,0.7961603403091431
2,693,0.056084271520376205,0.021805722266435623,1.6508044004440308,0.01777050644159317,0.0747646912932396,0.01777050644159317,0.8978238701820374,0.17067530751228333,0.5989163517951965,0.7919915318489075
2,694,0.05292971432209015,0.023188259452581406,1.3265457153320312,0.016475999727845192,0.07175004482269287,0.016475999727845192,0.9056788682937622,0.17877444624900818,0.6073458790779114,0.8029858469963074
2,695,0.03874710202217102,0.010797319933772087,1.2193572521209717,0.015756210312247276,0.07465110719203949,0.015756210312247276,0.9167250394821167,0.1368674635887146,0.5462994575500488,0.7820998430252075
2,696,0.04699597880244255,0.013563516549766064,1.6805152893066406,0.01662730798125267,0.07687597721815109,0.01662730798125267,0.9006591439247131,0.1468537449836731,0.5534013509750366,0.77049320936203
2,697,0.0546562634408474,0.021223247051239014,1.4508135318756104,0.018924880772829056,0.0854630246758461,0.018924880772829056,0.8961665630340576,0.153590589761734,0.514439046382904,0.7265525460243225
2,698,0.043211810290813446,0.010802136734127998,1.4508261680603027,0.017901413142681122,0.0741237923502922,0.017901413142681122,0.8877802491188049,0.19921311736106873,0.6308877468109131,0.80084228515625
2,699,0.03601818159222603,0.008045492693781853,1.3580167293548584,0.014392521232366562,0.06820734590291977,0.014392521232366562,0.911134660243988,0.1786489635705948,0.6355065107345581,0.8118603229522705
2,700,0.051070235669612885,0.0223220307379961,1.4678406715393066,0.014069800265133381,0.06883329898118973,0.014069800265133381,0.9136359095573425,0.16381502151489258,0.6146498918533325,0.8096612095832825
2,701,0.06096543371677399,0.03197094053030014,1.5006256103515625,0.013988238759338856,0.06683195382356644,0.013988238759338856,0.9178470373153687,0.1745271235704422,0.6325908303260803,0.8140866160392761
2,702,0.045034922659397125,0.011296680197119713,1.8559030294418335,0.01517921220511198,0.06902150809764862,0.01517921220511198,0.9055972099304199,0.20604395866394043,0.6370011568069458,0.8003181219100952
2,703,0.06345250457525253,0.03146013244986534,1.6636649370193481,0.015355722978711128,0.06662612408399582,0.015355722978711128,0.8998987078666687,0.22923904657363892,0.6657810211181641,0.8205599784851074
2,704,0.03948083147406578,0.00844353623688221,1.4206103086471558,0.01683119311928749,0.06916508078575134,0.01683119311928749,0.8860979080200195,0.20328760147094727,0.6526726484298706,0.8177034258842468
2,705,0.04202669486403465,0.01115457620471716,1.386876106262207,0.017003357410430908,0.07606231421232224,0.017003357410430908,0.9098473787307739,0.17975465953350067,0.5691103935241699,0.7710808515548706
2,706,0.05470757186412811,0.024342503398656845,1.1560072898864746,0.018804997205734253,0.07478044927120209,0.018804997205734253,0.8847733736038208,0.1899358332157135,0.622289776802063,0.801013171672821
2,707,0.046602800488471985,0.015973780304193497,1.3279253244400024,0.017349770292639732,0.07550785690546036,0.017349770292639732,0.9011712074279785,0.18066363036632538,0.5877991318702698,0.7780795693397522
2,708,0.04472307860851288,0.011758210137486458,1.765810489654541,0.015306764282286167,0.06952010095119476,0.015306764282286167,0.9021897315979004,0.18906055390834808,0.62436842918396,0.8097679018974304
2,709,0.044225968420505524,0.013171648606657982,1.3600850105285645,0.017453471198678017,0.07325652986764908,0.017453471198678017,0.8831760883331299,0.20440475642681122,0.6440476179122925,0.8011904954910278
2,710,0.035126641392707825,0.009009137749671936,1.175898790359497,0.014358517713844776,0.0686492994427681,0.014358517713844776,0.9153549671173096,0.17709305882453918,0.6114223599433899,0.8099128603935242
2,711,0.06874716281890869,0.03647200018167496,1.535944938659668,0.016915714368224144,0.07182123512029648,0.016915714368224144,0.8897639513015747,0.17930403351783752,0.6509615182876587,0.8141025900840759
2,712,0.04298686608672142,0.013418881222605705,1.2568767070770264,0.016999218612909317,0.07516728341579437,0.016999218612909317,0.905837893486023,0.18140463531017303,0.5955307483673096,0.7784517407417297
2,713,0.061390623450279236,0.030993517488241196,1.1238298416137695,0.019158808514475822,0.07975248992443085,0.019158808514475822,0.9097269773483276,0.16563938558101654,0.573847234249115,0.7717874646186829
2,714,0.03777679055929184,0.011613767594099045,1.4042699337005615,0.012120325118303299,0.06122225150465965,0.012120325118303299,0.9275181293487549,0.19832661747932434,0.6539097428321838,0.8446441292762756
2,715,0.04120030999183655,0.009125787764787674,1.8357813358306885,0.01371670886874199,0.06482399255037308,0.01371670886874199,0.9131460785865784,0.20440673828125,0.6542360782623291,0.821557879447937
2,716,0.057961590588092804,0.021482720971107483,1.7763968706130981,0.01871490105986595,0.07812635600566864,0.01871490105986595,0.8948289155960083,0.17239201068878174,0.5914080142974854,0.7789623141288757
2,717,0.03921344876289368,0.011550548486411572,1.445899486541748,0.013203906826674938,0.06592416763305664,0.013203906826674938,0.9192601442337036,0.1784396469593048,0.6186742186546326,0.8222851753234863
2,718,0.051507461816072464,0.023127436637878418,1.3982844352722168,0.014397182501852512,0.06539925932884216,0.014397182501852512,0.9045329093933105,0.21083183586597443,0.6515353918075562,0.8285250067710876
2,719,0.045378588140010834,0.014056619256734848,1.337022066116333,0.01795174926519394,0.07593968510627747,0.01795174926519394,0.8967174291610718,0.18859370052814484,0.6086541414260864,0.7847597599029541
2,720,0.05304279178380966,0.02198934368789196,1.3173117637634277,0.017880331724882126,0.07616019248962402,0.017880331724882126,0.9003559947013855,0.18527261912822723,0.5943496823310852,0.7866280674934387
2,721,0.044026948511600494,0.012694889679551125,1.5410927534103394,0.015921132639050484,0.06965808570384979,0.015921132639050484,0.9002070426940918,0.2132055163383484,0.635025680065155,0.8113016486167908
2,722,0.05246475711464882,0.022273888811469078,1.3831546306610107,0.016359321773052216,0.0695740357041359,0.016359321773052216,0.8866631388664246,0.23721647262573242,0.6475825905799866,0.810535192489624
2,723,0.04366344213485718,0.011523555032908916,1.6535141468048096,0.015604747459292412,0.06859319657087326,0.015604747459292412,0.9037749767303467,0.2212885171175003,0.652052104473114,0.808245062828064
2,724,0.05971268564462662,0.030775416642427444,1.1961679458618164,0.016975589096546173,0.07333490252494812,0.016975589096546173,0.9078904390335083,0.1858753114938736,0.612606406211853,0.7940341830253601
2,725,0.041949860751628876,0.012602930888533592,1.2174959182739258,0.01717197149991989,0.07647686451673508,0.01717197149991989,0.9142737984657288,0.1678423136472702,0.5820423364639282,0.7746061086654663
2,726,0.04941852390766144,0.017622051760554314,1.574891209602356,0.016047557815909386,0.06573023647069931,0.016047557815909386,0.9019296765327454,0.23241503536701202,0.6722995638847351,0.8316292762756348
2,727,0.03850340098142624,0.011020093224942684,1.1428778171539307,0.016054531559348106,0.07253465056419373,0.016054531559348106,0.9060819149017334,0.17134225368499756,0.5917134284973145,0.7972234487533569
2,728,0.04793611913919449,0.015999794006347656,1.5070347785949707,0.016865979880094528,0.07032425701618195,0.016865979880094528,0.8991822600364685,0.22519999742507935,0.6370857357978821,0.8062857389450073
2,729,0.050604596734046936,0.019865376874804497,1.5772881507873535,0.014966338872909546,0.07307875901460648,0.014966338872909546,0.9200601577758789,0.18254996836185455,0.5786454677581787,0.7641561627388
2,730,0.05437159165740013,0.02604828216135502,1.3108047246932983,0.015215263701975346,0.06725582480430603,0.015215263701975346,0.9076226353645325,0.22135847806930542,0.64483243227005,0.8122849464416504
2,731,0.03834385424852371,0.009949845261871815,1.5295653343200684,0.013098354451358318,0.06224772706627846,0.013098354451358318,0.9111871719360352,0.2392888069152832,0.6664403080940247,0.8304111361503601
2,732,0.05173977464437485,0.023303523659706116,1.3006359338760376,0.01542989257723093,0.07035136222839355,0.01542989257723093,0.917466938495636,0.20629850029945374,0.6134185194969177,0.8029819130897522
2,733,0.05790068581700325,0.0278919767588377,1.4901926517486572,0.01510678231716156,0.06882847100496292,0.01510678231716156,0.9190099835395813,0.20685197412967682,0.6007326245307922,0.7976011037826538
2,734,0.0377780944108963,0.009868940338492393,1.3182728290557861,0.0147264264523983,0.06537578254938126,0.0147264264523983,0.9050537347793579,0.22670656442642212,0.6650894284248352,0.8241597414016724
2,735,0.0426441989839077,0.013658151030540466,1.7664828300476074,0.011321221478283405,0.05977274477481842,0.011321221478283405,0.932603120803833,0.2180575132369995,0.658730149269104,0.838441014289856
2,736,0.04924510791897774,0.018448278307914734,1.75351881980896,0.01326164323836565,0.061562713235616684,0.01326164323836565,0.9200385212898254,0.2237979918718338,0.6680733561515808,0.8416464924812317
2,737,0.06227286532521248,0.02713795006275177,1.6798982620239258,0.018335934728384018,0.07372228801250458,0.018335934728384018,0.8954187035560608,0.20015132427215576,0.6281725168228149,0.8012242913246155
2,738,0.0581032931804657,0.02294999361038208,1.8197726011276245,0.016955573111772537,0.07198740541934967,0.016955573111772537,0.88470858335495,0.18844102323055267,0.6304683089256287,0.7996443510055542
2,739,0.0644618421792984,0.03974248468875885,1.2716326713562012,0.012003027833998203,0.06199119985103607,0.012003027833998203,0.9261067509651184,0.20517903566360474,0.6425473690032959,0.8228843808174133
2,740,0.058286137878894806,0.02465609461069107,1.8609328269958496,0.015020712278783321,0.06885876506567001,0.015020712278783321,0.9155229330062866,0.19429123401641846,0.6143133044242859,0.8099834322929382
2,741,0.051078274846076965,0.022242076694965363,1.5572352409362793,0.013263843022286892,0.06448709964752197,0.013263843022286892,0.9209558367729187,0.20252224802970886,0.6350148320198059,0.8235481381416321
2,742,0.04270777106285095,0.012499351054430008,1.5365846157073975,0.014842572622001171,0.06526309251785278,0.014842572622001171,0.9016523361206055,0.22011958062648773,0.6623323559761047,0.8296859860420227
2,743,0.04362494498491287,0.012007737532258034,1.716977596282959,0.014447432942688465,0.06762527674436569,0.014447432942688465,0.9188850522041321,0.19507965445518494,0.6229444742202759,0.8040210604667664
2,744,0.040226973593235016,0.011535021476447582,1.3104257583618164,0.015587695874273777,0.06750724464654922,0.015587695874273777,0.9110671281814575,0.2205333411693573,0.6387190818786621,0.815059244632721
2,745,0.0638345256447792,0.03277536854147911,1.6793876886367798,0.014265279285609722,0.0679905116558075,0.014265279285609722,0.9111917614936829,0.1935328245162964,0.6216752529144287,0.8080223202705383
2,746,0.046824246644973755,0.017675578594207764,1.5253887176513672,0.013894779607653618,0.06606636941432953,0.013894779607653618,0.9176985621452332,0.19327348470687866,0.631602942943573,0.823380172252655
2,747,0.04112699627876282,0.010989496484398842,1.4394807815551758,0.015742691233754158,0.06947547197341919,0.015742691233754158,0.915703535079956,0.19143721461296082,0.6295949220657349,0.8066166639328003
2,748,0.04839041829109192,0.013858923688530922,1.9123739004135132,0.015407755970954895,0.07168982923030853,0.015407755970954895,0.899503231048584,0.20032180845737457,0.612343430519104,0.7892196178436279
2,749,0.062220312654972076,0.027183925732970238,2.2227392196655273,0.01280899252742529,0.06404635310173035,0.01280899252742529,0.9177572131156921,0.2111358642578125,0.6363347172737122,0.8192809224128723
2,750,0.048326969146728516,0.016978899016976357,1.8859575986862183,0.01248849369585514,0.06309008598327637,0.01248849369585514,0.9254409074783325,0.20696617662906647,0.633350133895874,0.8219754099845886
2,751,0.04105459153652191,0.01129237748682499,1.4550740718841553,0.015211472287774086,0.06547558307647705,0.015211472287774086,0.8976630568504333,0.20662058889865875,0.6524450182914734,0.8258587718009949
2,752,0.05785197764635086,0.02066187933087349,1.7481961250305176,0.019708139821887016,0.0749264508485794,0.019708139821887016,0.8723167777061462,0.21797090768814087,0.6390437483787537,0.7914503812789917
2,753,0.04265261068940163,0.01101570762693882,1.7679345607757568,0.013957558199763298,0.063056081533432,0.013957558199763298,0.9090590476989746,0.2372639775276184,0.6593635082244873,0.8333333134651184
2,754,0.05365125834941864,0.019726073369383812,1.7977516651153564,0.015947669744491577,0.07022344321012497,0.015947669744491577,0.9047559499740601,0.20809409022331238,0.6136285066604614,0.8008993268013
2,755,0.0552518405020237,0.02529020607471466,1.6575261354446411,0.013386373408138752,0.06572259962558746,0.013386373408138752,0.9239951372146606,0.20706921815872192,0.6223858594894409,0.8164212107658386
2,756,0.039783164858818054,0.010108192451298237,1.3537318706512451,0.016137652099132538,0.07222308218479156,0.016137652099132538,0.9168161749839783,0.19976375997066498,0.606170117855072,0.7948165535926819
2,757,0.05971069261431694,0.029160451143980026,1.898291826248169,0.011567325331270695,0.05898771062493324,0.011567325331270695,0.9261406660079956,0.20607374608516693,0.6730089783668518,0.8489618897438049
2,758,0.042719099670648575,0.013554014265537262,1.606001853942871,0.013105066493153572,0.06496036797761917,0.013105066493153572,0.9234908223152161,0.19235394895076752,0.6212418675422668,0.8139122724533081
2,759,0.06079189479351044,0.02832132577896118,2.0470352172851562,0.012000218965113163,0.0587720088660717,0.012000218965113163,0.9187178015708923,0.26072096824645996,0.6915887594223022,0.8303871750831604
2,760,0.05016505718231201,0.013191793113946915,2.1011741161346436,0.015961524099111557,0.0688394084572792,0.015961524099111557,0.9025003910064697,0.20522387325763702,0.6352421641349792,0.8107675909996033
2,761,0.047118157148361206,0.012688243761658669,1.7750084400177002,0.016679827123880386,0.07066217064857483,0.016679827123880386,0.9037459492683411,0.19831085205078125,0.6213172674179077,0.8063375949859619
2,762,0.03959333524107933,0.009993316605687141,1.535571813583374,0.014244302175939083,0.06354650855064392,0.014244302175939083,0.9151797890663147,0.21249546110630035,0.666649341583252,0.8428727388381958
2,763,0.04605870693922043,0.017983322963118553,1.5449860095977783,0.012625522911548615,0.05903373286128044,0.012625522911548615,0.9205354452133179,0.2271047681570053,0.6889886856079102,0.8434995412826538
2,764,0.03847332298755646,0.009213365614414215,1.3733994960784912,0.01552596129477024,0.07298281788825989,0.01552596129477024,0.9222494959831238,0.175369992852211,0.580170214176178,0.7849091291427612
2,765,0.04638425260782242,0.018038179725408554,1.5204943418502808,0.013141127303242683,0.06299275904893875,0.013141127303242683,0.9239252209663391,0.20669864118099213,0.6513876914978027,0.8293890953063965
2,766,0.06899498403072357,0.028728041797876358,2.3051655292510986,0.017215292900800705,0.0748109221458435,0.017215292900800705,0.8998656868934631,0.1802125722169876,0.602922797203064,0.7818068265914917
2,767,0.061782389879226685,0.03247183933854103,1.8164498805999756,0.011146051809191704,0.05616733804345131,0.011146051809191704,0.9169700145721436,0.2086072862148285,0.7066646814346313,0.8643156290054321
2,768,0.053225837647914886,0.02178073301911354,1.5380902290344238,0.016064206138253212,0.06996577233076096,0.016064206138253212,0.9054509401321411,0.18551401793956757,0.6281041502952576,0.8072096109390259
2,769,0.05586933344602585,0.019354285672307014,1.9160264730453491,0.017354784533381462,0.07064943760633469,0.017354784533381462,0.8901335000991821,0.2091018706560135,0.6491862535476685,0.8075346350669861
2,770,0.062105923891067505,0.030310364440083504,1.4685657024383545,0.01710989885032177,0.07139590382575989,0.01710989885032177,0.8968124389648438,0.2175879329442978,0.6394113302230835,0.7997128367424011
2,771,0.046741217374801636,0.01253889873623848,1.9583183526992798,0.014619135297834873,0.06971873342990875,0.014619135297834873,0.9149294495582581,0.19883856177330017,0.6029422879219055,0.7958962321281433
2,772,0.04961498826742172,0.018484199419617653,1.4348464012145996,0.016782326623797417,0.07045704126358032,0.016782326623797417,0.8996151089668274,0.2465669959783554,0.6422480344772339,0.8012181520462036
2,773,0.04814150184392929,0.017722606658935547,1.6492955684661865,0.013925940729677677,0.06491100788116455,0.013925940729677677,0.9200682640075684,0.23609653115272522,0.6540998220443726,0.816893994808197
2,774,0.0480964295566082,0.019364643841981888,1.8297362327575684,0.010434423573315144,0.058540403842926025,0.010434423573315144,0.9349128007888794,0.21184509992599487,0.6361210346221924,0.8435404896736145
2,775,0.04661247134208679,0.014191141352057457,1.5933479070663452,0.01648785173892975,0.06825931370258331,0.01648785173892975,0.9001756906509399,0.2351272851228714,0.6603350639343262,0.8228465914726257
2,776,0.05133754760026932,0.014760786667466164,2.178089141845703,0.014795870520174503,0.06472866237163544,0.014795870520174503,0.9092763662338257,0.21699507534503937,0.6691502332687378,0.826662540435791
2,777,0.04936845228075981,0.019219793379306793,1.3854100704193115,0.016294557601213455,0.06908179819583893,0.016294557601213455,0.9121541976928711,0.2121666520833969,0.6444545984268188,0.8138488531112671
2,778,0.04961109161376953,0.020706728100776672,1.5180487632751465,0.01372387632727623,0.06177812069654465,0.01372387632727623,0.9129205346107483,0.23230181634426117,0.6784957051277161,0.841458261013031
2,779,0.07079427689313889,0.0341947115957737,2.210813522338867,0.014491433277726173,0.06398239731788635,0.014491433277726173,0.9037619233131409,0.2229108065366745,0.6754408478736877,0.8276897668838501
2,780,0.053606025874614716,0.022025272250175476,1.856351613998413,0.013017237186431885,0.06416579335927963,0.013017237186431885,0.9268168807029724,0.19648905098438263,0.6462091207504272,0.827907919883728
2,781,0.06545425206422806,0.024592768400907516,2.463733196258545,0.016224155202507973,0.07330222427845001,0.016224155202507973,0.9105510711669922,0.19059494137763977,0.5831848978996277,0.7930174469947815
2,782,0.05568940192461014,0.01717531308531761,2.599748373031616,0.012516608461737633,0.0596156120300293,0.012516608461737633,0.9156095385551453,0.2461892068386078,0.6718498468399048,0.8451167941093445
2,783,0.0582813061773777,0.025213412940502167,1.7950325012207031,0.015117567032575607,0.06795040518045425,0.015117567032575607,0.9096657037734985,0.21207872033119202,0.6311470866203308,0.8127953410148621
2,784,0.05870869383215904,0.021198192611336708,1.84112548828125,0.019099246710538864,0.07884092628955841,0.019099246710538864,0.8810802698135376,0.17669172585010529,0.5997034907341003,0.7878851890563965
2,785,0.07107146084308624,0.03406642749905586,2.0672779083251953,0.016332251951098442,0.07415743172168732,0.016332251951098442,0.8998570442199707,0.17118775844573975,0.5997591614723206,0.7899284362792969
2,786,0.05992191284894943,0.02560684084892273,1.5344622135162354,0.01897045038640499,0.07991276681423187,0.01897045038640499,0.8941295146942139,0.15672531723976135,0.5804503560066223,0.7779600620269775
2,787,0.07925669848918915,0.04510354623198509,1.7831284999847412,0.01632186770439148,0.07445620000362396,0.01632186770439148,0.9105082750320435,0.1651911437511444,0.5881287455558777,0.7866532802581787
2,788,0.06567224115133286,0.03365214541554451,1.7838870286941528,0.014181227423250675,0.06620709598064423,0.014181227423250675,0.9152134656906128,0.1868414580821991,0.6432247161865234,0.8182430863380432
2,789,0.059392496943473816,0.026034291833639145,1.4097881317138672,0.01926032453775406,0.08158215880393982,0.01926032453775406,0.8916431665420532,0.16093409061431885,0.5739607214927673,0.755715012550354
2,790,0.06216970086097717,0.02629692479968071,2.0447824001312256,0.01542495097965002,0.07682138681411743,0.01542495097965002,0.910426676273346,0.15323224663734436,0.5429635643959045,0.7580029964447021
2,791,0.07117928564548492,0.02854069136083126,2.1098990440368652,0.021539608016610146,0.08745762705802917,0.021539608016610146,0.8731135725975037,0.16235119104385376,0.5530505776405334,0.7440476417541504
2,792,0.05556628108024597,0.02081654965877533,1.6344759464263916,0.018404969945549965,0.08116025477647781,0.018404969945549965,0.903732180595398,0.15629036724567413,0.5466287732124329,0.7566520571708679
2,793,0.05853641778230667,0.022636782377958298,1.7063626050949097,0.01883601024746895,0.08388300240039825,0.01883601024746895,0.8964709043502808,0.1398669332265854,0.539059579372406,0.7371608018875122
2,794,0.05151249095797539,0.01794104464352131,1.6710565090179443,0.016860883682966232,0.07900374382734299,0.016860883682966232,0.9163057208061218,0.14906440675258636,0.5513674020767212,0.7620546817779541
2,795,0.05075674504041672,0.017007488757371902,1.7493507862091064,0.016255753114819527,0.07315396517515182,0.016255753114819527,0.8985556960105896,0.16196416318416595,0.598158597946167,0.8043758273124695
2,796,0.06081007421016693,0.019633693620562553,2.209583282470703,0.019080549478530884,0.08214139938354492,0.019080549478530884,0.883568525314331,0.15313513576984406,0.5634269118309021,0.7638821601867676
2,797,0.06380674988031387,0.030674993991851807,1.6935913562774658,0.016195839270949364,0.0772765502333641,0.016195839270949364,0.9204150438308716,0.16103175282478333,0.561904788017273,0.7600793838500977
2,798,0.05686008185148239,0.020281635224819183,1.9811781644821167,0.016766667366027832,0.07396147400140762,0.016766667366027832,0.9007932543754578,0.18060249090194702,0.5965202450752258,0.782155454158783
2,799,0.061988480389118195,0.022907909005880356,2.1355135440826416,0.017725437879562378,0.07682554423809052,0.017725437879562378,0.8971689343452454,0.18724338710308075,0.6037802696228027,0.7693614363670349
2,800,0.09734600782394409,0.014205086044967175,6.1468119621276855,0.02167280577123165,0.06897548586130142,0.02167280577123165,0.7704771757125854,0.2257142812013626,0.7359183430671692,0.8424489498138428
3,801,0.07447177171707153,0.024261586368083954,3.448803663253784,0.01572214625775814,0.07117998600006104,0.01572214625775814,0.8977422714233398,0.1870669722557068,0.6389530301094055,0.7943472862243652
3,802,0.06081368029117584,0.0214108694344759,2.149409532546997,0.017908712849020958,0.0793759822845459,0.017908712849020958,0.8898906707763672,0.18204942345619202,0.5929194092750549,0.7549314498901367
3,803,0.058978013694286346,0.024053743109107018,2.251941680908203,0.012404851615428925,0.06112319976091385,0.012404851615428925,0.9184064865112305,0.20047618448734283,0.6679592132568359,0.8397959470748901
3,804,0.08319325745105743,0.046869926154613495,1.9487022161483765,0.01683630421757698,0.08089754730463028,0.01683630421757698,0.9118546843528748,0.1458333283662796,0.5214120149612427,0.7347056865692139
3,805,0.05455141142010689,0.013622164726257324,2.804736614227295,0.012881877832114697,0.06259313225746155,0.012881877832114697,0.9099940061569214,0.19440074265003204,0.6732136011123657,0.8367967009544373
3,806,0.06237666308879852,0.018121398985385895,2.586636543273926,0.01838889718055725,0.0750727578997612,0.01838889718055725,0.8875646591186523,0.1712263822555542,0.6226069331169128,0.7974347472190857
3,807,0.0591048002243042,0.023503050208091736,2.3328287601470947,0.012273458763957024,0.06330327689647675,0.012273458763957024,0.9154411554336548,0.18469016253948212,0.6346698999404907,0.8288491368293762
3,808,0.05446407198905945,0.0220341794192791,1.5156019926071167,0.017273874953389168,0.07980246096849442,0.017273874953389168,0.9121434092521667,0.14539964497089386,0.539170503616333,0.7512315511703491
3,809,0.05252210050821304,0.017703155055642128,1.785328984260559,0.016965657472610474,0.07093872874975204,0.016965657472610474,0.8896028995513916,0.1789427399635315,0.6275922656059265,0.8104956150054932
3,810,0.05967459827661514,0.024455901235342026,2.0185117721557617,0.015033579431474209,0.07200133800506592,0.015033579431474209,0.9107347726821899,0.1656828075647354,0.5882385969161987,0.784842848777771
3,811,0.04652680456638336,0.016815759241580963,1.607748031616211,0.013633565045893192,0.06735743582248688,0.013633565045893192,0.9273666143417358,0.16730253398418427,0.6056945323944092,0.8049314618110657
3,812,0.06863868236541748,0.02104085683822632,3.3351311683654785,0.014246514067053795,0.06663130223751068,0.014246514067053795,0.8987859487533569,0.17628522217273712,0.6104177236557007,0.819760262966156
3,813,0.06202102452516556,0.020365536212921143,2.1055867671966553,0.020599620416760445,0.08243469148874283,0.020599620416760445,0.8694425225257874,0.146908238530159,0.5437461137771606,0.7518708109855652
3,814,0.07226438075304031,0.023235205560922623,3.2889328002929688,0.01613984815776348,0.07203932106494904,0.01613984815776348,0.899060070514679,0.17117971181869507,0.5853528380393982,0.7893583178520203
3,815,0.07148315012454987,0.02947843447327614,2.558936357498169,0.016415346413850784,0.07491439580917358,0.016415346413850784,0.8901124000549316,0.14222657680511475,0.5636516213417053,0.7927555441856384
3,816,0.05554508790373802,0.016328614205121994,2.06121563911438,0.018604319542646408,0.08237013220787048,0.018604319542646408,0.8839254379272461,0.13033103942871094,0.5126752257347107,0.7604533433914185
3,817,0.05789592117071152,0.024192526936531067,2.012852430343628,0.013574868440628052,0.06915715336799622,0.013574868440628052,0.9068072438240051,0.160931795835495,0.5817008018493652,0.8178501129150391
3,818,0.06125669181346893,0.025611180812120438,1.763810157775879,0.018007410690188408,0.07949870824813843,0.018007410690188408,0.9026041626930237,0.13673770427703857,0.5587676763534546,0.7747063636779785
3,819,0.05647733807563782,0.018572574481368065,2.0586700439453125,0.017318064346909523,0.07613155245780945,0.017318064346909523,0.8961085677146912,0.15237675607204437,0.5870634317398071,0.7882990837097168
3,820,0.052143849432468414,0.01966463029384613,1.7074239253997803,0.015404978767037392,0.07420410215854645,0.015404978767037392,0.9157280921936035,0.14334046840667725,0.56935715675354,0.7835392951965332
3,821,0.05248861014842987,0.016565091907978058,2.0164084434509277,0.015759436413645744,0.07245425879955292,0.015759436413645744,0.9009770750999451,0.1539013683795929,0.6010271310806274,0.8010381460189819
3,822,0.05009492486715317,0.019041525200009346,1.5073912143707275,0.01597948744893074,0.07170271873474121,0.01597948744893074,0.9044620990753174,0.17542527616024017,0.6204388737678528,0.8049073815345764
3,823,0.05467323586344719,0.014927970245480537,2.476672410964966,0.014978541992604733,0.06951954960823059,0.014978541992604733,0.9043981432914734,0.18824732303619385,0.6189427375793457,0.8072687387466431
3,824,0.0597684308886528,0.022836092859506607,2.008633852005005,0.016845999285578728,0.07522384077310562,0.016845999285578728,0.895237147808075,0.1600450873374939,0.5826289057731628,0.7919836640357971
3,825,0.04335629940032959,0.01101757027208805,1.6131210327148438,0.01620751991868019,0.07491473853588104,0.01620751991868019,0.9033064246177673,0.15912604331970215,0.5839327573776245,0.7928067445755005
3,826,0.062097325921058655,0.028117503970861435,2.0200700759887695,0.01377912238240242,0.0682440772652626,0.01377912238240242,0.9175185561180115,0.16745460033416748,0.6070572137832642,0.8062350153923035
3,827,0.039647288620471954,0.010729211382567883,1.4269483089447021,0.01464859489351511,0.06750214844942093,0.01464859489351511,0.9022570252418518,0.17832255363464355,0.6368840336799622,0.8188153505325317
3,828,0.048809461295604706,0.01847800239920616,1.3618857860565186,0.016712602227926254,0.07347925007343292,0.016712602227926254,0.905147135257721,0.17471428215503693,0.5955714583396912,0.7961428761482239
3,829,0.04207969084382057,0.014155983924865723,1.4617055654525757,0.013306652195751667,0.0680420845746994,0.013306652195751667,0.9289982914924622,0.1669132262468338,0.6004374027252197,0.8016337752342224
3,830,0.0473334863781929,0.011934416368603706,1.9394493103027344,0.01600457914173603,0.06981466710567474,0.01600457914173603,0.9023128151893616,0.19232307374477386,0.6267778873443604,0.8176729083061218
3,831,0.04461768642067909,0.011325594037771225,1.7834950685501099,0.015457142144441605,0.0714213028550148,0.015457142144441605,0.9093868732452393,0.1742914468050003,0.6119095087051392,0.8002862930297852
3,832,0.05678987503051758,0.02130036987364292,1.880735993385315,0.01668214611709118,0.07446522265672684,0.01668214611709118,0.912656307220459,0.1631549447774887,0.5891979336738586,0.7855738401412964
3,833,0.04801054298877716,0.017193986102938652,1.3430979251861572,0.017385579645633698,0.07319389283657074,0.017385579645633698,0.9002984166145325,0.17123477160930634,0.6186323165893555,0.7976190447807312
3,834,0.04024655371904373,0.011032452806830406,1.4639408588409424,0.014574692584574223,0.06893129646778107,0.014574692584574223,0.915554940700531,0.16780588030815125,0.6161312460899353,0.812713623046875
3,835,0.0429360568523407,0.009618464857339859,1.7101120948791504,0.016216471791267395,0.07002895325422287,0.016216471791267395,0.8998993635177612,0.18581227958202362,0.6553789377212524,0.8146777153015137
3,836,0.05473032966256142,0.026679744943976402,1.5703957080841064,0.012346629984676838,0.06231699511408806,0.012346629984676838,0.9226053953170776,0.18513180315494537,0.653095543384552,0.8412297964096069
3,837,0.04747696965932846,0.011919853277504444,2.127143383026123,0.014285682700574398,0.06726273149251938,0.014285682700574398,0.9113107919692993,0.17948052287101746,0.6439610123634338,0.8189610242843628
3,838,0.042470745742321014,0.009611666202545166,1.6667438745498657,0.016191642731428146,0.07235528528690338,0.016191642731428146,0.9064143300056458,0.1826046258211136,0.6207622289657593,0.7866105437278748
3,839,0.07462487369775772,0.04122807830572128,1.665917158126831,0.016737626865506172,0.07227808982133865,0.016737626865506172,0.9010860919952393,0.1871524453163147,0.6338127255439758,0.8072227835655212
3,840,0.06680543720722198,0.03197621554136276,1.8730114698410034,0.01609911024570465,0.06866009533405304,0.01609911024570465,0.8937823176383972,0.20757953822612762,0.6656269431114197,0.8186213374137878
3,841,0.0656019076704979,0.02702520042657852,2.0795676708221436,0.017781028524041176,0.07256016880273819,0.017781028524041176,0.8944602608680725,0.19209250807762146,0.6306726336479187,0.801690936088562
3,842,0.05330793932080269,0.017447948455810547,1.9157741069793701,0.01670224964618683,0.07139617949724197,0.01670224964618683,0.9057031273841858,0.19374489784240723,0.6266993284225464,0.8023921251296997
3,843,0.05260361731052399,0.019609354436397552,2.0388879776000977,0.012605385854840279,0.06491493433713913,0.012605385854840279,0.9239410161972046,0.17647810280323029,0.6345797181129456,0.8165547847747803
3,844,0.04653765633702278,0.012906673364341259,2.0675346851348877,0.012955636717379093,0.063490130007267,0.012955636717379093,0.9203072786331177,0.18979814648628235,0.6419965624809265,0.8273614048957825
3,845,0.0454353466629982,0.014575405046343803,1.7040026187896729,0.013819918967783451,0.06842619180679321,0.013819918967783451,0.92170250415802,0.18465377390384674,0.618146538734436,0.8007901906967163
3,846,0.04491895064711571,0.009182877838611603,2.096153497695923,0.014774537645280361,0.06773614883422852,0.014774537645280361,0.9056980013847351,0.2015727460384369,0.654521644115448,0.8153079748153687
3,847,0.04965212941169739,0.016740743070840836,2.0367794036865234,0.012543592602014542,0.061861008405685425,0.012543592602014542,0.9069465398788452,0.22248475253582,0.6683049201965332,0.8355937600135803
3,848,0.05119217187166214,0.011207466013729572,1.8788834810256958,0.021195868030190468,0.08527425676584244,0.021195868030190468,0.8918375372886658,0.16732999682426453,0.557202160358429,0.7460411787033081
3,849,0.06519965827465057,0.031302496790885925,2.1043574810028076,0.012853582389652729,0.06549768894910812,0.012853582389652729,0.9185317158699036,0.18561367690563202,0.6280180811882019,0.8163354992866516
3,850,0.060644980520009995,0.027326755225658417,1.7402492761611938,0.015915732830762863,0.0731113851070404,0.015915732830762863,0.9028396010398865,0.1600736677646637,0.5921685099601746,0.7890775203704834
3,851,0.05145794898271561,0.013898903504014015,1.9663326740264893,0.017895719036459923,0.07900068163871765,0.017895719036459923,0.901573657989502,0.1452554166316986,0.5703893303871155,0.7701655030250549
3,852,0.052432768046855927,0.015911541879177094,2.116837978363037,0.015352844260632992,0.07234735041856766,0.015352844260632992,0.9086615443229675,0.15708857774734497,0.5929566621780396,0.7959958910942078
3,853,0.0672135055065155,0.028849704191088676,1.9018516540527344,0.019345281645655632,0.08567958325147629,0.019345281645655632,0.8977051973342896,0.1313435435295105,0.5217429995536804,0.7289876937866211
3,854,0.04988197237253189,0.012664806097745895,2.2644436359405518,0.014572733081877232,0.0713566467165947,0.014572733081877232,0.9127694368362427,0.1521277278661728,0.5964720249176025,0.8030644655227661
3,855,0.04954046010971069,0.011128218844532967,2.231983184814453,0.016092414036393166,0.07226895540952682,0.016092414036393166,0.8957847952842712,0.1671338528394699,0.6211332678794861,0.7996796369552612
3,856,0.04460214823484421,0.010205691680312157,1.8631823062896729,0.015764635056257248,0.07307515293359756,0.015764635056257248,0.8982845544815063,0.16438275575637817,0.6054813861846924,0.7885079383850098
3,857,0.058215610682964325,0.0184064581990242,2.4464097023010254,0.015345053747296333,0.06878186762332916,0.015345053747296333,0.8928882479667664,0.18572495877742767,0.6354367136955261,0.8088297843933105
3,858,0.06087016314268112,0.01858881488442421,2.6128509044647217,0.016152838245034218,0.07125607877969742,0.016152838245034218,0.902729332447052,0.20127297937870026,0.6164780855178833,0.7961103320121765
3,859,0.04428382217884064,0.011290546506643295,1.5468229055404663,0.017525048926472664,0.07809241861104965,0.017525048926472664,0.9015755653381348,0.1827242523431778,0.5695301294326782,0.7608651518821716
3,860,0.039953626692295074,0.01258486695587635,1.334904432296753,0.01401971559971571,0.06698750704526901,0.01401971559971571,0.9100576043128967,0.19418342411518097,0.6367907524108887,0.8038539290428162
3,861,0.046824246644973755,0.01244398020207882,1.5933586359024048,0.018446680158376694,0.08006113022565842,0.018446680158376694,0.8911705017089844,0.18298035860061646,0.5762802958488464,0.7551790475845337
3,862,0.048756539821624756,0.017108596861362457,1.5646005868911743,0.01600193977355957,0.07854336500167847,0.01600193977355957,0.9112584590911865,0.14926406741142273,0.5376623272895813,0.7440692782402039
3,863,0.05680650472640991,0.022255996242165565,1.6135004758834839,0.018415503203868866,0.07596060633659363,0.018415503203868866,0.8912609815597534,0.18518759310245514,0.6228623390197754,0.7854866981506348
3,864,0.05396635830402374,0.0237816721200943,1.5083985328674316,0.01510070450603962,0.07048594951629639,0.01510070450603962,0.9061828851699829,0.1628209799528122,0.6117178797721863,0.8071609139442444
3,865,0.04295109212398529,0.010588370263576508,1.535374402999878,0.017008980736136436,0.07170150429010391,0.017008980736136436,0.8903935551643372,0.17920196056365967,0.6274332404136658,0.8065705299377441
3,866,0.035153791308403015,0.008818186819553375,1.2673511505126953,0.013662092387676239,0.06593893468379974,0.013662092387676239,0.9187708497047424,0.1884930282831192,0.6384825110435486,0.812626838684082
3,867,0.04676533490419388,0.012266582809388638,1.743591547012329,0.0170628372579813,0.07150772213935852,0.0170628372579813,0.8930068016052246,0.20929177105426788,0.648910403251648,0.8025877475738525
3,868,0.046853359788656235,0.01411497127264738,1.5441176891326904,0.017297212034463882,0.07352612912654877,0.017297212034463882,0.8907957077026367,0.20494920015335083,0.6382881999015808,0.7936886548995972
3,869,0.0429389588534832,0.014876145869493484,1.2464666366577148,0.015598148107528687,0.07182683050632477,0.015598148107528687,0.9141413569450378,0.18170201778411865,0.5914260149002075,0.7928060293197632
3,870,0.038428764790296555,0.011372676119208336,1.2246859073638916,0.014809229411184788,0.06847380846738815,0.014809229411184788,0.9173812866210938,0.19159042835235596,0.63062983751297,0.8026917576789856
3,871,0.04097714275121689,0.011101467534899712,1.395526647567749,0.015920406207442284,0.06898148357868195,0.015920406207442284,0.9029322862625122,0.18439094722270966,0.6285873651504517,0.8143335580825806
3,872,0.03539828956127167,0.008629467338323593,1.2455413341522217,0.0143134081736207,0.066508948802948,0.0143134081736207,0.9163678288459778,0.1938037872314453,0.6227883100509644,0.8196213245391846
3,873,0.04065532237291336,0.01306777261197567,1.2907037734985352,0.014680510386824608,0.06636661291122437,0.014680510386824608,0.9068501591682434,0.20184889435768127,0.6468475461006165,0.8202979564666748
3,874,0.05001285672187805,0.022599337622523308,1.3374767303466797,0.014038752764463425,0.06574897468090057,0.014038752764463425,0.9191202521324158,0.1919405609369278,0.641772449016571,0.8193947076797485
3,875,0.03833060339093208,0.008291749283671379,1.5015020370483398,0.015023835003376007,0.06663467735052109,0.015023835003376007,0.911914050579071,0.20421363413333893,0.6520667672157288,0.8238772749900818
3,876,0.032238297164440155,0.008176116272807121,1.331796407699585,0.010744218714535236,0.05855124816298485,0.010744218714535236,0.9382663369178772,0.1995411515235901,0.6650998592376709,0.848469614982605
3,877,0.032047372311353683,0.006331595592200756,1.2851600646972656,0.012864175252616405,0.06282597035169601,0.012864175252616405,0.93287193775177,0.19880028069019318,0.6532568335533142,0.8346482515335083
3,878,0.04918061941862106,0.014371671713888645,1.69974946975708,0.017811452969908714,0.06976505368947983,0.017811452969908714,0.8774862289428711,0.23994849622249603,0.681804895401001,0.8139521479606628
3,879,0.03522045537829399,0.006628311239182949,1.5370546579360962,0.013221598230302334,0.0629180371761322,0.013221598230302334,0.9251984357833862,0.2000589668750763,0.6463953852653503,0.8275099396705627
3,880,0.03878635913133621,0.009845185093581676,1.2913315296173096,0.01602785848081112,0.06633450835943222,0.01602785848081112,0.9079294800758362,0.24171894788742065,0.6665694117546082,0.8206624984741211
3,881,0.0345909520983696,0.007504500448703766,1.2775932550430298,0.014310522004961967,0.06106031686067581,0.014310522004961967,0.9112569689750671,0.23973937332630157,0.6885275840759277,0.8483132123947144
3,882,0.051923967897892,0.023815348744392395,1.2458500862121582,0.015650121495127678,0.07048025727272034,0.015650121495127678,0.9142060875892639,0.21142856776714325,0.6100408434867859,0.7997550964355469
3,883,0.0372132733464241,0.006780341733247042,1.5008714199066162,0.015424218028783798,0.06653562188148499,0.015424218028783798,0.9036062359809875,0.2447730302810669,0.6606248617172241,0.8144526481628418
3,884,0.03887671232223511,0.00735112652182579,1.6397089958190918,0.015128498896956444,0.06388352066278458,0.015128498896956444,0.8931287527084351,0.2857142984867096,0.6980821490287781,0.8304733633995056
3,885,0.04029185324907303,0.007394277025014162,1.4160494804382324,0.018737083300948143,0.07038440555334091,0.018737083300948143,0.8742238283157349,0.23394335806369781,0.6794934272766113,0.8127478957176208
3,886,0.04308800771832466,0.01365242712199688,1.3445075750350952,0.01599050499498844,0.06335541605949402,0.01599050499498844,0.8985618352890015,0.22207176685333252,0.6817258596420288,0.8490182757377625
3,887,0.044661007821559906,0.01810649037361145,1.408992052078247,0.012464597821235657,0.05767584219574928,0.012464597821235657,0.922650933265686,0.23909227550029755,0.6874959468841553,0.8620196580886841
3,888,0.044916752725839615,0.013944358564913273,1.4825870990753174,0.016146523877978325,0.066664919257164,0.016146523877978325,0.9084249138832092,0.27694758772850037,0.6660689115524292,0.8123795986175537
3,889,0.034260086715221405,0.00793952215462923,1.2806470394134521,0.01351409312337637,0.06420890241861343,0.01351409312337637,0.9229044318199158,0.24150118231773376,0.6513720154762268,0.8110018372535706
3,890,0.035551633685827255,0.006475264206528664,1.4519603252410889,0.014556764625012875,0.06408583372831345,0.014556764625012875,0.9095965623855591,0.25219297409057617,0.6721177697181702,0.8268796801567078
3,891,0.04647444561123848,0.013540176674723625,1.8388184309005737,0.014546086080372334,0.0622435137629509,0.014546086080372334,0.9161339402198792,0.26567813754081726,0.6968005895614624,0.829081654548645
3,892,0.049700334668159485,0.020645461976528168,1.6015971899032593,0.013038905337452888,0.05951323360204697,0.013038905337452888,0.9190128445625305,0.2565290927886963,0.6885451078414917,0.8460574746131897
3,893,0.06306058168411255,0.029452702030539513,1.7068698406219482,0.016539178788661957,0.06664261221885681,0.016539178788661957,0.9008153676986694,0.24864524602890015,0.657504141330719,0.8309903144836426
3,894,0.039124131202697754,0.009948594495654106,1.4157642126083374,0.015017894096672535,0.066789910197258,0.015017894096672535,0.9226265549659729,0.20130756497383118,0.6333918571472168,0.8251366019248962
3,895,0.04618324339389801,0.01343762967735529,1.6630200147628784,0.01611541397869587,0.06069808825850487,0.01611541397869587,0.892268180847168,0.3072822093963623,0.7246455550193787,0.8463588953018188
3,896,0.04038861021399498,0.009866167791187763,1.41630220413208,0.016359420493245125,0.072257861495018,0.016359420493245125,0.9108717441558838,0.23120853304862976,0.6109851598739624,0.78399258852005
3,897,0.03432828560471535,0.006821857765316963,1.6834229230880737,0.010672198608517647,0.05669540539383888,0.010672198608517647,0.9368038177490234,0.25934258103370667,0.6856642961502075,0.8429571390151978
3,898,0.03370228037238121,0.00683644087985158,1.5567954778671265,0.011297885328531265,0.05651671066880226,0.011297885328531265,0.929671049118042,0.2801539897918701,0.6977270245552063,0.84663325548172
3,899,0.04650376737117767,0.01755213364958763,1.5073437690734863,0.01387819740921259,0.06309358775615692,0.01387819740921259,0.9189255237579346,0.2723715305328369,0.6665597558021545,0.8211559653282166
3,900,0.043768662959337234,0.01288357563316822,1.8232731819152832,0.01265235710889101,0.0611366331577301,0.01265235710889101,0.9271343946456909,0.23933814465999603,0.6636370420455933,0.8324400186538696
3,901,0.03547879308462143,0.007536181248724461,1.553866982460022,0.0124039426445961,0.05930904671549797,0.0124039426445961,0.9229877591133118,0.25519365072250366,0.678443193435669,0.8387407064437866
3,902,0.040098775178194046,0.00790413748472929,1.8418712615966797,0.013775925152003765,0.059361908584833145,0.013775925152003765,0.9085813760757446,0.29530835151672363,0.6996451020240784,0.8477151989936829
3,903,0.03894931823015213,0.00850275531411171,1.6347295045852661,0.01409926824271679,0.05897494778037071,0.01409926824271679,0.9096828103065491,0.29998713731765747,0.7140928506851196,0.8456988334655762
3,904,0.037167325615882874,0.010009962134063244,1.3882427215576172,0.013274936936795712,0.06388445943593979,0.013274936936795712,0.932187557220459,0.22096343338489532,0.6433637142181396,0.8251819014549255
3,905,0.047272033989429474,0.018440719693899155,1.550941824913025,0.013321897014975548,0.06462671607732773,0.013321897014975548,0.91973876953125,0.23761381208896637,0.6444584131240845,0.8161381483078003
3,906,0.04286818206310272,0.013964172452688217,1.4722859859466553,0.014181151986122131,0.06130189076066017,0.014181151986122131,0.9047598242759705,0.2678479254245758,0.7004798650741577,0.8421557545661926
3,907,0.06189539283514023,0.03316804766654968,1.6624220609664917,0.012103126384317875,0.056632041931152344,0.012103126384317875,0.9269450902938843,0.26823678612709045,0.6934846043586731,0.8539338707923889
3,908,0.047245126217603683,0.016399797052145004,1.6604771614074707,0.014240559190511703,0.06260547786951065,0.014240559190511703,0.9186989665031433,0.26046738028526306,0.6813187003135681,0.8264709711074829
3,909,0.03600753843784332,0.007677331101149321,1.4748190641403198,0.013582016341388226,0.0629713237285614,0.013582016341388226,0.9155547618865967,0.2566092610359192,0.6605222821235657,0.8254507184028625
3,910,0.04288752004504204,0.015524012967944145,1.5453139543533325,0.011910367757081985,0.05926050990819931,0.011910367757081985,0.9282630681991577,0.2825019657611847,0.6674950122833252,0.8301109075546265
3,911,0.03732800483703613,0.008462982252240181,1.2696847915649414,0.016168175265192986,0.06540491431951523,0.016168175265192986,0.9094327092170715,0.26871079206466675,0.6792334318161011,0.8325435519218445
3,912,0.04443536326289177,0.013479304499924183,1.602586269378662,0.014930195175111294,0.06022440642118454,0.014930195175111294,0.8998355865478516,0.3130813539028168,0.7180493474006653,0.8504220843315125
3,913,0.06065080687403679,0.028760934248566628,1.72467041015625,0.014643166214227676,0.06715576350688934,0.014643166214227676,0.9175872206687927,0.21737751364707947,0.6294593214988708,0.8145710825920105
3,914,0.039779823273420334,0.01219097338616848,1.3502988815307617,0.014085860922932625,0.06659793853759766,0.014085860922932625,0.9275161623954773,0.21791768074035645,0.6359160542488098,0.8100887537002563
3,915,0.04468041658401489,0.013599224388599396,1.508484125137329,0.015996353700757027,0.06579742580652237,0.015996353700757027,0.9030490517616272,0.28399890661239624,0.6646081805229187,0.8203650116920471
3,916,0.03456413000822067,0.006904345005750656,1.5851303339004517,0.011808483861386776,0.057804420590400696,0.011808483861386776,0.9312934875488281,0.2474663406610489,0.6745105981826782,0.8499236702919006
3,917,0.04784251004457474,0.01374121941626072,1.7826459407806396,0.01627483032643795,0.0639602467417717,0.01627483032643795,0.8924848437309265,0.2583265006542206,0.6908015012741089,0.8415286540985107
3,918,0.03484412655234337,0.008238495327532291,1.4483542442321777,0.012122088111937046,0.056722432374954224,0.012122088111937046,0.9260134100914001,0.25934067368507385,0.6946836709976196,0.8554202318191528
3,919,0.036490000784397125,0.007899917662143707,1.5296064615249634,0.013294019736349583,0.05958588421344757,0.013294019736349583,0.9158892631530762,0.2886647582054138,0.6926718950271606,0.8385481238365173
3,920,0.03761320188641548,0.005232844967395067,1.6425726413726807,0.015954630449414253,0.06593036651611328,0.015954630449414253,0.9035207629203796,0.2852414846420288,0.6750422120094299,0.8213441371917725
3,921,0.05013226717710495,0.02461690455675125,1.4464659690856934,0.011050703004002571,0.055418357253074646,0.011050703004002571,0.9342692494392395,0.27330371737480164,0.6922284960746765,0.8560047745704651
3,922,0.04112034663558006,0.012493385002017021,1.5693342685699463,0.012933619320392609,0.06219759210944176,0.012933619320392609,0.927849531173706,0.23642544448375702,0.6577511429786682,0.8280704617500305
3,923,0.05287885293364525,0.018269162625074387,1.9223734140396118,0.015385959297418594,0.06637375056743622,0.015385959297418594,0.918380081653595,0.23196911811828613,0.6635521054267883,0.8117374777793884
3,924,0.046774767339229584,0.017534971237182617,1.541931390762329,0.013820482417941093,0.059215374290943146,0.013820482417941093,0.9232984185218811,0.24328817427158356,0.690701961517334,0.8548029661178589
3,925,0.03830882906913757,0.008829807862639427,1.5872719287872314,0.013606302440166473,0.05818357691168785,0.013606302440166473,0.9160922169685364,0.28747794032096863,0.706701934337616,0.8502057790756226
3,926,0.04066956043243408,0.012071543373167515,1.3223834037780762,0.015374185517430305,0.06765814125537872,0.015374185517430305,0.9158384799957275,0.2542232871055603,0.631931722164154,0.8018729090690613
3,927,0.037982210516929626,0.007447367999702692,1.657483696937561,0.013960006646811962,0.062315281480550766,0.013960006646811962,0.9194349050521851,0.2938074767589569,0.6959534287452698,0.8215205669403076
3,928,0.03877327963709831,0.00937151350080967,1.777831792831421,0.011623447760939598,0.05753891542553902,0.011623447760939598,0.9322323203086853,0.26298293471336365,0.6880053877830505,0.8453279137611389
3,929,0.05004703253507614,0.017392799258232117,1.9454329013824463,0.013199903070926666,0.05927861109375954,0.013199903070926666,0.9211199283599854,0.2811627686023712,0.6935914754867554,0.846765398979187
3,930,0.051741745322942734,0.018623724579811096,2.274722099304199,0.010370802134275436,0.05375264957547188,0.010370802134275436,0.9363163709640503,0.2751922309398651,0.7002562880516052,0.8605827689170837
3,931,0.053490959107875824,0.015053750947117805,2.246715545654297,0.015970049425959587,0.06350730359554291,0.015970049425959587,0.9014676213264465,0.3005421757698059,0.6941668391227722,0.8287935256958008
3,932,0.04174548387527466,0.008018509484827518,1.9599945545196533,0.014127030968666077,0.0617653988301754,0.014127030968666077,0.9082555174827576,0.27699780464172363,0.6761594414710999,0.8405748605728149
3,933,0.048591431230306625,0.018887769430875778,1.747209906578064,0.012231562286615372,0.057135529816150665,0.012231562286615372,0.924781084060669,0.29389017820358276,0.6987625956535339,0.8438293933868408
3,934,0.04682984948158264,0.01425167080014944,1.8682708740234375,0.013895471580326557,0.060653362423181534,0.013895471580326557,0.9118295907974243,0.2745514214038849,0.6946308612823486,0.8384467959403992
3,935,0.032528311014175415,0.0076578338630497456,1.4651052951812744,0.010219424031674862,0.05928802862763405,0.010219424031674862,0.9429805278778076,0.230105459690094,0.6416804790496826,0.8274208903312683
3,936,0.03354443237185478,0.0061072902753949165,1.4316093921661377,0.013121049851179123,0.06111413612961769,0.013121049851179123,0.9244973063468933,0.24477171897888184,0.6686303615570068,0.8388217687606812
3,937,0.029921598732471466,0.005944917909801006,1.3764452934265137,0.010212228633463383,0.05394585058093071,0.010212228633463383,0.94111168384552,0.27003222703933716,0.6888829469680786,0.8547260761260986
3,938,0.04932083189487457,0.019103359431028366,1.975045919418335,0.010467017069458961,0.05226389318704605,0.010467017069458961,0.9374569654464722,0.283214271068573,0.7144047617912292,0.863095223903656
3,939,0.048610083758831024,0.009780583903193474,2.2260725498199463,0.016568774357438087,0.06586036831140518,0.016568774357438087,0.8823388814926147,0.2567981481552124,0.6911783218383789,0.8276522159576416
3,940,0.03767877817153931,0.007237497717142105,1.6438446044921875,0.014002837240695953,0.06101231276988983,0.014002837240695953,0.9216942191123962,0.2624763548374176,0.6824739575386047,0.8376300930976868
3,941,0.05007501691579819,0.016819670796394348,2.103634834289551,0.012218998745083809,0.061140671372413635,0.012218998745083809,0.9337600469589233,0.26284369826316833,0.6603884696960449,0.8208189606666565
3,942,0.05145195499062538,0.01972251385450363,1.9291553497314453,0.012437887489795685,0.06233653426170349,0.012437887489795685,0.9349779486656189,0.22837869822978973,0.6453063488006592,0.8304826021194458
3,943,0.049997732043266296,0.016234908252954483,1.9557726383209229,0.014205100014805794,0.06781182438135147,0.014205100014805794,0.9242488145828247,0.23567289113998413,0.6119032502174377,0.8061816096305847
3,944,0.04947228729724884,0.01492585614323616,1.838914394378662,0.01615728996694088,0.06922850757837296,0.01615728996694088,0.9092397689819336,0.23318903148174286,0.6291486024856567,0.8101010322570801
3,945,0.043114084750413895,0.010283597745001316,1.91841721534729,0.013646314851939678,0.05993654951453209,0.013646314851939678,0.9163593649864197,0.2918618321418762,0.6928424835205078,0.8434572815895081
3,946,0.04679955542087555,0.013119153678417206,2.14072585105896,0.012273143976926804,0.05555443465709686,0.012273143976926804,0.9160983562469482,0.28650668263435364,0.7243038415908813,0.8648403882980347
3,947,0.035331279039382935,0.0083455890417099,1.554955005645752,0.011436141096055508,0.055961549282073975,0.011436141096055508,0.9307710528373718,0.2569766640663147,0.6919881105422974,0.8608129620552063
3,948,0.0399203896522522,0.007076001726090908,1.9569859504699707,0.013274529948830605,0.06193441525101662,0.013274529948830605,0.9283268451690674,0.23509736359119415,0.642559826374054,0.8306823372840881
3,949,0.04507016763091087,0.0111017981544137,2.212324619293213,0.011845123022794724,0.06171705201268196,0.011845123022794724,0.934916615486145,0.23232409358024597,0.6416204571723938,0.8268656730651855
3,950,0.06055997312068939,0.02153061330318451,2.784219741821289,0.01118716225028038,0.053686000406742096,0.01118716225028038,0.9254775643348694,0.2848815619945526,0.7141931653022766,0.8703737854957581
3,951,0.046343885362148285,0.011144772171974182,2.345123052597046,0.011747882701456547,0.0551149919629097,0.011747882701456547,0.9158687591552734,0.30594727396965027,0.7161250710487366,0.8558608889579773
3,952,0.046023935079574585,0.00940793938934803,2.249037742614746,0.01412561908364296,0.06464804708957672,0.01412561908364296,0.9229170680046082,0.2549148201942444,0.6585845351219177,0.8100426197052002
3,953,0.05228031426668167,0.01058145985007286,2.7645957469940186,0.014052897691726685,0.06073614954948425,0.014052897691726685,0.9104164242744446,0.27557602524757385,0.6911783814430237,0.8420671224594116
3,954,0.04780052229762077,0.012077180668711662,2.459284782409668,0.011130492202937603,0.056081727147102356,0.011130492202937603,0.9298737049102783,0.26307007670402527,0.6791673302650452,0.8530113101005554
3,955,0.04520770162343979,0.013107061386108398,1.8750500679016113,0.013350139372050762,0.06269964575767517,0.013350139372050762,0.93257075548172,0.2586754858493805,0.6491807103157043,0.8271758556365967
3,956,0.07081364095211029,0.02629636414349079,2.85514497756958,0.01596583053469658,0.06662259250879288,0.01596583053469658,0.8998656868934631,0.27104809880256653,0.6539027690887451,0.8113647699356079
3,957,0.05504818260669708,0.014087199233472347,2.785428524017334,0.013106701895594597,0.058585312217473984,0.013106701895594597,0.9091267585754395,0.2754550576210022,0.7034748792648315,0.8473800420761108
3,958,0.053101010620594025,0.01583043485879898,2.2988734245300293,0.014281844720244408,0.0696076825261116,0.014281844720244408,0.9247852563858032,0.20149683952331543,0.6045727729797363,0.784686267375946
3,959,0.04863089695572853,0.013146487064659595,2.146888017654419,0.014015528373420238,0.06739405542612076,0.014015528373420238,0.9188632369041443,0.21062007546424866,0.6267899870872498,0.8075368404388428
3,960,0.04609813168644905,0.013161955401301384,2.057769298553467,0.012358482927083969,0.06300532072782516,0.012358482927083969,0.9334701299667358,0.21138381958007812,0.6366687417030334,0.8289629817008972
3,961,0.041742052882909775,0.012307289987802505,1.6899152994155884,0.012535611167550087,0.06350968033075333,0.012535611167550087,0.9271724224090576,0.2026386260986328,0.6389060616493225,0.8282828330993652
3,962,0.04660753905773163,0.008889354765415192,2.3990306854248047,0.013727878220379353,0.06269051879644394,0.013727878220379353,0.9178759455680847,0.2257036715745926,0.6780551075935364,0.8373753428459167
3,963,0.05562314763665199,0.01393520925194025,2.7449867725372314,0.014238071627914906,0.0644027590751648,0.014238071627914906,0.9054452180862427,0.22001847624778748,0.6545128226280212,0.8201923370361328
3,964,0.048142243176698685,0.015409670770168304,2.142773389816284,0.01130483578890562,0.05650930106639862,0.01130483578890562,0.9182798862457275,0.2607142925262451,0.6966666579246521,0.8482738137245178
3,965,0.0441126674413681,0.009113749489188194,2.235473394393921,0.012644187547266483,0.06147398799657822,0.012644187547266483,0.9266015291213989,0.23577918112277985,0.6645796895027161,0.8326334357261658
3,966,0.05026615038514137,0.009853875264525414,2.4466066360473633,0.01594620943069458,0.06947145611047745,0.01594620943069458,0.8969690203666687,0.24190008640289307,0.6280621886253357,0.8048994541168213
3,967,0.04913187772035599,0.012802260927855968,2.121391773223877,0.015115702524781227,0.06826133280992508,0.015115702524781227,0.9151782393455505,0.2230115830898285,0.6257143020629883,0.8050965070724487
3,968,0.04296658933162689,0.007077861577272415,2.167625904083252,0.014212468639016151,0.06340349465608597,0.014212468639016151,0.9038006663322449,0.24757541716098785,0.6726363897323608,0.8339977264404297
3,969,0.05661303922533989,0.01770751178264618,2.3891613483428955,0.015013914555311203,0.0664529949426651,0.015013914555311203,0.9098718762397766,0.21069325506687164,0.6493624448776245,0.8258786797523499
3,970,0.04796885699033737,0.015366391278803349,1.6399788856506348,0.01620267517864704,0.07064631581306458,0.01620267517864704,0.9028889536857605,0.20778688788414001,0.6285128593444824,0.796077311038971
3,971,0.04500485956668854,0.007906854152679443,1.8439799547195435,0.01865820400416851,0.07740151882171631,0.01865820400416851,0.8947983980178833,0.18338754773139954,0.5998665690422058,0.7744975686073303
3,972,0.05160696431994438,0.013790955767035484,2.092494249343872,0.01689106598496437,0.0718914344906807,0.01689106598496437,0.9036699533462524,0.20675784349441528,0.6259625554084778,0.8000804781913757
3,973,0.042713992297649384,0.01020380575209856,1.682908296585083,0.015681101009249687,0.07110071182250977,0.015681101009249687,0.9177936315536499,0.20084595680236816,0.6108609437942505,0.7964251637458801
3,974,0.04301374405622482,0.007271152921020985,2.3504302501678467,0.012238291092216969,0.058851130306720734,0.012238291092216969,0.9200939536094666,0.24143069982528687,0.6739940643310547,0.8516073822975159
3,975,0.042616043239831924,0.00837777927517891,2.1482887268066406,0.012755376286804676,0.058991800993680954,0.012755376286804676,0.9127804636955261,0.2538342773914337,0.6765216588973999,0.847400426864624
3,976,0.044902458786964417,0.014288512989878654,1.75510835647583,0.013062865473330021,0.06231901794672012,0.013062865473330021,0.9228507280349731,0.22546708583831787,0.6600747108459473,0.8290313482284546
3,977,0.055442482233047485,0.02041316218674183,1.96781587600708,0.01535116322338581,0.06703726202249527,0.01535116322338581,0.9150482416152954,0.20998989045619965,0.6347708702087402,0.8270720839500427
3,978,0.04777016118168831,0.012461693026125431,2.014536142349243,0.01516310777515173,0.06894893199205399,0.01516310777515173,0.906166136264801,0.2136409878730774,0.6209025979042053,0.8024431467056274
3,979,0.03925514221191406,0.007809103466570377,1.7875323295593262,0.013570715673267841,0.061371807008981705,0.013570715673267841,0.9061183333396912,0.2320796102285385,0.6720076203346252,0.8467982411384583
3,980,0.04401993751525879,0.017252810299396515,1.562769889831543,0.011139431968331337,0.055601708590984344,0.011139431968331337,0.9232458472251892,0.25299468636512756,0.7024734020233154,0.8590838313102722
3,981,0.04636888951063156,0.016244523227214813,1.5711735486984253,0.014412631280720234,0.06967297196388245,0.014412631280720234,0.9194247126579285,0.2056770622730255,0.6024197340011597,0.7795253396034241
3,982,0.04700937122106552,0.01095211785286665,2.079899549484253,0.015258259139955044,0.0679434984922409,0.015258259139955044,0.9103532433509827,0.2081419825553894,0.6386371850967407,0.8197219967842102
3,983,0.04117489606142044,0.009732996113598347,1.3860801458358765,0.017581097781658173,0.08080113679170609,0.017581097781658173,0.9156855344772339,0.158977210521698,0.5305328369140625,0.7322322130203247
3,984,0.03782537579536438,0.00784764252603054,1.4593186378479004,0.015384549275040627,0.07122838497161865,0.015384549275040627,0.9128008484840393,0.20149411261081696,0.6170272827148438,0.7824370861053467
3,985,0.056499674916267395,0.01924927532672882,1.483337163925171,0.02241702564060688,0.08726663142442703,0.02241702564060688,0.8767950534820557,0.18265967071056366,0.561400830745697,0.7266275882720947
3,986,0.047810859978199005,0.01855090633034706,1.5380127429962158,0.013879827223718166,0.06775719672441483,0.013879827223718166,0.9207051396369934,0.19814349710941315,0.6069239377975464,0.8021484017372131
3,987,0.04645981639623642,0.014429731294512749,1.4427661895751953,0.017602425068616867,0.07476339489221573,0.017602425068616867,0.8849778175354004,0.20929962396621704,0.6038381457328796,0.7713937759399414
3,988,0.048630617558956146,0.019522393122315407,1.279788613319397,0.01631033793091774,0.07219701260328293,0.01631033793091774,0.9010539650917053,0.184800386428833,0.6282828450202942,0.7919191718101501
3,989,0.03412017226219177,0.00873681902885437,1.2097097635269165,0.013286254368722439,0.06846806406974792,0.013286254368722439,0.9264367818832397,0.18847006559371948,0.5890085697174072,0.7862685918807983
3,990,0.03580096364021301,0.007584013976156712,1.3128764629364014,0.015088187530636787,0.06599561870098114,0.015088187530636787,0.8975531458854675,0.22514577209949493,0.6828716993331909,0.8204810619354248
3,991,0.034884557127952576,0.006885671988129616,1.2739944458007812,0.015258939936757088,0.06627878546714783,0.015258939936757088,0.9012086391448975,0.24399825930595398,0.6615950465202332,0.8174845576286316
3,992,0.03411925956606865,0.007083189208060503,1.4337255954742432,0.012698814272880554,0.06008224934339523,0.012698814272880554,0.9237810969352722,0.22375428676605225,0.666528582572937,0.850514829158783
3,993,0.03505011647939682,0.00700503820553422,1.2843589782714844,0.015201488509774208,0.06631151586771011,0.015201488509774208,0.9108648300170898,0.23660068213939667,0.6561357378959656,0.8224460482597351
3,994,0.03922457620501518,0.011920159682631493,1.2733598947525024,0.014570818282663822,0.06506068259477615,0.014570818282663822,0.902763843536377,0.23292574286460876,0.6617953777313232,0.8229048848152161
3,995,0.03196212649345398,0.005942558404058218,1.236637830734253,0.01365318987518549,0.06487944722175598,0.01365318987518549,0.9263584017753601,0.2100798338651657,0.642928421497345,0.8165098428726196
3,996,0.043391041457653046,0.016310544684529305,1.2889240980148315,0.01419125497341156,0.066317118704319,0.01419125497341156,0.9204055070877075,0.2115849256515503,0.6444918513298035,0.8084577322006226
3,997,0.03673502057790756,0.009174111299216747,1.3518447875976562,0.014042460359632969,0.06174373999238014,0.014042460359632969,0.9067256450653076,0.23814880847930908,0.6914671659469604,0.8408055901527405
3,998,0.04105052724480629,0.01469273678958416,1.2835807800292969,0.013521984219551086,0.061910051852464676,0.013521984219551086,0.9221439957618713,0.21867120265960693,0.682929515838623,0.837134063243866
3,999,0.03403862193226814,0.00810884777456522,1.1040520668029785,0.014889253303408623,0.06950168311595917,0.014889253303408623,0.9284769296646118,0.1806229054927826,0.600801944732666,0.8023125529289246
3,1000,0.03672407940030098,0.0070946477353572845,1.3714638948440552,0.01591479405760765,0.06853149831295013,0.01591479405760765,0.9015253782272339,0.2085408717393875,0.6396360397338867,0.8128445148468018
3,1001,0.052397336810827255,0.025603098794817924,1.1312222480773926,0.01548201683908701,0.06917542964220047,0.01548201683908701,0.9136150479316711,0.21106480062007904,0.6311481595039368,0.8072754740715027
3,1002,0.03542478010058403,0.007194832898676395,1.524991512298584,0.01298003364354372,0.06529957056045532,0.01298003364354372,0.9208987951278687,0.2163614183664322,0.6361416578292847,0.8076515793800354
3,1003,0.04037606343626976,0.014380401000380516,1.2166798114776611,0.013828864321112633,0.06779804825782776,0.013828864321112633,0.9209727048873901,0.21011407673358917,0.5952664613723755,0.8032521605491638
3,1004,0.03125230222940445,0.0065890164114534855,1.2320176362991333,0.01234311144798994,0.06254495680332184,0.01234311144798994,0.9323186874389648,0.2146836519241333,0.6336384415626526,0.8266348242759705
3,1005,0.04088994860649109,0.012928938493132591,1.4491748809814453,0.013469263911247253,0.06119929254055023,0.013469263911247253,0.9139590263366699,0.2565212547779083,0.698634684085846,0.8397713303565979
3,1006,0.04187483340501785,0.01484762504696846,1.288726568222046,0.014139944687485695,0.06234508380293846,0.014139944687485695,0.9088855981826782,0.25785747170448303,0.6803414225578308,0.8323298096656799
3,1007,0.04431989789009094,0.01943032070994377,1.1851149797439575,0.01303842756897211,0.06388870626688004,0.01303842756897211,0.9260410666465759,0.21908849477767944,0.6290619373321533,0.8217862248420715
3,1008,0.04106895253062248,0.007017152383923531,1.5755683183670044,0.018296116963028908,0.0740891695022583,0.018296116963028908,0.89005446434021,0.23342368006706238,0.6264956593513489,0.7887882590293884
3,1009,0.03745008632540703,0.0066306013613939285,1.8049664497375488,0.012769819237291813,0.06164700910449028,0.012769819237291813,0.9209849238395691,0.24203217029571533,0.6561813950538635,0.8293073773384094
3,1010,0.0345836877822876,0.007052181288599968,1.455657720565796,0.012974928133189678,0.06283283233642578,0.012974928133189678,0.9294686913490295,0.21886605024337769,0.6489229798316956,0.8301559686660767
3,1011,0.040443599224090576,0.010259393602609634,1.536696434020996,0.014817241579294205,0.0670991763472557,0.014817241579294205,0.908414363861084,0.23628048598766327,0.6426393985748291,0.8098867535591125
3,1012,0.0435643196105957,0.01268816739320755,1.827213168144226,0.012604019604623318,0.060883790254592896,0.012604019604623318,0.9206993579864502,0.25227224826812744,0.6696732044219971,0.8314021825790405
3,1013,0.031952086836099625,0.006881579756736755,1.160651683807373,0.013463989831507206,0.061011187732219696,0.013463989831507206,0.9246785640716553,0.2387695610523224,0.6802522540092468,0.838103175163269
3,1014,0.03840789198875427,0.009859021753072739,1.2955830097198486,0.015593038871884346,0.06995517760515213,0.015593038871884346,0.9148115515708923,0.19281283020973206,0.5893964767456055,0.7989686727523804
3,1015,0.02914547733962536,0.006387197878211737,1.199645757675171,0.010761821642518044,0.060704659670591354,0.010761821642518044,0.9410520195960999,0.20154638588428497,0.6211340427398682,0.8287187218666077
3,1016,0.05259103327989578,0.019316252321004868,1.8593220710754395,0.014681563712656498,0.062520831823349,0.014681563712656498,0.8997292518615723,0.24959322810173035,0.6694435477256775,0.8389196395874023
3,1017,0.036667268723249435,0.007581726182252169,1.292262077331543,0.016162922605872154,0.0711531713604927,0.016162922605872154,0.9069188833236694,0.20436975359916687,0.5982353091239929,0.8080672025680542
3,1018,0.033851124346256256,0.006869603879749775,1.3778626918792725,0.013202895410358906,0.06559890508651733,0.013202895410358906,0.9259312152862549,0.20498354732990265,0.6147491335868835,0.818993866443634
3,1019,0.034502554684877396,0.007016490679234266,1.3663848638534546,0.013822215609252453,0.0641799196600914,0.013822215609252453,0.9201537370681763,0.2173038274049759,0.6378269791603088,0.8311468958854675
3,1020,0.04370490089058876,0.00822764914482832,2.0860495567321777,0.014616756699979305,0.06304056942462921,0.014616756699979305,0.902530312538147,0.249285027384758,0.6776521801948547,0.8344001173973083
3,1021,0.049749746918678284,0.02027062512934208,1.307426929473877,0.016404854133725166,0.07185172289609909,0.016404854133725166,0.9176249504089355,0.19537679851055145,0.5925104022026062,0.7950993776321411
3,1022,0.048570938408374786,0.01123683899641037,2.4921252727508545,0.012412846088409424,0.05847586318850517,0.012412846088409424,0.9119729995727539,0.2596825361251831,0.6844444274902344,0.8478730320930481
3,1023,0.03900662437081337,0.012132775038480759,1.567036747932434,0.011203482747077942,0.0541948564350605,0.011203482747077942,0.9289231300354004,0.26933443546295166,0.7184324860572815,0.8606676459312439
3,1024,0.03831535205245018,0.00958205759525299,1.5565086603164673,0.013168208301067352,0.06125527620315552,0.013168208301067352,0.9230582118034363,0.22636651992797852,0.6641140580177307,0.8492870330810547
3,1025,0.04256180673837662,0.012478159740567207,1.4583600759506226,0.01550004631280899,0.06955045461654663,0.01550004631280899,0.9206182956695557,0.1940382421016693,0.6274304986000061,0.8107825517654419
3,1026,0.04950248450040817,0.01882348209619522,1.6362847089767456,0.01431615836918354,0.06596847623586655,0.01431615836918354,0.9235256910324097,0.21154825389385223,0.6436210870742798,0.8155080080032349
3,1027,0.040015533566474915,0.009258639067411423,1.7361319065093994,0.013395577669143677,0.0626688227057457,0.013395577669143677,0.9252483248710632,0.21806643903255463,0.6608155369758606,0.8286524415016174
3,1028,0.04006503149867058,0.007345136255025864,1.67716646194458,0.015948230400681496,0.06864150613546371,0.015948230400681496,0.9084879755973816,0.21927490830421448,0.6375353336334229,0.8115749359130859
3,1029,0.03738473728299141,0.0074149565771222115,1.7308717966079712,0.012661063112318516,0.06109565868973732,0.012661063112318516,0.9202585816383362,0.23665469884872437,0.6613305807113647,0.8389433026313782
3,1030,0.036987245082855225,0.006809207145124674,1.8842296600341797,0.011335741728544235,0.057175636291503906,0.011335741728544235,0.9233574271202087,0.24978816509246826,0.6778512001037598,0.853245198726654
3,1031,0.04643374681472778,0.007719084620475769,2.0179548263549805,0.01853511668741703,0.0707600936293602,0.01853511668741703,0.897252082824707,0.2586953341960907,0.6625615954399109,0.8176593780517578
3,1032,0.03709283843636513,0.007871048524975777,1.5741188526153564,0.013480600900948048,0.06642404198646545,0.013480600900948048,0.9246598482131958,0.2104257047176361,0.6114991307258606,0.8060436844825745
3,1033,0.045603781938552856,0.00841827318072319,2.3652899265289307,0.013532610610127449,0.06303577870130539,0.013532610610127449,0.9163967967033386,0.22471988201141357,0.6540616154670715,0.829901933670044
3,1034,0.03791815787553787,0.006001359783113003,2.0300021171569824,0.011616776697337627,0.05672036111354828,0.011616776697337627,0.927574098110199,0.2603120803833008,0.6992258429527283,0.8516995310783386
3,1035,0.041022028774023056,0.006446158513426781,2.178462266921997,0.012791247107088566,0.06255307048559189,0.012791247107088566,0.9285436868667603,0.22899746894836426,0.6484489440917969,0.8303155303001404
3,1036,0.047920942306518555,0.006601545959711075,2.2823634147644043,0.01849576272070408,0.0714247077703476,0.01849576272070408,0.8902517557144165,0.2417326718568802,0.6551265716552734,0.8064587712287903
3,1037,0.03920704871416092,0.006909370422363281,1.930655837059021,0.012991120107471943,0.059644896537065506,0.012991120107471943,0.9202960133552551,0.25021645426750183,0.6815476417541504,0.8452922105789185
3,1038,0.04154245927929878,0.011138778179883957,1.585636854171753,0.014547311700880527,0.0648990198969841,0.014547311700880527,0.9174652099609375,0.24618585407733917,0.6551856994628906,0.8239328265190125
3,1039,0.04020301252603531,0.0079066576436162,1.9216898679733276,0.013079456984996796,0.06015276908874512,0.013079456984996796,0.9292899966239929,0.23297183215618134,0.6771475672721863,0.8406803607940674
3,1040,0.03376271575689316,0.006233261898159981,1.6472506523132324,0.011056947521865368,0.05489140748977661,0.011056947521865368,0.9300541877746582,0.2512241005897522,0.6931396126747131,0.8626311421394348
3,1041,0.05045627802610397,0.01690305769443512,1.9260215759277344,0.014293007552623749,0.06618630886077881,0.014293007552623749,0.9204887747764587,0.22765780985355377,0.6332225799560547,0.8087209463119507
3,1042,0.03278440237045288,0.006589214317500591,1.5206127166748047,0.010989061556756496,0.05656445026397705,0.010989061556756496,0.9419022798538208,0.2413482815027237,0.6674280166625977,0.8484911322593689
3,1043,0.05030316859483719,0.012718228623270988,2.7562575340270996,0.010022366419434547,0.05186612159013748,0.010022366419434547,0.9277577996253967,0.29037681221961975,0.7147443294525146,0.8646335005760193
3,1044,0.04511775076389313,0.01205955259501934,2.1101906299591064,0.011956293135881424,0.060069747269153595,0.011956293135881424,0.9299395084381104,0.2292938083410263,0.6522605419158936,0.8322954177856445
3,1045,0.052270397543907166,0.01454836130142212,2.171980142593384,0.016002237796783447,0.06753040850162506,0.016002237796783447,0.9107035398483276,0.2579430341720581,0.6512904763221741,0.8136816620826721
3,1046,0.04964588209986687,0.017223192378878593,1.9000985622406006,0.013421704061329365,0.06358220428228378,0.013421704061329365,0.923157274723053,0.23741112649440765,0.661657989025116,0.8253316879272461
3,1047,0.05313321202993393,0.011151201091706753,2.7206387519836426,0.014775623567402363,0.05867232754826546,0.014775623567402363,0.8885100483894348,0.32792314887046814,0.7306562066078186,0.8524789214134216
3,1048,0.03644951432943344,0.008310938253998756,1.5410423278808594,0.012728152796626091,0.06102283298969269,0.012728152796626091,0.9281834959983826,0.2278567999601364,0.6601387858390808,0.8376280069351196
3,1049,0.05244067683815956,0.01863878406584263,2.034527063369751,0.013456623069941998,0.0603022575378418,0.013456623069941998,0.9242532253265381,0.2461654096841812,0.6860902309417725,0.8441353440284729
3,1050,0.056598663330078125,0.019169120118021965,1.9504098892211914,0.0179254449903965,0.07157468050718307,0.0179254449903965,0.905856728553772,0.23293903470039368,0.6351228356361389,0.8140127658843994
3,1051,0.03541325777769089,0.006271472666412592,1.954773187637329,0.009594053961336613,0.051893919706344604,0.009594053961336613,0.9417270421981812,0.2734189033508301,0.7225850820541382,0.86697918176651
3,1052,0.038469746708869934,0.008887747302651405,1.7262691259384155,0.012319308705627918,0.058242376893758774,0.012319308705627918,0.9297102689743042,0.24184605479240417,0.6728636622428894,0.8562187552452087
3,1053,0.05127118155360222,0.016929589211940765,2.0688154697418213,0.013653437606990337,0.0634705051779747,0.013653437606990337,0.9205604195594788,0.2314884066581726,0.6551982164382935,0.8267888426780701
3,1054,0.051643870770931244,0.017691675573587418,1.8944274187088013,0.015007922425866127,0.06704191118478775,0.015007922425866127,0.9119071960449219,0.21918591856956482,0.6315902471542358,0.8120752573013306
3,1055,0.05294112488627434,0.017810899764299393,2.2866978645324707,0.012263249605894089,0.05862095206975937,0.012263249605894089,0.9252380728721619,0.24500872194766998,0.6817858815193176,0.8449311852455139
3,1056,0.049729544669389725,0.017424214631319046,1.7075161933898926,0.015230168588459492,0.06478174775838852,0.015230168588459492,0.9060592651367188,0.2360939383506775,0.6678438782691956,0.8268291354179382
3,1057,0.05116061866283417,0.021682679653167725,2.094245672225952,0.008535482920706272,0.05231533199548721,0.008535482920706272,0.9479886889457703,0.22102944552898407,0.6914395689964294,0.8651940822601318
3,1058,0.04562584310770035,0.018493298441171646,1.502382755279541,0.012108718045055866,0.061539385467767715,0.012108718045055866,0.9333205223083496,0.21059885621070862,0.6412376761436462,0.8355041146278381
3,1059,0.04173952341079712,0.017495684325695038,1.3881950378417969,0.010361886583268642,0.05652734264731407,0.010361886583268642,0.9460663199424744,0.2225247174501419,0.673735499382019,0.8483307361602783
3,1060,0.04846390709280968,0.01645003817975521,2.1440718173980713,0.010573153384029865,0.05787486210465431,0.010573153384029865,0.9320130944252014,0.2265351563692093,0.6741966009140015,0.8345530033111572
3,1061,0.05993425473570824,0.019315235316753387,2.4315075874328613,0.01630394533276558,0.07142695039510727,0.01630394533276558,0.9120771288871765,0.1834733933210373,0.6218487620353699,0.7995198369026184
3,1062,0.05951504409313202,0.01747460849583149,2.5860650539398193,0.01617978699505329,0.0655389353632927,0.01617978699505329,0.896084189414978,0.23055163025856018,0.6844695806503296,0.8313437104225159
3,1063,0.04066140577197075,0.013608595356345177,1.5611214637756348,0.011441596783697605,0.0619657076895237,0.011441596783697605,0.9355473518371582,0.17540130019187927,0.618558943271637,0.8345671892166138
3,1064,0.04082918167114258,0.014456594362854958,1.409337043762207,0.012279217131435871,0.06155393272638321,0.012279217131435871,0.9252874255180359,0.2130262702703476,0.6496581435203552,0.8292911052703857
3,1065,0.05481956899166107,0.023126017302274704,1.7521395683288574,0.014172160997986794,0.06695820391178131,0.014172160997986794,0.9142920970916748,0.18636208772659302,0.6176611185073853,0.8145243525505066
3,1066,0.047025978565216064,0.01320754736661911,2.1022698879241943,0.012795733287930489,0.06206011027097702,0.012795733287930489,0.9231036901473999,0.20297691226005554,0.6553869247436523,0.834932267665863
3,1067,0.05765262618660927,0.023847494274377823,1.992943286895752,0.013875697739422321,0.06734016537666321,0.013875697739422321,0.9238351583480835,0.19061815738677979,0.6071428656578064,0.8064614534378052
3,1068,0.049636490643024445,0.017116736620664597,2.1025798320770264,0.011493958532810211,0.05775807797908783,0.011493958532810211,0.9308661222457886,0.22378547489643097,0.6770081520080566,0.8478235006332397
3,1069,0.046800628304481506,0.013042951934039593,2.0977957248687744,0.01277972012758255,0.05944877117872238,0.01277972012758255,0.9234452247619629,0.22891633212566376,0.6771250367164612,0.8495771884918213
3,1070,0.05518677830696106,0.01232345961034298,2.9289023876190186,0.01357429288327694,0.06398985534906387,0.01357429288327694,0.907861590385437,0.19093628227710724,0.6388773918151855,0.8327582478523254
3,1071,0.052765846252441406,0.01719507947564125,2.0912046432495117,0.01465872023254633,0.06786981225013733,0.01465872023254633,0.9089749455451965,0.17251674830913544,0.6293544173240662,0.8094353675842285
3,1072,0.05021592974662781,0.010463672690093517,2.4348697662353516,0.015403560362756252,0.07566485553979874,0.015403560362756252,0.9263473153114319,0.13738635182380676,0.554707944393158,0.779164731502533
3,1073,0.05960369110107422,0.015026151202619076,2.7865686416625977,0.016711851581931114,0.07288434356451035,0.016711851581931114,0.8919181227684021,0.17625702917575836,0.6247957944869995,0.7942760586738586
3,1074,0.05808502063155174,0.018474824726581573,2.502700090408325,0.014583195559680462,0.06966230273246765,0.014583195559680462,0.9121575951576233,0.18401937186717987,0.6116458773612976,0.7958424091339111
3,1075,0.053304217755794525,0.011418609879910946,2.755476951599121,0.01433083787560463,0.06792634725570679,0.01433083787560463,0.911508321762085,0.1804935485124588,0.6192336082458496,0.8128100037574768
3,1076,0.06475941091775894,0.01988075114786625,2.5645909309387207,0.019232749938964844,0.08042783290147781,0.019232749938964844,0.8888495564460754,0.1843995600938797,0.5847790837287903,0.7562347650527954
3,1077,0.05285689979791641,0.011547617614269257,2.544482707977295,0.015864452347159386,0.07056216150522232,0.015864452347159386,0.9060968160629272,0.18424908816814423,0.6197191476821899,0.8040292859077454
3,1078,0.053734082728624344,0.01496757473796606,2.4057021141052246,0.01470948662608862,0.07179512828588486,0.01470948662608862,0.911346435546875,0.1653628647327423,0.5807558298110962,0.7943795919418335
3,1079,0.0513567291200161,0.015544181689620018,1.622198462486267,0.01959056407213211,0.08279147744178772,0.01959056407213211,0.8986156582832336,0.15685781836509705,0.5500503182411194,0.7528504133224487
3,1080,0.05371907725930214,0.018595846369862556,1.780674934387207,0.017316479235887527,0.07978973537683487,0.017316479235887527,0.890049934387207,0.1471775323152542,0.5541470050811768,0.7611278295516968
3,1081,0.0677163302898407,0.029831988736987114,1.881046175956726,0.019073883071541786,0.08775671571493149,0.019073883071541786,0.8931198716163635,0.11731601506471634,0.4994805157184601,0.7219913601875305
3,1082,0.05014558881521225,0.01744738221168518,1.6418533325195312,0.0162796750664711,0.07574326545000076,0.0162796750664711,0.9023592472076416,0.15198266506195068,0.5959821343421936,0.7798713445663452
3,1083,0.04619288444519043,0.014040486887097359,1.7118546962738037,0.015033848583698273,0.07303622364997864,0.015033848583698273,0.9155932664871216,0.14721420407295227,0.5536735653877258,0.7940199375152588
3,1084,0.04388314113020897,0.014883412048220634,1.622253179550171,0.012777197174727917,0.06984854489564896,0.012777197174727917,0.9217239618301392,0.14051824808120728,0.5562872886657715,0.7981165647506714
3,1085,0.047091010957956314,0.014528688043355942,1.5189604759216309,0.017372718080878258,0.07362104952335358,0.017372718080878258,0.8885286450386047,0.16165250539779663,0.6152223944664001,0.8091309666633606
3,1086,0.04308837652206421,0.012174369767308235,1.4351398944854736,0.016562607139348984,0.07625511288642883,0.016562607139348984,0.8977516889572144,0.16143718361854553,0.5761658549308777,0.7756859660148621
3,1087,0.04653720557689667,0.017746195197105408,1.388520359992981,0.014905807562172413,0.07202424854040146,0.014905807562172413,0.9038995504379272,0.18979424238204956,0.6014729738235474,0.7844283580780029
3,1088,0.037804629653692245,0.010635918006300926,1.220144510269165,0.014967267401516438,0.07434941828250885,0.014967267401516438,0.915316104888916,0.1571226716041565,0.5647668242454529,0.7745777368545532
3,1089,0.04639744013547897,0.013971175998449326,1.6510305404663086,0.01591595821082592,0.07196753472089767,0.01591595821082592,0.9051392674446106,0.176170215010643,0.6096656322479248,0.7965349555015564
3,1090,0.04070022702217102,0.010057322680950165,1.5776721239089966,0.014866184443235397,0.0676700696349144,0.014866184443235397,0.9033341407775879,0.17527055740356445,0.6338203549385071,0.8232684135437012
3,1091,0.04501517117023468,0.014650729484856129,1.3568387031555176,0.01679605431854725,0.07450708001852036,0.01679605431854725,0.8946590423583984,0.16459952294826508,0.5918260812759399,0.7926628589630127
3,1092,0.04484104365110397,0.014187290333211422,1.4338929653167725,0.016314823180437088,0.06864259392023087,0.016314823180437088,0.8851649761199951,0.1941031962633133,0.6596700549125671,0.8323622345924377
3,1093,0.03924242779612541,0.009292679838836193,1.3948402404785156,0.016001345589756966,0.06836023926734924,0.016001345589756966,0.9008724093437195,0.19881710410118103,0.6520700454711914,0.8254663348197937
3,1094,0.04170043766498566,0.011728586629033089,1.462672472000122,0.015345124527812004,0.07075058668851852,0.015345124527812004,0.9179122447967529,0.18046759068965912,0.6038783192634583,0.8049104809761047
3,1095,0.03642113879323006,0.00839817151427269,1.318042516708374,0.014842544682323933,0.07013542950153351,0.014842544682323933,0.9197235107421875,0.16645769774913788,0.5877277255058289,0.8063278794288635
3,1096,0.053187839686870575,0.023784438148140907,1.6178511381149292,0.013224893249571323,0.06372540444135666,0.013224893249571323,0.9134235978126526,0.1876167207956314,0.6461251378059387,0.8338585495948792
3,1097,0.03558724746108055,0.007613752502948046,1.4760992527008057,0.01321250107139349,0.06430026143789291,0.01321250107139349,0.9179054498672485,0.18104541301727295,0.6363232731819153,0.828596830368042
3,1098,0.03909962251782417,0.01167327631264925,1.461066722869873,0.012815679423511028,0.06386279314756393,0.012815679423511028,0.9206022024154663,0.19331498444080353,0.6420567035675049,0.8225651383399963
3,1099,0.047027334570884705,0.021173853427171707,1.489539623260498,0.010958081111311913,0.05870352312922478,0.010958081111311913,0.930152416229248,0.211604505777359,0.6709646582603455,0.8402121067047119
3,1100,0.04165974259376526,0.012629874050617218,1.4713318347930908,0.014316549524664879,0.06723533570766449,0.014316549524664879,0.9104845523834229,0.19109384715557098,0.6273161768913269,0.8215780258178711
3,1101,0.04942925646901131,0.01933421567082405,1.5077869892120361,0.015017171390354633,0.06830167770385742,0.015017171390354633,0.9051979780197144,0.18563935160636902,0.630424439907074,0.8127256631851196
3,1102,0.05983496084809303,0.029365703463554382,1.3655977249145508,0.016813281923532486,0.07124803215265274,0.016813281923532486,0.9045507907867432,0.18087098002433777,0.6336996555328369,0.8027675747871399
3,1103,0.04464709758758545,0.015215863473713398,1.488539695739746,0.014545837417244911,0.06602801382541656,0.014545837417244911,0.911996603012085,0.2090119868516922,0.6548755168914795,0.8203343749046326
3,1104,0.038918908685445786,0.0064024594612419605,1.8117774724960327,0.014398674480617046,0.06225302815437317,0.014398674480617046,0.9098239541053772,0.22725851833820343,0.6795873641967773,0.8452016115188599
3,1105,0.039366938173770905,0.009101852774620056,1.4543592929840088,0.01572149246931076,0.06968337297439575,0.01572149246931076,0.9175277352333069,0.19458699226379395,0.615543782711029,0.7955636382102966
3,1106,0.037454914301633835,0.009421627968549728,1.5358092784881592,0.012675195001065731,0.06206842139363289,0.012675195001065731,0.9287371039390564,0.2175559401512146,0.6559724807739258,0.8346987962722778
3,1107,0.03500691056251526,0.006033856887370348,1.7220900058746338,0.011752153746783733,0.057628076523542404,0.011752153746783733,0.9259449243545532,0.2321280837059021,0.6897081136703491,0.8476899266242981
3,1108,0.034448083490133286,0.007784807588905096,1.4077283143997192,0.01258599292486906,0.06260556727647781,0.01258599292486906,0.928886353969574,0.18808820843696594,0.6453153491020203,0.8329119086265564
3,1109,0.03552486002445221,0.007154078222811222,1.6551790237426758,0.011818989180028439,0.05605337768793106,0.011818989180028439,0.9199675917625427,0.2442568689584732,0.7201623916625977,0.8600811958312988
3,1110,0.04103144630789757,0.013532238081097603,1.312754511833191,0.014371663331985474,0.06603845208883286,0.014371663331985474,0.9191168546676636,0.2100449949502945,0.628512442111969,0.8211520314216614
3,1111,0.04686716943979263,0.01988503895699978,1.456122636795044,0.012420902028679848,0.05807395279407501,0.012420902028679848,0.9217137694358826,0.21788746118545532,0.6905356049537659,0.8589258790016174
3,1112,0.040908556431531906,0.007044108118861914,1.8387963771820068,0.015476483851671219,0.06568583846092224,0.015476483851671219,0.896835207939148,0.2268034815788269,0.6648327708244324,0.823020339012146
3,1113,0.0367249995470047,0.007670380640774965,1.6500767469406128,0.01255385298281908,0.06087817624211311,0.01255385298281908,0.928369402885437,0.20905566215515137,0.6586936116218567,0.8437568545341492
3,1114,0.0440862774848938,0.01686675101518631,1.631225347518921,0.010907275602221489,0.058025915175676346,0.010907275602221489,0.9343491792678833,0.22075149416923523,0.6676223278045654,0.8425033688545227
3,1115,0.05627768114209175,0.024169616401195526,1.942331314086914,0.012684752233326435,0.06255431473255157,0.012684752233326435,0.917528510093689,0.20448799431324005,0.6402496695518494,0.8291719555854797
3,1116,0.03358342498540878,0.006814004387706518,1.5092601776123047,0.011676819063723087,0.057129234075546265,0.011676819063723087,0.9273894429206848,0.2459878921508789,0.6943961977958679,0.8519337177276611
3,1117,0.040464598685503006,0.008670441806316376,1.953810214996338,0.012256056070327759,0.061082225292921066,0.012256056070327759,0.9348443150520325,0.22892004251480103,0.6431839466094971,0.8325949311256409
3,1118,0.03567994013428688,0.0070275189355015755,1.558258295059204,0.013069838285446167,0.05981721729040146,0.013069838285446167,0.9225371479988098,0.24127520620822906,0.6801111102104187,0.8460330963134766
3,1119,0.03854506090283394,0.009774746373295784,1.7836576700210571,0.010933737270534039,0.05386469140648842,0.010933737270534039,0.9273543953895569,0.25363194942474365,0.7205407619476318,0.873755693435669
3,1120,0.03920483589172363,0.006935807876288891,1.769374132156372,0.014575286768376827,0.06169900670647621,0.014575286768376827,0.9077897071838379,0.2380952388048172,0.6846522688865662,0.8492634296417236
3,1121,0.043000251054763794,0.013988202437758446,1.5835554599761963,0.013176494278013706,0.06120907887816429,0.013176494278013706,0.9285194873809814,0.21562746167182922,0.6639305353164673,0.8441988825798035
3,1122,0.053278274834156036,0.017195548862218857,2.248274087905884,0.013599985279142857,0.0598149299621582,0.013599985279142857,0.9152846336364746,0.26264688372612,0.7092764377593994,0.8439702987670898
3,1123,0.038724303245544434,0.007133808918297291,1.7573044300079346,0.014017453417181969,0.06203129142522812,0.014017453417181969,0.9175640344619751,0.25129568576812744,0.677475094795227,0.8351495265960693
3,1124,0.04458615556359291,0.01445003692060709,1.7725448608398438,0.012410671450197697,0.05752568691968918,0.012410671450197697,0.9252251386642456,0.2514345645904541,0.6987176537513733,0.8557457327842712
3,1125,0.03342839702963829,0.006848513148725033,1.6495765447616577,0.010084118694067001,0.05740611255168915,0.010084118694067001,0.9467002749443054,0.21837183833122253,0.6442715525627136,0.8493635058403015
3,1126,0.06660810858011246,0.03073200210928917,2.127504587173462,0.014601056464016438,0.06522861868143082,0.014601056464016438,0.9219008088111877,0.247450590133667,0.6323436498641968,0.8170742988586426
3,1127,0.0485992357134819,0.020537130534648895,1.6471261978149414,0.011590846814215183,0.05874769389629364,0.011590846814215183,0.9349257946014404,0.25444239377975464,0.650722861289978,0.8374626040458679
3,1128,0.05295206978917122,0.01846335269510746,1.9327019453048706,0.015161697752773762,0.06369932740926743,0.015161697752773762,0.9070425033569336,0.23669542372226715,0.6814537644386292,0.8383599519729614
3,1129,0.05197000503540039,0.020093051716685295,1.6002718210220337,0.015874236822128296,0.0692141130566597,0.015874236822128296,0.9114106297492981,0.2429971992969513,0.6359816789627075,0.7901706099510193
3,1130,0.0426330491900444,0.00840013474225998,1.7747793197631836,0.016485122963786125,0.06798671185970306,0.016485122963786125,0.8946806788444519,0.24927282333374023,0.6665934920310974,0.8183414936065674
3,1131,0.03462290018796921,0.006968970410525799,1.622659683227539,0.011427333578467369,0.05896591767668724,0.011427333578467369,0.9333342909812927,0.23320719599723816,0.6454926133155823,0.8491012454032898
3,1132,0.04248650372028351,0.01185512263327837,1.9553064107894897,0.01107831671833992,0.05542145296931267,0.01107831671833992,0.9301905632019043,0.2755814492702484,0.6984826922416687,0.855357825756073
3,1133,0.0417020283639431,0.01330585964024067,1.7255604267120361,0.011140563525259495,0.0565820038318634,0.011140563525259495,0.9395802021026611,0.22814039885997772,0.6870689392089844,0.8616379499435425
3,1134,0.039671093225479126,0.006202632561326027,2.0350399017333984,0.013118064031004906,0.05814516916871071,0.013118064031004906,0.9123707413673401,0.26939132809638977,0.697152853012085,0.86081862449646
3,1135,0.0744810551404953,0.03923270106315613,2.4360525608062744,0.010887832380831242,0.05482222139835358,0.010887832380831242,0.9313117861747742,0.26836422085762024,0.6920052170753479,0.8656306266784668
3,1136,0.05322147533297539,0.01861707493662834,2.243175983428955,0.012172643095254898,0.05543946474790573,0.012172643095254898,0.9218788743019104,0.30045026540756226,0.7065083980560303,0.8622595071792603
3,1137,0.03791843354701996,0.008706764318048954,1.4816319942474365,0.01439534779638052,0.06287740916013718,0.01439534779638052,0.9216057062149048,0.26845782995224,0.6703072786331177,0.8314402103424072
3,1138,0.04220125824213028,0.014586260542273521,1.7075964212417603,0.010539032518863678,0.05451507121324539,0.010539032518863678,0.9400227665901184,0.27423104643821716,0.6981544494628906,0.8558441400527954
3,1139,0.039557695388793945,0.007581477519124746,1.9910492897033691,0.012065723538398743,0.05642329528927803,0.012065723538398743,0.9233790636062622,0.29798704385757446,0.7144004106521606,0.8461318016052246
3,1140,0.04123324900865555,0.00852556899189949,1.9956085681915283,0.012751595117151737,0.05951021611690521,0.012751595117151737,0.9226792454719543,0.27460405230522156,0.6927744150161743,0.8360255360603333
3,1141,0.047385819256305695,0.011393710970878601,2.019104480743408,0.015801066532731056,0.06571848690509796,0.015801066532731056,0.9105848073959351,0.2610441744327545,0.6548734903335571,0.8303053379058838
3,1142,0.03692834824323654,0.00729547580704093,1.866694450378418,0.010965928435325623,0.056707631796598434,0.010965928435325623,0.9384908676147461,0.2418098747730255,0.6897825002670288,0.8510338068008423
3,1143,0.05214956775307655,0.0102351363748312,2.786449670791626,0.014049936085939407,0.06104528531432152,0.014049936085939407,0.9070851802825928,0.2687942683696747,0.6915193796157837,0.8409106731414795
3,1144,0.047192901372909546,0.014778749085962772,1.9186440706253052,0.013227713294327259,0.06164751201868057,0.013227713294327259,0.9279491305351257,0.2457912415266037,0.6543667912483215,0.8453239798545837
3,1145,0.051438186317682266,0.011830687522888184,2.5369560718536377,0.014237935654819012,0.05835149437189102,0.014237935654819012,0.9040981531143188,0.3149683177471161,0.7275041937828064,0.8597432374954224
3,1146,0.04203230142593384,0.007149520330131054,2.106738805770874,0.013815391808748245,0.062361471354961395,0.013815391808748245,0.9166417717933655,0.2576880156993866,0.6782918572425842,0.8315627574920654
3,1147,0.04677628353238106,0.020413855090737343,1.7882118225097656,0.008480309508740902,0.0508897490799427,0.008480309508740902,0.9522596001625061,0.23951905965805054,0.6998101472854614,0.8670305609703064
3,1148,0.044166870415210724,0.012990916147828102,1.992628812789917,0.011249667964875698,0.054760608822107315,0.011249667964875698,0.9379906058311462,0.28771084547042847,0.6954905390739441,0.8553528189659119
3,1149,0.04638732224702835,0.014338236302137375,1.9239399433135986,0.012809687294065952,0.05641700699925423,0.012809687294065952,0.9260931015014648,0.29168128967285156,0.711407482624054,0.8513162732124329
3,1150,0.037989575415849686,0.008380538783967495,1.796852707862854,0.011640511453151703,0.05428900197148323,0.011640511453151703,0.9304383993148804,0.2779017984867096,0.7087673544883728,0.8665674328804016
3,1151,0.05835472047328949,0.020606450736522675,2.206028699874878,0.015687985345721245,0.062387846410274506,0.015687985345721245,0.9034684300422668,0.28694191575050354,0.7025909423828125,0.8426051735877991
3,1152,0.04174681752920151,0.011886870488524437,1.6984829902648926,0.012875117361545563,0.06001531705260277,0.012875117361545563,0.9279676675796509,0.234549880027771,0.6711157560348511,0.8458811044692993
3,1153,0.05063318461179733,0.012929346412420273,2.2333567142486572,0.015370270237326622,0.06443117558956146,0.015370270237326622,0.9104229807853699,0.2648363411426544,0.6712297201156616,0.8290761709213257
3,1154,0.03677034005522728,0.011000155471265316,1.6075799465179443,0.009694386273622513,0.05357172340154648,0.009694386273622513,0.9443686604499817,0.2536533772945404,0.6888926029205322,0.861365795135498
3,1155,0.0395866222679615,0.008452323265373707,1.7987959384918213,0.013146341778337955,0.058703284710645676,0.013146341778337955,0.9238479733467102,0.2819887697696686,0.6980965733528137,0.8417665958404541
3,1156,0.03916354477405548,0.008505361154675484,1.9063243865966797,0.011594941839575768,0.05618244409561157,0.011594941839575768,0.9260250926017761,0.2817375361919403,0.6992964148521423,0.846925675868988
3,1157,0.03616255149245262,0.00894174724817276,1.3828749656677246,0.013392053544521332,0.06348930299282074,0.013392053544521332,0.9355983138084412,0.23581525683403015,0.644909143447876,0.8205328583717346
3,1158,0.038253575563430786,0.005842766724526882,2.1457507610321045,0.010953305289149284,0.05284109711647034,0.010953305289149284,0.9303736090660095,0.31019094586372375,0.7239320278167725,0.8591771125793457
3,1159,0.05315806344151497,0.01578313671052456,2.308130979537964,0.014293615706264973,0.061300430446863174,0.014293615706264973,0.9217356443405151,0.27404940128326416,0.6731556057929993,0.8450992107391357
3,1160,0.042151980102062225,0.014074777252972126,1.9106433391571045,0.008970771916210651,0.05068783462047577,0.008970771916210651,0.9460484981536865,0.2607754170894623,0.7056933045387268,0.8744673132896423
3,1161,0.03839514032006264,0.009484954178333282,1.872864007949829,0.01018154714256525,0.053733889013528824,0.01018154714256525,0.9454202055931091,0.25810515880584717,0.6957268714904785,0.865448534488678
3,1162,0.050056811422109604,0.017964042723178864,1.983534336090088,0.012257424183189869,0.05546090379357338,0.012257424183189869,0.9226975440979004,0.30480876564979553,0.706847071647644,0.8644643425941467
3,1163,0.03894508630037308,0.008604551665484905,1.583166241645813,0.014508872292935848,0.06754319369792938,0.014508872292935848,0.9292020797729492,0.21877865493297577,0.6167247295379639,0.813405454158783
3,1164,0.03943195194005966,0.00777779333293438,1.834200143814087,0.013312158174812794,0.06012914329767227,0.013312158174812794,0.9207080006599426,0.2917328178882599,0.6628968119621277,0.8411375880241394
3,1165,0.045175354927778244,0.008347807452082634,2.123023748397827,0.015597308985888958,0.06589043140411377,0.015597308985888958,0.9069188237190247,0.29049551486968994,0.6541582345962524,0.8228774070739746
3,1166,0.042523227632045746,0.009463513270020485,1.9268522262573242,0.013791193254292011,0.058644264936447144,0.013791193254292011,0.9203211665153503,0.29516398906707764,0.6970539093017578,0.8499860763549805
3,1167,0.047829918563365936,0.012271059677004814,2.0036661624908447,0.015522198751568794,0.06333178281784058,0.015522198751568794,0.9039710760116577,0.2981395721435547,0.6660621762275696,0.8299415707588196
3,1168,0.047454290091991425,0.016629908233880997,1.8213995695114136,0.012610387057065964,0.05640004575252533,0.012610387057065964,0.9206607341766357,0.30167141556739807,0.6944848895072937,0.8577252626419067
3,1169,0.03475683555006981,0.007417073007673025,1.642932415008545,0.010910438373684883,0.05233944579958916,0.010910438373684883,0.9280548691749573,0.3110421895980835,0.7268204689025879,0.8661885261535645
3,1170,0.03967010974884033,0.010110360570251942,1.7015005350112915,0.012544745579361916,0.06328018754720688,0.012544745579361916,0.9320418834686279,0.23979845643043518,0.6202540397644043,0.8109431266784668
3,1171,0.04200875386595726,0.005477430764585733,2.350578784942627,0.013025537133216858,0.054591916501522064,0.013025537133216858,0.9117087721824646,0.34063950181007385,0.7469314336776733,0.8652397990226746
3,1172,0.041090551763772964,0.008883243426680565,1.6552311182022095,0.015654997900128365,0.06805364787578583,0.015654997900128365,0.9105832576751709,0.25694283843040466,0.6308177709579468,0.8068313002586365
3,1173,0.04056798666715622,0.008979322388768196,2.122551679611206,0.010363147594034672,0.04888029024004936,0.010363147594034672,0.9271402359008789,0.3247658908367157,0.763897180557251,0.8824965357780457
3,1174,0.04286976531147957,0.014653626829385757,1.7749183177947998,0.010466956533491611,0.05046126991510391,0.010466956533491611,0.9357938766479492,0.2888001501560211,0.7331638932228088,0.8831608891487122
3,1175,0.055053964257240295,0.020810693502426147,2.095278024673462,0.013290490955114365,0.0573500394821167,0.013290490955114365,0.9240407943725586,0.27885565161705017,0.7001359462738037,0.8631364107131958
3,1176,0.060965199023485184,0.02766798436641693,2.099539041519165,0.012301825918257236,0.053956929594278336,0.012301825918257236,0.9217374324798584,0.31376469135284424,0.7342784404754639,0.8664122223854065
3,1177,0.04816584289073944,0.017498748376965523,1.9891571998596191,0.010775520466268063,0.05263322964310646,0.010775520466268063,0.9339189529418945,0.30625736713409424,0.7126328349113464,0.8655844330787659
3,1178,0.04642027989029884,0.009714217856526375,2.3863744735717773,0.01284231711179018,0.056668028235435486,0.01284231711179018,0.9235763549804688,0.30435746908187866,0.7175408601760864,0.8504105806350708
3,1179,0.05403313785791397,0.015560440719127655,2.3643085956573486,0.014829614199697971,0.06048039719462395,0.014829614199697971,0.898188054561615,0.3020692765712738,0.7195615172386169,0.8417844176292419
3,1180,0.03616906702518463,0.009957247413694859,1.5305967330932617,0.010905851610004902,0.052751414477825165,0.010905851610004902,0.9342774152755737,0.2950068712234497,0.7249525785446167,0.8659773468971252
3,1181,0.047774892300367355,0.019574016332626343,1.6683132648468018,0.01151774451136589,0.05557212606072426,0.01151774451136589,0.9331014156341553,0.2905104458332062,0.6998972296714783,0.8504282236099243
3,1182,0.05973873287439346,0.022698812186717987,2.452254056930542,0.012517383322119713,0.05165011063218117,0.012517383322119713,0.9107862114906311,0.3512170612812042,0.7592305541038513,0.8757407069206238
3,1183,0.04407317563891411,0.0057792868465185165,2.4942827224731445,0.013351062312722206,0.053649336099624634,0.013351062312722206,0.9079679846763611,0.3333165943622589,0.757117748260498,0.8742656111717224
3,1184,0.047709282487630844,0.015000855550169945,1.9805421829223633,0.012903004884719849,0.05640392377972603,0.012903004884719849,0.9233627915382385,0.3016014099121094,0.7151753902435303,0.8539654016494751
3,1185,0.0496489442884922,0.00933894794434309,2.841844320297241,0.011891555041074753,0.05168706923723221,0.011891555041074753,0.9218406081199646,0.3294089138507843,0.7504551410675049,0.8764412999153137
3,1186,0.04097380116581917,0.007014856673777103,1.9166901111602783,0.014792044647037983,0.06594818085432053,0.014792044647037983,0.9199979305267334,0.2467392086982727,0.6588716506958008,0.8143088817596436
3,1187,0.04001894220709801,0.007353032007813454,1.7826833724975586,0.014839076437056065,0.06379037350416183,0.014839076437056065,0.9140335321426392,0.27949079871177673,0.6605374813079834,0.8282885551452637
3,1188,0.036553315818309784,0.006854264996945858,1.9724156856536865,0.009974893182516098,0.05047638341784477,0.009974893182516098,0.938587486743927,0.31072065234184265,0.7351158857345581,0.8707410097122192
3,1189,0.04273586347699165,0.006600396707653999,2.467880964279175,0.011456657201051712,0.05219755321741104,0.011456657201051712,0.9317622184753418,0.31490710377693176,0.7372645735740662,0.8741666078567505
3,1190,0.040558043867349625,0.007247334346175194,2.0257768630981445,0.013052941299974918,0.05748026818037033,0.013052941299974918,0.9248321652412415,0.2765829563140869,0.7059954404830933,0.8546197414398193
3,1191,0.04343323037028313,0.012339288368821144,2.0117321014404297,0.010976622812449932,0.05094890296459198,0.010976622812449932,0.9300181269645691,0.29267746210098267,0.72748202085495,0.8816823959350586
3,1192,0.04114183038473129,0.00977153517305851,1.726990818977356,0.014100389555096626,0.057586077600717545,0.014100389555096626,0.9146862030029297,0.3097244203090668,0.7178967595100403,0.8542920351028442
3,1193,0.045925259590148926,0.014674915000796318,2.153498888015747,0.00971535686403513,0.04925967752933502,0.00971535686403513,0.9368212223052979,0.3025481402873993,0.7377493381500244,0.8807218074798584
3,1194,0.04463833570480347,0.0074636004865169525,2.4091930389404297,0.013082805089652538,0.0556488037109375,0.013082805089652538,0.9262564778327942,0.29322153329849243,0.7109430432319641,0.8653624653816223
3,1195,0.0420079305768013,0.00816140417009592,1.9652206897735596,0.014194320887327194,0.06277298927307129,0.014194320887327194,0.9198971390724182,0.2652347683906555,0.6726398468017578,0.8212412595748901
3,1196,0.0342206135392189,0.00563386082649231,1.6555299758911133,0.012031450867652893,0.059132203459739685,0.012031450867652893,0.935290515422821,0.2434350997209549,0.6597562432289124,0.8426309823989868
3,1197,0.04175731912255287,0.008697820827364922,2.008502244949341,0.012974475510418415,0.05877703055739403,0.012974475510418415,0.9244698286056519,0.29293331503868103,0.6950791478157043,0.8403868079185486
3,1198,0.03734147548675537,0.00812995433807373,1.705763339996338,0.012153887189924717,0.05705559626221657,0.012153887189924717,0.9337472319602966,0.25772252678871155,0.6921668648719788,0.854092001914978
3,1199,0.05204447731375694,0.0217911209911108,1.866452693939209,0.01158883050084114,0.05403536558151245,0.01158883050084114,0.9295283555984497,0.273793488740921,0.7217842936515808,0.8624623417854309
3,1200,0.03626963496208191,0.00512506440281868,1.1989736557006836,0.019154833629727364,0.08003076165914536,0.019154833629727364,0.9180570840835571,0.1612446904182434,0.5728430151939392,0.7963224649429321
4,1201,0.04181474819779396,0.011795418336987495,1.8687794208526611,0.011331536807119846,0.051526568830013275,0.011331536807119846,0.9233693480491638,0.2881704270839691,0.7416040301322937,0.8790977597236633
4,1202,0.04860324785113335,0.019919510930776596,1.5215787887573242,0.013467949815094471,0.06197935715317726,0.013467949815094471,0.9195781350135803,0.24572305381298065,0.6680801510810852,0.8283374905586243
4,1203,0.044787656515836716,0.015001393854618073,1.7410812377929688,0.012375447899103165,0.05706470087170601,0.012375447899103165,0.9238307476043701,0.2652200162410736,0.707534670829773,0.8529234528541565
4,1204,0.039951078593730927,0.010503110475838184,1.3714330196380615,0.015733636915683746,0.06836947798728943,0.015733636915683746,0.9193511009216309,0.2165256291627884,0.6211334466934204,0.8144065737724304
4,1205,0.04203937202692032,0.008115265518426895,2.114987373352051,0.012774232774972916,0.05997471511363983,0.012774232774972916,0.9235786199569702,0.26632651686668396,0.6748037934303284,0.837127149105072
4,1206,0.04145287722349167,0.01171327568590641,1.7747889757156372,0.011991709470748901,0.05664267763495445,0.011991709470748901,0.9262357354164124,0.28001824021339417,0.6962292194366455,0.8534973859786987
4,1207,0.036718614399433136,0.007330423220992088,1.8269097805023193,0.011119091883301735,0.055154114961624146,0.011119091883301735,0.9274423122406006,0.24752703309059143,0.7087646722793579,0.8595008254051208
4,1208,0.034628164023160934,0.008713392540812492,1.4417284727096558,0.01149748545140028,0.0566302128136158,0.01149748545140028,0.931340754032135,0.22265022993087769,0.6877613663673401,0.8589038252830505
4,1209,0.04245654493570328,0.014888647943735123,1.330041527748108,0.014267480932176113,0.061160169541835785,0.014267480932176113,0.9226904511451721,0.22088322043418884,0.680039644241333,0.8489055037498474
4,1210,0.04447314515709877,0.013589877635240555,1.5722782611846924,0.015160486102104187,0.06910734623670578,0.015160486102104187,0.9230078458786011,0.20090147852897644,0.6247815489768982,0.8020421266555786
4,1211,0.03997381404042244,0.0130597073584795,1.5151375532150269,0.011762730777263641,0.05967453122138977,0.011762730777263641,0.9335536956787109,0.21394102275371552,0.6696285009384155,0.8390654921531677
4,1212,0.04050487279891968,0.013950146734714508,1.3166499137878418,0.013388227671384811,0.06609503924846649,0.013388227671384811,0.9360018372535706,0.20124584436416626,0.6095514893531799,0.8121262192726135
4,1213,0.04365626722574234,0.012294897809624672,1.750290036201477,0.013858468271791935,0.05904589965939522,0.013858468271791935,0.9072445631027222,0.27081000804901123,0.7103387117385864,0.8517820239067078
4,1214,0.0396118089556694,0.013652347959578037,1.6419363021850586,0.009540099650621414,0.05420193448662758,0.009540099650621414,0.9450397491455078,0.23147769272327423,0.6726701855659485,0.855027973651886
4,1215,0.046711068600416183,0.016903171315789223,1.6749579906463623,0.013058315962553024,0.06097399443387985,0.013058315962553024,0.9190348386764526,0.24628110229969025,0.6667094230651855,0.8375224471092224
4,1216,0.05201584845781326,0.01649629883468151,2.020183801651001,0.015317711979150772,0.06502683460712433,0.015317711979150772,0.904365599155426,0.24310405552387238,0.6643386483192444,0.8251851797103882
4,1217,0.039791904389858246,0.009901303797960281,1.6253596544265747,0.013637002557516098,0.06203098222613335,0.013637002557516098,0.9253100156784058,0.21349100768566132,0.6661580801010132,0.8404857516288757
4,1218,0.05726587027311325,0.024487823247909546,1.9938583374023438,0.012839465402066708,0.05939524248242378,0.012839465402066708,0.9231554269790649,0.23802511394023895,0.6917735934257507,0.8491479158401489
4,1219,0.03889832645654678,0.010931823402643204,1.6657040119171143,0.01130946259945631,0.05757591500878334,0.01130946259945631,0.9400323629379272,0.2177460491657257,0.6743643879890442,0.8523347973823547
4,1220,0.05007329210639,0.011340899392962456,2.3956825733184814,0.014775566756725311,0.06338845938444138,0.014775566756725311,0.9056717753410339,0.2461501955986023,0.6917002201080322,0.8384268879890442
4,1221,0.047434404492378235,0.020139407366514206,1.3347678184509277,0.013947317376732826,0.06399010866880417,0.013947317376732826,0.9309437870979309,0.22344747185707092,0.6466296315193176,0.8277920484542847
4,1222,0.043079983443021774,0.006509304977953434,2.5525453090667725,0.011045224033296108,0.051030512899160385,0.011045224033296108,0.9219924807548523,0.277339905500412,0.7478728294372559,0.8806538581848145
4,1223,0.060230810195207596,0.024492774158716202,2.1776773929595947,0.013961262069642544,0.06127016618847847,0.013961262069642544,0.9153203368186951,0.2589464783668518,0.6805038452148438,0.8337389230728149
4,1224,0.04093592241406441,0.011037640273571014,1.8668675422668457,0.011229606345295906,0.05359439179301262,0.011229606345295906,0.9299405813217163,0.2544863224029541,0.7148820757865906,0.8732447624206543
4,1225,0.05625717714428902,0.018528282642364502,2.557004928588867,0.01215884368866682,0.05695866048336029,0.01215884368866682,0.9220597743988037,0.2623286545276642,0.7044848203659058,0.8537311553955078
4,1226,0.05155903100967407,0.007332069333642721,2.952468156814575,0.014702281914651394,0.06250844150781631,0.014702281914651394,0.9047720432281494,0.2472812682390213,0.6805486679077148,0.8383588790893555
4,1227,0.06360828876495361,0.020294813439249992,2.5141756534576416,0.018171723932027817,0.07452601939439774,0.018171723932027817,0.8908668160438538,0.20729714632034302,0.6239789724349976,0.7874387502670288
4,1228,0.06141291931271553,0.019951578229665756,2.6963889598846436,0.014497451484203339,0.06356298923492432,0.014497451484203339,0.9173560738563538,0.23857934772968292,0.6685370802879333,0.8255215287208557
4,1229,0.06411433219909668,0.022730976343154907,2.612774610519409,0.015255611389875412,0.06397408992052078,0.015255611389875412,0.9048434495925903,0.24312099814414978,0.695690393447876,0.832328200340271
4,1230,0.054238975048065186,0.008134305477142334,3.1836326122283936,0.014268340542912483,0.060761768370866776,0.014268340542912483,0.9133315682411194,0.24908047914505005,0.7020008563995361,0.8427982926368713
4,1231,0.047630686312913895,0.009128151461482048,2.598484516143799,0.012517689727246761,0.05855172500014305,0.012517689727246761,0.9242284893989563,0.2511214315891266,0.6828100085258484,0.8425454497337341
4,1232,0.05786532163619995,0.015291175805032253,2.919886589050293,0.013375282287597656,0.06021967902779579,0.013375282287597656,0.9205259084701538,0.22643041610717773,0.6816537380218506,0.8454780578613281
4,1233,0.04731857776641846,0.00991918332874775,2.532473564147949,0.012074654921889305,0.05521127209067345,0.012074654921889305,0.9207720756530762,0.25719234347343445,0.7188022136688232,0.8665470480918884
4,1234,0.04124123603105545,0.012845046818256378,1.6899209022521973,0.011496981605887413,0.055234070867300034,0.011496981605887413,0.9360094666481018,0.23905746638774872,0.6984425187110901,0.8688238263130188
4,1235,0.051369935274124146,0.013540994375944138,2.2681782245635986,0.015147156082093716,0.06688303500413895,0.015147156082093716,0.9198617339134216,0.20437739789485931,0.6582865118980408,0.828748881816864
4,1236,0.05222366750240326,0.0193112064152956,2.0547351837158203,0.012365111149847507,0.05988698452711105,0.012365111149847507,0.9361217021942139,0.22131356596946716,0.672118604183197,0.8462177515029907
4,1237,0.04685015231370926,0.018113892525434494,1.866162896156311,0.01007462851703167,0.051785822957754135,0.01007462851703167,0.9359771609306335,0.27680152654647827,0.7193498015403748,0.8711196780204773
4,1238,0.03536868095397949,0.007467190735042095,1.8238073587417603,0.009663417004048824,0.05358033627271652,0.009663417004048824,0.9452498555183411,0.26756441593170166,0.6950299143791199,0.8510278463363647
4,1239,0.049967095255851746,0.0145112294703722,2.1708920001983643,0.013746947981417179,0.05870142579078674,0.013746947981417179,0.9171159863471985,0.23949579894542694,0.6988343596458435,0.8646652102470398
4,1240,0.044873811304569244,0.013828374445438385,1.844681739807129,0.012598618865013123,0.058052774518728256,0.012598618865013123,0.9277373552322388,0.23983708024024963,0.6951510310173035,0.8490740060806274
4,1241,0.052602678537368774,0.010656041093170643,2.7369561195373535,0.014577075839042664,0.06493019312620163,0.014577075839042664,0.9075208902359009,0.18867212533950806,0.6487728357315063,0.8427312970161438
4,1242,0.056307561695575714,0.015407784841954708,2.446413516998291,0.016435641795396805,0.06691949814558029,0.016435641795396805,0.8906484246253967,0.2154703140258789,0.6692066192626953,0.82781583070755
4,1243,0.04724332317709923,0.012090466916561127,1.9870812892913818,0.015282045118510723,0.06717082113027573,0.015282045118510723,0.8980551362037659,0.21613779664039612,0.6627361178398132,0.8135572075843811
4,1244,0.051403261721134186,0.017788786441087723,2.002293586730957,0.013591539114713669,0.06444250792264938,0.013591539114713669,0.9105470776557922,0.2059105932712555,0.6591272950172424,0.8217753171920776
4,1245,0.04363054037094116,0.0140693299472332,1.592445969581604,0.013636751100420952,0.06319122761487961,0.013636751100420952,0.9186508059501648,0.2078339159488678,0.6700693964958191,0.8318517804145813
4,1246,0.06254777312278748,0.032612331211566925,1.5653507709503174,0.014281936921179295,0.06648631393909454,0.014281936921179295,0.9223460555076599,0.2102983146905899,0.6493058800697327,0.8138229846954346
4,1247,0.04410349577665329,0.011112394742667675,1.6467456817626953,0.01652364619076252,0.06953927129507065,0.01652364619076252,0.906178891658783,0.2186134159564972,0.6507841348648071,0.80958092212677
4,1248,0.04128239303827286,0.008588148280978203,1.867431402206421,0.01401993166655302,0.06313594430685043,0.01401993166655302,0.9026791453361511,0.21645605564117432,0.6800424456596375,0.8434937596321106
4,1249,0.035070035606622696,0.007375665474683046,1.6579082012176514,0.01111528929322958,0.055523745715618134,0.01111528929322958,0.9299215078353882,0.23835699260234833,0.7090305089950562,0.858350932598114
4,1250,0.042127206921577454,0.012611128389835358,1.5399439334869385,0.014116639271378517,0.06597351282835007,0.014116639271378517,0.918560266494751,0.21309787034988403,0.6544187664985657,0.8186569809913635
4,1251,0.03668490797281265,0.008257852867245674,1.6264002323150635,0.012163052335381508,0.06005995720624924,0.012163052335381508,0.9283053874969482,0.22591061890125275,0.6772152185440063,0.8491991758346558
4,1252,0.04560043662786484,0.013441177085042,1.6818130016326904,0.015341131016612053,0.06663212180137634,0.015341131016612053,0.9024396538734436,0.2265063375234604,0.6635080575942993,0.8217880129814148
4,1253,0.04342944547533989,0.018252205103635788,1.3089903593063354,0.012087338604032993,0.0602530837059021,0.012087338604032993,0.9357594847679138,0.2178412675857544,0.6624761819839478,0.8497777581214905
4,1254,0.03926391899585724,0.010238323360681534,1.36171555519104,0.015408441424369812,0.06730838865041733,0.015408441424369812,0.9141761064529419,0.20257112383842468,0.6358588337898254,0.8329529762268066
4,1255,0.03613002225756645,0.009950147941708565,1.2301037311553955,0.013878838159143925,0.06360882520675659,0.013878838159143925,0.9241754412651062,0.20958352088928223,0.6657411456108093,0.8360949158668518
4,1256,0.03625108674168587,0.00739144254475832,1.5630850791931152,0.013228791765868664,0.05821012705564499,0.013228791765868664,0.9140615463256836,0.23576009273529053,0.7026458978652954,0.8642022013664246
4,1257,0.05033262446522713,0.01831122115254402,1.813445806503296,0.013886947184801102,0.061843011528253555,0.013886947184801102,0.9040685296058655,0.21869713068008423,0.6806260347366333,0.8414914011955261
4,1258,0.03148767352104187,0.008093012496829033,1.2825299501419067,0.010569363832473755,0.057360950857400894,0.010569363832473755,0.9432209134101868,0.2001948058605194,0.6609740257263184,0.8545454740524292
4,1259,0.041846372187137604,0.017010889947414398,1.4778879880905151,0.010056604631245136,0.05412166565656662,0.010056604631245136,0.9372804164886475,0.23037748038768768,0.7047829031944275,0.8588228821754456
4,1260,0.04124169424176216,0.006641337648034096,1.7823193073272705,0.01677716337144375,0.06948423385620117,0.01677716337144375,0.8914497494697571,0.20999817550182343,0.671106219291687,0.8201666474342346
4,1261,0.03907126560807228,0.010485092177987099,1.4189919233322144,0.01439625397324562,0.0630752295255661,0.01439625397324562,0.9197789430618286,0.22128213942050934,0.6715261936187744,0.838529109954834
4,1262,0.03774486482143402,0.006149059161543846,1.619260311126709,0.0154032027348876,0.06396552175283432,0.0154032027348876,0.9048265814781189,0.23288562893867493,0.6878306865692139,0.8459096550941467
4,1263,0.043502867221832275,0.01514123473316431,1.5567784309387207,0.012793850153684616,0.057899076491594315,0.012793850153684616,0.9176414608955383,0.2543433904647827,0.706759512424469,0.8520081639289856
4,1264,0.030401360243558884,0.007385208271443844,1.355934977531433,0.009456801228225231,0.053077083081007004,0.009456801228225231,0.944905698299408,0.2477329522371292,0.6987777352333069,0.8622683882713318
4,1265,0.03634301573038101,0.007872042246162891,1.2541372776031494,0.015929602086544037,0.06808369606733322,0.015929602086544037,0.9124376177787781,0.2143511325120926,0.6534537076950073,0.8214939832687378
4,1266,0.0460037887096405,0.016557123512029648,1.6141327619552612,0.013305336236953735,0.06479009240865707,0.013305336236953735,0.921520471572876,0.22507579624652863,0.63714998960495,0.817371129989624
4,1267,0.04186460003256798,0.008764420635998249,1.842478632926941,0.01467539370059967,0.06422122567892075,0.01467539370059967,0.9090103507041931,0.22967422008514404,0.6827772259712219,0.8291228413581848
4,1268,0.03775782510638237,0.011469473131000996,1.239607334136963,0.0138922780752182,0.060662150382995605,0.0138922780752182,0.9091907739639282,0.23095455765724182,0.6948821544647217,0.8468550443649292
4,1269,0.03488371893763542,0.007777032442390919,1.630136489868164,0.010805323719978333,0.05729183554649353,0.010805323719978333,0.9369961023330688,0.22932331264019012,0.68052077293396,0.8486493825912476
4,1270,0.032631292939186096,0.00869516097009182,1.4040820598602295,0.009895311668515205,0.05104881525039673,0.009895311668515205,0.9399007558822632,0.2693786025047302,0.7266709208488464,0.878603458404541
4,1271,0.03290066123008728,0.008513717912137508,1.47124445438385,0.009674498811364174,0.05069888010621071,0.009674498811364174,0.9331976175308228,0.29143959283828735,0.7262868285179138,0.8737131953239441
4,1272,0.04905809089541435,0.019815396517515182,1.4550906419754028,0.014691787771880627,0.06378224492073059,0.014691787771880627,0.917428195476532,0.2627093195915222,0.6795142292976379,0.8344395756721497
4,1273,0.04199346527457237,0.01052156277000904,1.7011135816574097,0.01446076575666666,0.06195620447397232,0.01446076575666666,0.8995109796524048,0.28477877378463745,0.6997028589248657,0.8345256447792053
4,1274,0.04092080518603325,0.013025868684053421,1.573716163635254,0.012157774530351162,0.05641372129321098,0.012157774530351162,0.9274024367332458,0.2647230327129364,0.7249403595924377,0.8597402572631836
4,1275,0.04044288024306297,0.012640504166483879,1.3371782302856445,0.014430592767894268,0.06298281997442245,0.014430592767894268,0.9130015969276428,0.22725720703601837,0.678016722202301,0.8417818546295166
4,1276,0.046003758907318115,0.012907451018691063,2.022888660430908,0.01286742091178894,0.056731682270765305,0.01286742091178894,0.9145673513412476,0.2708686590194702,0.7296963930130005,0.8595572113990784
4,1277,0.031084533780813217,0.0050869295373559,1.5744928121566772,0.010252677835524082,0.05079260841012001,0.010252677835524082,0.939912736415863,0.2632298171520233,0.7305589914321899,0.8799378871917725
4,1278,0.034209344536066055,0.00787055678665638,1.4762539863586426,0.011576247401535511,0.05574455484747887,0.011576247401535511,0.9362077116966248,0.2619171440601349,0.6964378952980042,0.8677772283554077
4,1279,0.03896645829081535,0.00781039334833622,1.5964208841323853,0.01519185770303011,0.06398523598909378,0.01519185770303011,0.913746178150177,0.2652833163738251,0.679489254951477,0.8318435549736023
4,1280,0.046828754246234894,0.01555310282856226,1.975200891494751,0.011523643508553505,0.05349186062812805,0.011523643508553505,0.9249906539916992,0.28935956954956055,0.7341461777687073,0.8723524808883667
4,1281,0.0404483936727047,0.012051206082105637,1.581418514251709,0.012583003379404545,0.06292866170406342,0.012583003379404545,0.9356231689453125,0.2083706110715866,0.6236206293106079,0.8333830237388611
4,1282,0.053090400993824005,0.022031497210264206,1.7546170949935913,0.013512729667127132,0.058621082454919815,0.013512729667127132,0.9027268290519714,0.29526495933532715,0.7073816061019897,0.8517922163009644
4,1283,0.052585259079933167,0.022844547405838966,1.5905735492706299,0.013834977522492409,0.06332030892372131,0.013834977522492409,0.9213284850120544,0.2422502189874649,0.6510474681854248,0.8300594091415405
4,1284,0.037489838898181915,0.013141726143658161,1.487748146057129,0.009470631368458271,0.05046365037560463,0.009470631368458271,0.937078058719635,0.2766653001308441,0.733492910861969,0.8775176405906677
4,1285,0.04115228354930878,0.0069984253495931625,1.7497210502624512,0.016656646504998207,0.0668567419052124,0.016656646504998207,0.9031212329864502,0.28851422667503357,0.6749041080474854,0.8251871466636658
4,1286,0.04132045432925224,0.01128576323390007,1.4574931859970093,0.015459759160876274,0.06453567743301392,0.015459759160876274,0.91241055727005,0.27551019191741943,0.6751824617385864,0.8323402404785156
4,1287,0.0402333103120327,0.010656782425940037,1.7592599391937256,0.01198392640799284,0.05584484338760376,0.01198392640799284,0.9254970550537109,0.27133750915527344,0.7042024731636047,0.863322913646698
4,1288,0.03509549796581268,0.0074850646778941154,1.6368389129638672,0.011242044158279896,0.05375409126281738,0.011242044158279896,0.9328078031539917,0.27938517928123474,0.7215885519981384,0.8687578439712524
4,1289,0.03637553006410599,0.007918812334537506,1.621983528137207,0.01223688293248415,0.05394047498703003,0.01223688293248415,0.9276027679443359,0.2958049774169922,0.7258503437042236,0.873185932636261
4,1290,0.03277701511979103,0.004972352180629969,1.601744294166565,0.011787219904363155,0.05303265526890755,0.011787219904363155,0.9237139821052551,0.317942351102829,0.7251316905021667,0.8692903518676758
4,1291,0.04049401357769966,0.011316266842186451,1.4272195100784302,0.014905554242432117,0.06569695472717285,0.014905554242432117,0.9188804030418396,0.2443569153547287,0.6486895680427551,0.8215422034263611
4,1292,0.04851488396525383,0.017617924138903618,1.8899075984954834,0.011997882276773453,0.05579786375164986,0.011997882276773453,0.9229007959365845,0.27567705512046814,0.7017233967781067,0.8596048355102539
4,1293,0.03975481539964676,0.012359432876110077,1.5281803607940674,0.012113576754927635,0.05561280623078346,0.012113576754927635,0.9296560287475586,0.2956754267215729,0.7082725763320923,0.8590865135192871
4,1294,0.03911865875124931,0.01179562509059906,1.8978135585784912,0.00834489893168211,0.048397377133369446,0.00834489893168211,0.9501014351844788,0.29887622594833374,0.726370096206665,0.8756157755851746
4,1295,0.03822770714759827,0.008107242174446583,1.6573233604431152,0.013547232374548912,0.057259343564510345,0.013547232374548912,0.9123712182044983,0.31746602058410645,0.7154654860496521,0.8571941256523132
4,1296,0.0439632385969162,0.016101595014333725,1.465802788734436,0.013203618116676807,0.05895666778087616,0.013203618116676807,0.9274314045906067,0.26965299248695374,0.6865836381912231,0.8432918190956116
4,1297,0.057134147733449936,0.029642842710018158,1.576210618019104,0.011729199439287186,0.05401220545172691,0.011729199439287186,0.9180437326431274,0.29611384868621826,0.7220701575279236,0.8694277405738831
4,1298,0.03500310331583023,0.0065124304965138435,1.5409572124481201,0.013081098906695843,0.05907177925109863,0.013081098906695843,0.9260854721069336,0.266797810792923,0.6891646385192871,0.8527542352676392
4,1299,0.04290926456451416,0.017878437414765358,1.4485020637512207,0.010545806027948856,0.05491156503558159,0.010545806027948856,0.9427682161331177,0.2737298607826233,0.6961988210678101,0.8542754054069519
4,1300,0.04163317009806633,0.007625135593116283,1.841792345046997,0.015590113587677479,0.06321650743484497,0.015590113587677479,0.9059044122695923,0.288845956325531,0.6877665519714355,0.8433502316474915
4,1301,0.03789995238184929,0.007887803949415684,1.921823501586914,0.010793914087116718,0.053071461617946625,0.010793914087116718,0.9322173595428467,0.3019603192806244,0.7192015051841736,0.8640968799591064
4,1302,0.035564109683036804,0.00937463715672493,1.350989580154419,0.012679575011134148,0.05564889311790466,0.012679575011134148,0.9207824468612671,0.2732134163379669,0.7235224843025208,0.8706854581832886
4,1303,0.04848477244377136,0.016326094046235085,1.792622447013855,0.0142324548214674,0.06215984374284744,0.0142324548214674,0.9176366329193115,0.2644110321998596,0.6730060577392578,0.835839569568634
4,1304,0.03741239383816719,0.010709855705499649,1.4609184265136719,0.012093354016542435,0.05776659771800041,0.012093354016542435,0.9330863952636719,0.2686004340648651,0.6873096227645874,0.8535895347595215
4,1305,0.04763816297054291,0.008895120583474636,2.527523994445801,0.013467801734805107,0.05533077195286751,0.013467801734805107,0.9098060131072998,0.3510684072971344,0.7436670660972595,0.8667068481445312
4,1306,0.03339732438325882,0.008886243216693401,1.4992517232894897,0.009518562816083431,0.05130908265709877,0.009518562816083431,0.9462935924530029,0.2967183291912079,0.708034873008728,0.868798017501831
4,1307,0.04373316466808319,0.01071185152977705,1.8674330711364746,0.014346983283758163,0.06432782858610153,0.014346983283758163,0.9213811755180359,0.2566881477832794,0.6688897013664246,0.8225085139274597
4,1308,0.04338216036558151,0.013998144306242466,1.5717583894729614,0.013666430488228798,0.05988398566842079,0.013666430488228798,0.9118500351905823,0.29379379749298096,0.6993421912193298,0.8416273593902588
4,1309,0.03657480329275131,0.009267624467611313,1.770439624786377,0.009602783247828484,0.05022599548101425,0.009602783247828484,0.9403946399688721,0.3043862581253052,0.73549884557724,0.8724450469017029
4,1310,0.046282317489385605,0.01572544313967228,1.9086635112762451,0.011470240540802479,0.05166612192988396,0.011470240540802479,0.9290206432342529,0.3238474726676941,0.7332953810691833,0.8770062327384949
4,1311,0.03210897371172905,0.006987032014876604,1.4012534618377686,0.011109407991170883,0.05563386529684067,0.011109407991170883,0.9430582523345947,0.2588568329811096,0.6799296140670776,0.8629581332206726
4,1312,0.038092464208602905,0.012890620157122612,1.398346185684204,0.011218380182981491,0.05542107671499252,0.011218380182981491,0.9370232820510864,0.27910181879997253,0.6878358125686646,0.8591403961181641
4,1313,0.037519559264183044,0.007242527790367603,1.7486639022827148,0.012790394946932793,0.055802613496780396,0.012790394946932793,0.9229456782341003,0.30977863073349,0.7184072136878967,0.8605331182479858
4,1314,0.03833390399813652,0.008148562163114548,1.775113582611084,0.01243420597165823,0.054888367652893066,0.01243420597165823,0.9167887568473816,0.31486377120018005,0.7358710765838623,0.8631695508956909
4,1315,0.0411984845995903,0.007252829149365425,2.0328598022460938,0.013617059215903282,0.06200449913740158,0.013617059215903282,0.9138009548187256,0.2662152051925659,0.6561387181282043,0.8351333737373352
4,1316,0.04042568802833557,0.012704318389296532,1.6129071712493896,0.011592300608754158,0.05654175207018852,0.011592300608754158,0.938117504119873,0.25694572925567627,0.682437002658844,0.862194299697876
4,1317,0.04022153466939926,0.013883155770599842,1.5452250242233276,0.01088612712919712,0.05830202251672745,0.01088612712919712,0.9436027407646179,0.23641851544380188,0.6597768664360046,0.8491860032081604
4,1318,0.03731655329465866,0.008929125033318996,1.6157221794128418,0.012230207212269306,0.058069974184036255,0.012230207212269306,0.9368067383766174,0.2705099880695343,0.6917960047721863,0.8467690944671631
4,1319,0.045248568058013916,0.01781974360346794,1.7060878276824951,0.010367946699261665,0.052449729293584824,0.010367946699261665,0.9410989284515381,0.29050543904304504,0.7074026465415955,0.864025890827179
4,1320,0.041131917387247086,0.010094747878611088,1.727914571762085,0.013758023269474506,0.056139249354600906,0.013758023269474506,0.916341245174408,0.322822242975235,0.7265611886978149,0.8668280839920044
4,1321,0.05172435939311981,0.0211455300450325,1.877302646636963,0.011805803515017033,0.05529040843248367,0.011805803515017033,0.9246442317962646,0.29238390922546387,0.7107921242713928,0.8631137609481812
4,1322,0.05690479278564453,0.024140482768416405,1.9252573251724243,0.013511741533875465,0.05998393893241882,0.013511741533875465,0.9126577973365784,0.2882232069969177,0.6875237822532654,0.8491598963737488
4,1323,0.04333440586924553,0.015252026729285717,1.3793584108352661,0.014288794249296188,0.06341569125652313,0.014288794249296188,0.9284680485725403,0.2573373317718506,0.6410006880760193,0.8330975770950317
4,1324,0.03962639719247818,0.010145147331058979,1.7094573974609375,0.012386675924062729,0.056111738085746765,0.012386675924062729,0.9266160130500793,0.31581804156303406,0.6944377422332764,0.8613658547401428
4,1325,0.03919496014714241,0.008589135482907295,1.6373828649520874,0.014231997542083263,0.06169850751757622,0.014231997542083263,0.9212030172348022,0.3045980930328369,0.6643032431602478,0.8373464345932007
4,1326,0.04170137643814087,0.006420888006687164,2.3153419494628906,0.012127069756388664,0.05534660071134567,0.012127069756388664,0.9249833822250366,0.31020408868789673,0.7045313119888306,0.8620546460151672
4,1327,0.04022017866373062,0.00952842365950346,1.7822482585906982,0.01286927331238985,0.05748610571026802,0.01286927331238985,0.9181901812553406,0.32119515538215637,0.7050820589065552,0.8466053009033203
4,1328,0.03651661053299904,0.011263752356171608,1.694934368133545,0.008303515613079071,0.04728398099541664,0.008303515613079071,0.9478100538253784,0.29632484912872314,0.7267338633537292,0.8902785778045654
4,1329,0.05470053851604462,0.02359708771109581,1.9827792644500732,0.011275658383965492,0.05440228432416916,0.011275658383965492,0.9381752014160156,0.29353204369544983,0.6975815296173096,0.8642295002937317
4,1330,0.04680222272872925,0.014083455316722393,2.100125312805176,0.011717511340975761,0.055677901953458786,0.011717511340975761,0.9294000864028931,0.31292828917503357,0.7063890695571899,0.8494420051574707
4,1331,0.038848672062158585,0.009369909763336182,1.8680932521820068,0.010797830298542976,0.048851773142814636,0.010797830298542976,0.933083713054657,0.3425114154815674,0.7587974071502686,0.8869613409042358
4,1332,0.04126717895269394,0.00848367903381586,2.050776243209839,0.012275738641619682,0.05414984002709389,0.012275738641619682,0.9217052459716797,0.3346320390701294,0.7320346236228943,0.8654916286468506
4,1333,0.05139472708106041,0.017934218049049377,2.1039164066314697,0.01242134254425764,0.05695214867591858,0.01242134254425764,0.9197057485580444,0.3062245547771454,0.6900593042373657,0.851068377494812
4,1334,0.041830483824014664,0.009857741184532642,2.147841453552246,0.01049432810395956,0.051751479506492615,0.01049432810395956,0.9287424087524414,0.3113202154636383,0.7326489686965942,0.8642714619636536
4,1335,0.03445454314351082,0.00959992315620184,1.5780009031295776,0.00907460879534483,0.0480935201048851,0.00907460879534483,0.9489047527313232,0.30471256375312805,0.7403774857521057,0.8784850835800171
4,1336,0.041464559733867645,0.010777645744383335,1.799280047416687,0.01269411388784647,0.05579538643360138,0.01269411388784647,0.9236968755722046,0.3080022633075714,0.7136561274528503,0.8539948463439941
4,1337,0.036513105034828186,0.005642273463308811,1.9530984163284302,0.011339846067130566,0.05202030763030052,0.011339846067130566,0.9309908151626587,0.31081080436706543,0.7372649312019348,0.8739569187164307
4,1338,0.036030616611242294,0.006809603422880173,1.719988465309143,0.012021128088235855,0.05582892522215843,0.012021128088235855,0.9309941530227661,0.28120580315589905,0.7035890817642212,0.8657178282737732
4,1339,0.040261778980493546,0.0065344274044036865,1.766815185546875,0.01605919934809208,0.061800744384527206,0.01605919934809208,0.908711850643158,0.2802901268005371,0.6979501843452454,0.8495742678642273
4,1340,0.03823458030819893,0.014429210685193539,1.4498778581619263,0.00930659007281065,0.048840124160051346,0.00930659007281065,0.9463484287261963,0.29729530215263367,0.7218353748321533,0.8849226832389832
4,1341,0.044452279806137085,0.009284899570047855,2.12641978263855,0.013903182931244373,0.05904964357614517,0.013903182931244373,0.9132263660430908,0.2971498370170593,0.697451651096344,0.851105809211731
4,1342,0.04411519691348076,0.010723765939474106,2.295722007751465,0.01043421309441328,0.04972931742668152,0.01043421309441328,0.9322918653488159,0.3225676119327545,0.7531576156616211,0.8769248723983765
4,1343,0.03930186852812767,0.012251736596226692,1.330254077911377,0.013747591525316238,0.06286195665597916,0.013747591525316238,0.9325866103172302,0.24917319416999817,0.6651609539985657,0.825844943523407
4,1344,0.05017131567001343,0.01998717151582241,1.7770484685897827,0.012413658201694489,0.054641030728816986,0.012413658201694489,0.9220765829086304,0.2925060987472534,0.7216880321502686,0.8627136945724487
4,1345,0.03703255206346512,0.007343471981585026,1.7779161930084229,0.011909917928278446,0.05660923942923546,0.011909917928278446,0.9278931617736816,0.29203328490257263,0.6950088143348694,0.8482642769813538
4,1346,0.039936408400535583,0.008437133394181728,1.9427355527877808,0.012071918696165085,0.052873268723487854,0.012071918696165085,0.9248175621032715,0.3068312406539917,0.7392145991325378,0.8699098229408264
4,1347,0.03689969331026077,0.010759525001049042,1.5731319189071655,0.010408852249383926,0.05400419235229492,0.010408852249383926,0.9429428577423096,0.25781142711639404,0.6945695281028748,0.8694910407066345
4,1348,0.044638343155384064,0.011890485882759094,1.8457372188568115,0.01429048739373684,0.060137830674648285,0.01429048739373684,0.9101023077964783,0.30441582202911377,0.6993995308876038,0.846134603023529
4,1349,0.041955675929784775,0.011264080181717873,1.6512627601623535,0.014178968966007233,0.06336652487516403,0.014178968966007233,0.9215461015701294,0.2561461925506592,0.6661129593849182,0.8268272280693054
4,1350,0.04530581086874008,0.013150254264473915,1.8696374893188477,0.01345918420702219,0.058135468512773514,0.01345918420702219,0.9123029112815857,0.29272395372390747,0.7078368067741394,0.8519557118415833
4,1351,0.05387606844305992,0.01777448132634163,2.0924367904663086,0.015177221037447453,0.06793466210365295,0.015177221037447453,0.9158567190170288,0.2526702284812927,0.6270026564598083,0.7987316250801086
4,1352,0.04005702957510948,0.006373724900186062,1.8622229099273682,0.01506107673048973,0.060032621026039124,0.01506107673048973,0.9063029289245605,0.2955324053764343,0.7128360271453857,0.852728009223938
4,1353,0.0391559824347496,0.0083458311855793,1.9418010711669922,0.011392141692340374,0.05430537462234497,0.011392141692340374,0.9253443479537964,0.29996347427368164,0.70423823595047,0.8627451062202454
4,1354,0.04664265364408493,0.01144166849553585,2.0789365768432617,0.014411619864404202,0.06189151108264923,0.014411619864404202,0.9100416302680969,0.2892293334007263,0.6770128607749939,0.8353893160820007
4,1355,0.0411265566945076,0.012036259286105633,1.9037182331085205,0.01005311869084835,0.04835428297519684,0.01005311869084835,0.9299263954162598,0.3590189814567566,0.7513731122016907,0.8791125416755676
4,1356,0.037918176501989365,0.0061955866403877735,2.0339784622192383,0.011382807977497578,0.052620306611061096,0.011382807977497578,0.9271190762519836,0.31531786918640137,0.7191061973571777,0.876878559589386
4,1357,0.040855564177036285,0.011210490018129349,2.0208401679992676,0.009436672553420067,0.05067439377307892,0.009436672553420067,0.9421886205673218,0.2872333824634552,0.708391547203064,0.8731846809387207
4,1358,0.04182695597410202,0.009721948765218258,1.9987915754318237,0.012117089703679085,0.05456434562802315,0.012117089703679085,0.9283809661865234,0.29360902309417725,0.7164661884307861,0.86789470911026
4,1359,0.04679577797651291,0.01082484982907772,2.1191911697387695,0.014779015444219112,0.06080859526991844,0.014779015444219112,0.9100836515426636,0.3125618100166321,0.6991662979125977,0.843860387802124
4,1360,0.04461003839969635,0.011245349422097206,2.0592236518859863,0.012772451154887676,0.0582851879298687,0.012772451154887676,0.9221587777137756,0.3014655113220215,0.697784423828125,0.8494114875793457
4,1361,0.03877098113298416,0.010336082428693771,1.7817083597183228,0.0106178168207407,0.05596756562590599,0.0106178168207407,0.9440165758132935,0.25869137048721313,0.6803552508354187,0.8468953967094421
4,1362,0.0452948659658432,0.007229977287352085,2.5621416568756104,0.01244347169995308,0.05655525624752045,0.01244347169995308,0.9241266846656799,0.3105350136756897,0.7060121297836304,0.8557087779045105
4,1363,0.04539334774017334,0.010556818917393684,2.333085298538208,0.011505677364766598,0.055522620677948,0.011505677364766598,0.9334076642990112,0.30017921328544617,0.6871479749679565,0.8573348522186279
4,1364,0.04331742227077484,0.009440075606107712,1.908296823501587,0.014794381335377693,0.062268760055303574,0.014794381335377693,0.9082512855529785,0.28028932213783264,0.67500901222229,0.840144693851471
4,1365,0.04165519028902054,0.009926510974764824,1.8347675800323486,0.013381005264818668,0.06552495807409286,0.013381005264818668,0.9351791739463806,0.20506516098976135,0.626014232635498,0.8232111930847168
4,1366,0.04771341383457184,0.0068779438734054565,2.543334484100342,0.015402124263346195,0.057127051055431366,0.015402124263346195,0.8872655034065247,0.3678656220436096,0.7424601912498474,0.8621290326118469
4,1367,0.04516003653407097,0.015005577355623245,1.6601189374923706,0.013553272932767868,0.06405045092105865,0.013553272932767868,0.9270811080932617,0.23791103065013885,0.6255871653556824,0.8179054856300354
4,1368,0.04262709990143776,0.0075036645866930485,2.3603644371032715,0.011519791558384895,0.05305958911776543,0.011519791558384895,0.9223081469535828,0.2869102358818054,0.7303115725517273,0.8758596181869507
4,1369,0.037012528628110886,0.006022387184202671,1.9740678071975708,0.011249463073909283,0.05358872935175896,0.011249463073909283,0.9315819144248962,0.31939366459846497,0.7149935364723206,0.8565530180931091
4,1370,0.041008707135915756,0.0064483764581382275,2.1999456882476807,0.012560873292386532,0.05655109882354736,0.012560873292386532,0.920186460018158,0.3075224757194519,0.7027623653411865,0.8454041481018066
4,1371,0.05165472626686096,0.016754401847720146,2.083061695098877,0.014069706201553345,0.06276988983154297,0.014069706201553345,0.9232519865036011,0.24622686207294464,0.6662553548812866,0.835785448551178
4,1372,0.0413561575114727,0.010894052684307098,2.061310052871704,0.0098490035161376,0.04957258328795433,0.0098490035161376,0.9361022710800171,0.30324795842170715,0.7348824739456177,0.8859783411026001
4,1373,0.06520230323076248,0.029874684289097786,2.306230068206787,0.012265317142009735,0.05788617581129074,0.012265317142009735,0.9285281896591187,0.27563315629959106,0.683140754699707,0.8495205044746399
4,1374,0.03673838824033737,0.0073980912566185,1.7345422506332397,0.01199487317353487,0.05349220708012581,0.01199487317353487,0.9259476661682129,0.3124924302101135,0.7262207865715027,0.8729552626609802
4,1375,0.04230257123708725,0.011904578655958176,2.0467939376831055,0.009930050000548363,0.051215026527643204,0.009930050000548363,0.9435818791389465,0.2888234257698059,0.7191948890686035,0.8717067837715149
4,1376,0.05154958367347717,0.01670697145164013,2.2533042430877686,0.012309568002820015,0.053954534232616425,0.012309568002820015,0.9186355471611023,0.30718159675598145,0.7295562624931335,0.8662166595458984
4,1377,0.04494335874915123,0.010058469139039516,2.278703212738037,0.0120978569611907,0.054841164499521255,0.0120978569611907,0.9233796000480652,0.29462623596191406,0.7212689518928528,0.8594706058502197
4,1378,0.042798399925231934,0.009125463664531708,1.9672589302062988,0.014000345952808857,0.05972462520003319,0.014000345952808857,0.9201725125312805,0.29379379749298096,0.7054911851882935,0.8408408164978027
4,1379,0.043272919952869415,0.010701805353164673,2.1446776390075684,0.011124338954687119,0.05374351516366005,0.011124338954687119,0.9344807267189026,0.2968437075614929,0.7009186148643494,0.862265944480896
4,1380,0.03949562460184097,0.006411080714315176,2.217778205871582,0.010906762443482876,0.05193030834197998,0.010906762443482876,0.9322689771652222,0.3062075674533844,0.7318003177642822,0.8728106617927551
4,1381,0.04116299748420715,0.010540198534727097,1.7305102348327637,0.013317694887518883,0.06065439060330391,0.013317694887518883,0.9350650906562805,0.22245913743972778,0.68034827709198,0.8441720008850098
4,1382,0.04646358639001846,0.012523695826530457,2.209426164627075,0.01184562873095274,0.054802022874355316,0.01184562873095274,0.9213095307350159,0.30511635541915894,0.7187047004699707,0.8595594763755798
4,1383,0.03864063695073128,0.009506885893642902,2.0399060249328613,0.008734690956771374,0.046079929918050766,0.008734690956771374,0.9463558197021484,0.3120918273925781,0.7495408058166504,0.8958673477172852
4,1384,0.040585294365882874,0.009119769558310509,2.2363927364349365,0.00910160131752491,0.04460615664720535,0.00910160131752491,0.9404370784759521,0.3555997908115387,0.7731209397315979,0.9026879072189331
4,1385,0.04057564586400986,0.008751288056373596,2.0951168537139893,0.010873191058635712,0.0547613725066185,0.010873191058635712,0.9341950416564941,0.29055556654930115,0.7072222232818604,0.8501587510108948
4,1386,0.039556123316287994,0.007239322643727064,1.75128972530365,0.014803902246057987,0.06113160401582718,0.014803902246057987,0.9091419577598572,0.2925207316875458,0.697465181350708,0.8397746682167053
4,1387,0.04067350924015045,0.008722390979528427,1.8937888145446777,0.013013229705393314,0.05611468479037285,0.013013229705393314,0.9196598529815674,0.3225465714931488,0.7240993976593018,0.8567701578140259
4,1388,0.04027006775140762,0.013764271512627602,1.7455493211746216,0.00905030407011509,0.05021367967128754,0.00905030407011509,0.9478964805603027,0.27721744775772095,0.710067868232727,0.8748701214790344
4,1389,0.04234123229980469,0.011792752891778946,1.7800049781799316,0.012748430483043194,0.055878326296806335,0.012748430483043194,0.924403727054596,0.3166666626930237,0.7217503190040588,0.8574002385139465
4,1390,0.039286695420742035,0.00999803002923727,1.8613674640655518,0.010674988850951195,0.05146103724837303,0.010674988850951195,0.9383495450019836,0.3131890594959259,0.728985607624054,0.8730677366256714
4,1391,0.03805356100201607,0.005194390192627907,2.2025418281555176,0.010833753272891045,0.05140383541584015,0.010833753272891045,0.9308118224143982,0.3151243031024933,0.7434595227241516,0.8775763511657715
4,1392,0.041556961834430695,0.010216796770691872,1.975189208984375,0.011588272638618946,0.05511289834976196,0.011588272638618946,0.9314646124839783,0.2775956392288208,0.7094457745552063,0.8611240983009338
4,1393,0.03973982483148575,0.007137811742722988,2.0370748043060303,0.01223126333206892,0.05515914037823677,0.01223126333206892,0.9319638609886169,0.2838035821914673,0.7095726132392883,0.8684160113334656
4,1394,0.03821336105465889,0.006867023650556803,2.1263415813446045,0.01008292380720377,0.049936216324567795,0.01008292380720377,0.9405260682106018,0.3027096390724182,0.7361445426940918,0.8789482116699219
4,1395,0.060562606900930405,0.02736665867269039,2.1165201663970947,0.01203074585646391,0.05391985550522804,0.01203074585646391,0.9285097718238831,0.3108314573764801,0.7319782972335815,0.8675162196159363
4,1396,0.02987145259976387,0.0055115786381065845,1.462937593460083,0.009730498306453228,0.050919391214847565,0.009730498306453228,0.9451347589492798,0.2780388593673706,0.7223527431488037,0.8771146535873413
4,1397,0.04589926823973656,0.012081174179911613,2.1459462642669678,0.012358631938695908,0.05413361266255379,0.012358631938695908,0.9299514293670654,0.32176029682159424,0.7293969988822937,0.8673153519630432
4,1398,0.045386843383312225,0.01270891074091196,1.7919328212738037,0.01475860457867384,0.060884639620780945,0.01475860457867384,0.9151256084442139,0.32486507296562195,0.700539767742157,0.8428211808204651
4,1399,0.04471331089735031,0.015900909900665283,1.7346272468566895,0.0114661306142807,0.05119144544005394,0.0114661306142807,0.928745448589325,0.34989747405052185,0.7460013628005981,0.8725905418395996
4,1400,0.04373146593570709,0.011304272338747978,1.7541370391845703,0.01488582231104374,0.06098371371626854,0.01488582231104374,0.9179912805557251,0.3137284517288208,0.6947059035301208,0.8357557058334351
4,1401,0.0468628890812397,0.014822075143456459,1.8769192695617676,0.013271622359752655,0.05516264960169792,0.013271622359752655,0.9154371619224548,0.3222293257713318,0.7280880808830261,0.866985023021698
4,1402,0.038419973105192184,0.009680774062871933,1.8457772731781006,0.010281425900757313,0.05124225094914436,0.010281425900757313,0.9349640607833862,0.2972796857357025,0.7188467383384705,0.8691426515579224
4,1403,0.04709507152438164,0.013395271264016628,2.121492862701416,0.012484869919717312,0.05510907992720604,0.012484869919717312,0.9243038296699524,0.321773886680603,0.7209742069244385,0.8623046278953552
4,1404,0.036560215055942535,0.008436156436800957,1.771120309829712,0.010412856936454773,0.05019736662507057,0.010412856936454773,0.9396916031837463,0.30260521173477173,0.7325364947319031,0.8774692416191101
4,1405,0.042789146304130554,0.011963654309511185,1.7161991596221924,0.013663501478731632,0.06093514338135719,0.013663501478731632,0.9191337823867798,0.28070032596588135,0.6729409694671631,0.8439092636108398
4,1406,0.06648306548595428,0.03242602199316025,2.0838961601257324,0.013218078762292862,0.056316375732421875,0.013218078762292862,0.9234833121299744,0.3074459433555603,0.7195470929145813,0.8602882027626038
4,1407,0.03915370628237724,0.008520569652318954,1.6075029373168945,0.014558108523488045,0.06091506779193878,0.014558108523488045,0.9238313436508179,0.2845243811607361,0.6803387403488159,0.8413942456245422
4,1408,0.05740436166524887,0.025665946304798126,1.9472320079803467,0.012266097590327263,0.057295557111501694,0.012266097590327263,0.9350470304489136,0.27247387170791626,0.6961672306060791,0.8582752346992493
4,1409,0.046862609684467316,0.01483496930450201,2.0785014629364014,0.011242623440921307,0.05056442692875862,0.011242623440921307,0.9263750314712524,0.35466939210891724,0.7386583089828491,0.87590491771698
4,1410,0.045518986880779266,0.011513153091073036,2.341979503631592,0.010586039163172245,0.048493340611457825,0.010586039163172245,0.9258492588996887,0.3592256009578705,0.7558459043502808,0.8835084438323975
4,1411,0.03993799164891243,0.00936895702034235,2.0593223571777344,0.009975813329219818,0.047534774988889694,0.009975813329219818,0.931026816368103,0.3572227358818054,0.7626857161521912,0.8882381319999695
4,1412,0.045928891748189926,0.010322712361812592,2.3303780555725098,0.012302398681640625,0.052991777658462524,0.012302398681640625,0.9162960052490234,0.33795347809791565,0.73690265417099,0.8677508234977722
4,1413,0.044786710292100906,0.01557697169482708,1.8835029602050781,0.010374709963798523,0.050029315054416656,0.010374709963798523,0.9389044046401978,0.31581544876098633,0.7408709526062012,0.8770663738250732
4,1414,0.04575882479548454,0.014161035418510437,1.862691879272461,0.01297086849808693,0.05347435176372528,0.01297086849808693,0.9204220771789551,0.3438161611557007,0.7361440062522888,0.870220422744751
4,1415,0.03890956938266754,0.006375868804752827,2.1282527446746826,0.011251173913478851,0.048356346786022186,0.011251173913478851,0.9305991530418396,0.36512309312820435,0.7626481056213379,0.8854344487190247
4,1416,0.04104597866535187,0.011619600467383862,1.8806774616241455,0.010619604960083961,0.051418423652648926,0.010619604960083961,0.9377859234809875,0.305812805891037,0.7310344576835632,0.8696880340576172
4,1417,0.0482485368847847,0.015038988552987576,2.057508945465088,0.012634458020329475,0.056977637112140656,0.012634458020329475,0.9240834712982178,0.2859468460083008,0.6970754265785217,0.8555729985237122
4,1418,0.04368087649345398,0.011805076152086258,2.0085182189941406,0.011790617369115353,0.05614715442061424,0.011790617369115353,0.9331341981887817,0.28202036023139954,0.6964945197105408,0.8556351065635681
4,1419,0.052968449890613556,0.011540194973349571,2.84999942779541,0.01292826421558857,0.054346758872270584,0.01292826421558857,0.9153499007225037,0.3105590045452118,0.7354255318641663,0.8639533519744873
4,1420,0.0538063608109951,0.02155647613108158,1.9471927881240845,0.012777958065271378,0.058587074279785156,0.012777958065271378,0.9272230863571167,0.2785157263278961,0.6802639365196228,0.8448024392127991
4,1421,0.0430549718439579,0.012537759728729725,1.6975587606430054,0.013541624881327152,0.061900414526462555,0.013541624881327152,0.9332892298698425,0.2361324429512024,0.659583568572998,0.8331626653671265
4,1422,0.04870038852095604,0.010855251923203468,2.7980332374572754,0.009864804334938526,0.04901595786213875,0.009864804334938526,0.9329457879066467,0.314083069562912,0.7401482462882996,0.8802857995033264
4,1423,0.05303819477558136,0.02268834412097931,1.9616283178329468,0.010733566246926785,0.053688421845436096,0.010733566246926785,0.9361139535903931,0.27143487334251404,0.7196955680847168,0.8694093227386475
4,1424,0.06398182362318039,0.032314710319042206,1.9363579750061035,0.012303533032536507,0.0568535178899765,0.012303533032536507,0.9102561473846436,0.29861417412757874,0.7159073948860168,0.8493292331695557
4,1425,0.05269581452012062,0.01682835817337036,2.245338201522827,0.013414072804152966,0.05878165736794472,0.013414072804152966,0.9177042245864868,0.27548015117645264,0.7058039903640747,0.8509042263031006
4,1426,0.043778080493211746,0.018455717712640762,1.7000991106033325,0.008321371860802174,0.046187207102775574,0.008321371860802174,0.9474171996116638,0.28616654872894287,0.7465656399726868,0.8952456116676331
4,1427,0.041736431419849396,0.009779756888747215,1.9503774642944336,0.012452901341021061,0.05541156977415085,0.012452901341021061,0.9293634295463562,0.2638288736343384,0.6913379430770874,0.8665627837181091
4,1428,0.040098048746585846,0.008293354883790016,1.7468417882919312,0.01433627586811781,0.06067696586251259,0.01433627586811781,0.9140334129333496,0.2896272540092468,0.6880620718002319,0.8465023636817932
4,1429,0.04610008746385574,0.01666576787829399,1.699501395225525,0.012439308688044548,0.05868640914559364,0.012439308688044548,0.9239915609359741,0.2755294740200043,0.6751652359962463,0.8483070135116577
4,1430,0.04397539421916008,0.01356736570596695,1.7527623176574707,0.012880404479801655,0.05993427336215973,0.012880404479801655,0.9300634264945984,0.2721518874168396,0.6609403491020203,0.8378971815109253
4,1431,0.03571225330233574,0.008634842932224274,1.6155333518981934,0.010922078974545002,0.05216089263558388,0.010922078974545002,0.9330896139144897,0.2841566503047943,0.7214063405990601,0.8770954012870789
4,1432,0.04166707769036293,0.009184090420603752,1.8190031051635742,0.014292956329882145,0.06215892359614372,0.014292956329882145,0.9234359860420227,0.2707329988479614,0.6715489625930786,0.8427634835243225
4,1433,0.05429946258664131,0.021122770383954048,1.756895661354065,0.015607733279466629,0.06558385491371155,0.015607733279466629,0.9173165559768677,0.25134265422821045,0.6596593260765076,0.8322080969810486
4,1434,0.04664462059736252,0.011704318225383759,2.431471109390259,0.01062559150159359,0.05154833942651749,0.01062559150159359,0.9321349263191223,0.3059897720813751,0.7352834939956665,0.8709694147109985
4,1435,0.048047423362731934,0.013253163546323776,2.102449893951416,0.013769760727882385,0.05960332602262497,0.013769760727882385,0.9172064661979675,0.2790372669696808,0.7007246613502502,0.8474119901657104
4,1436,0.03547000512480736,0.006541616283357143,1.8773550987243652,0.010154838673770428,0.0510125607252121,0.010154838673770428,0.9427551627159119,0.2927553057670593,0.7240616679191589,0.8725633025169373
4,1437,0.04726928472518921,0.012612204067409039,2.3194963932037354,0.011462118476629257,0.05705583468079567,0.011462118476629257,0.9332505464553833,0.2610328495502472,0.6891348361968994,0.8439972996711731
4,1438,0.039709415286779404,0.010786795988678932,1.7279751300811768,0.01164286769926548,0.054476797580718994,0.01164286769926548,0.9278201460838318,0.2980755865573883,0.7199044823646545,0.8596712946891785
4,1439,0.034087181091308594,0.008360885083675385,1.548071026802063,0.010245585814118385,0.05165795981884003,0.010245585814118385,0.9402172565460205,0.2902330756187439,0.7258601784706116,0.8718883991241455
4,1440,0.044931456446647644,0.016612062230706215,1.7187138795852661,0.011132256127893925,0.05245848745107651,0.011132256127893925,0.9369031190872192,0.2965491712093353,0.7280890345573425,0.8640445470809937
4,1441,0.04673156142234802,0.018365126103162766,1.8441493511199951,0.009924941696226597,0.05198197066783905,0.009924941696226597,0.9324826598167419,0.3060203790664673,0.7101173400878906,0.863038182258606
4,1442,0.0437442921102047,0.014263185672461987,1.8348338603973389,0.011132769286632538,0.0557895302772522,0.011132769286632538,0.9403172731399536,0.27384987473487854,0.6839386820793152,0.8535916209220886
4,1443,0.04354061931371689,0.010554894804954529,2.023573160171509,0.012749992311000824,0.05877820774912834,0.012749992311000824,0.9252645969390869,0.2624073326587677,0.6982032656669617,0.8483477830886841
4,1444,0.045220986008644104,0.01487026922404766,2.071598529815674,0.009634731337428093,0.05052709951996803,0.009634731337428093,0.9431473016738892,0.28405314683914185,0.7226577997207642,0.8766112923622131
4,1445,0.051972195506095886,0.01956031285226345,2.0365662574768066,0.012046217918395996,0.05520164594054222,0.012046217918395996,0.9228048324584961,0.2796177268028259,0.7152194380760193,0.8679079413414001
4,1446,0.05083693563938141,0.01189294084906578,2.490847110748291,0.014035524800419807,0.058641135692596436,0.014035524800419807,0.9147498607635498,0.2935695946216583,0.7172695398330688,0.8574473261833191
4,1447,0.04324060305953026,0.011265508830547333,1.7590839862823486,0.0143842538818717,0.059584345668554306,0.0143842538818717,0.9101321697235107,0.30377504229545593,0.7044408321380615,0.846518874168396
4,1448,0.04248308017849922,0.011300310492515564,1.7026290893554688,0.014156480319797993,0.063589908182621,0.014156480319797993,0.9271650314331055,0.21403855085372925,0.6586257815361023,0.8351952433586121
4,1449,0.05069764703512192,0.019152386114001274,1.6238999366760254,0.01530626229941845,0.06565406173467636,0.01530626229941845,0.9217669367790222,0.24188761413097382,0.6634349226951599,0.821329653263092
4,1450,0.0444486066699028,0.01297224685549736,2.031364917755127,0.011162712238729,0.054672423750162125,0.011162712238729,0.9369581937789917,0.25541773438453674,0.699743390083313,0.8661248683929443
4,1451,0.040920574218034744,0.012434452772140503,1.550110101699829,0.01298502180725336,0.057690177112817764,0.01298502180725336,0.9288694262504578,0.2646540701389313,0.7050768733024597,0.8545804023742676
4,1452,0.04170665889978409,0.014517145231366158,1.7434570789337158,0.009754939004778862,0.05030301585793495,0.009754939004778862,0.941245973110199,0.28737542033195496,0.7277131676673889,0.8791528344154358
4,1453,0.04735279083251953,0.017658162862062454,1.826938271522522,0.011425244621932507,0.05292099714279175,0.011425244621932507,0.9329261183738708,0.2969744801521301,0.7188108563423157,0.8705604076385498
4,1454,0.040254537016153336,0.012236117385327816,1.8548046350479126,0.009470374323427677,0.05307896435260773,0.009470374323427677,0.9474776983261108,0.25660520792007446,0.6861751079559326,0.8630568385124207
4,1455,0.04063582792878151,0.009678277187049389,1.8767459392547607,0.012190092355012894,0.05586451292037964,0.012190092355012894,0.9282140731811523,0.28921452164649963,0.709598958492279,0.8562529683113098
4,1456,0.04613649472594261,0.01728895865380764,1.6770122051239014,0.012077412568032742,0.05775987356901169,0.012077412568032742,0.9311513900756836,0.2680760622024536,0.6925819516181946,0.8453840613365173
4,1457,0.04284917563199997,0.01720813289284706,1.516845464706421,0.010472586378455162,0.052295465022325516,0.010472586378455162,0.9368769526481628,0.3018573224544525,0.7200717329978943,0.862755298614502
4,1458,0.043116457760334015,0.01110689528286457,2.136681079864502,0.010642752051353455,0.05313938483595848,0.010642752051353455,0.935334324836731,0.2679293155670166,0.7164222002029419,0.8688647747039795
4,1459,0.03988470137119293,0.009881692007184029,1.618438482284546,0.013818626292049885,0.06339415162801743,0.013818626292049885,0.9228981733322144,0.24209123849868774,0.6637529134750366,0.8250083327293396
4,1460,0.04739711433649063,0.011112844571471214,2.2532474994659424,0.013751797378063202,0.062279604375362396,0.013751797378063202,0.9180874824523926,0.24883206188678741,0.6672608852386475,0.8316941261291504
4,1461,0.044081952422857285,0.014289762824773788,1.6271449327468872,0.013520739041268826,0.06081744283437729,0.013520739041268826,0.9250316023826599,0.24521824717521667,0.6798850893974304,0.842569887638092
4,1462,0.04036727547645569,0.008270902559161186,2.106525182723999,0.01103112194687128,0.053608741611242294,0.01103112194687128,0.9315537214279175,0.2737756073474884,0.7075701951980591,0.8695563673973083
4,1463,0.032594893127679825,0.00796311255544424,1.4697635173797607,0.009934146888554096,0.05325033888220787,0.009934146888554096,0.943421483039856,0.23579849302768707,0.695375919342041,0.8676313161849976
4,1464,0.057386916130781174,0.01918298378586769,2.3443009853363037,0.014760921709239483,0.06344528496265411,0.014760921709239483,0.9118794798851013,0.2393341064453125,0.6747967600822449,0.8353852033615112
4,1465,0.040808096528053284,0.009509902447462082,1.989888310432434,0.011399311013519764,0.05615280568599701,0.011399311013519764,0.9270460605621338,0.24748139083385468,0.7055253386497498,0.8583943247795105
4,1466,0.0429588183760643,0.01140714529901743,1.9920872449874878,0.011630800552666187,0.05591448396444321,0.011630800552666187,0.9317482113838196,0.24607142806053162,0.7089285850524902,0.8577142953872681
4,1467,0.03448859602212906,0.00885537639260292,1.6570563316345215,0.00906265527009964,0.053271736949682236,0.00906265527009964,0.9517865180969238,0.22324052453041077,0.6883307695388794,0.862739622592926
4,1468,0.04352869838476181,0.012892243452370167,1.6869568824768066,0.013766882941126823,0.06147950142621994,0.013766882941126823,0.9168682098388672,0.22362466156482697,0.6859182715415955,0.8496206998825073
4,1469,0.04364524409174919,0.016762439161539078,1.64202880859375,0.010462518781423569,0.05326521396636963,0.010462518781423569,0.9388789534568787,0.23875604569911957,0.7129228115081787,0.8712674975395203
4,1470,0.05279584974050522,0.02018292248249054,2.039567470550537,0.01221725344657898,0.05614027753472328,0.01221725344657898,0.9225162267684937,0.270810604095459,0.7088937163352966,0.8570822477340698
4,1471,0.038049519062042236,0.011819914914667606,1.4210941791534424,0.012018661946058273,0.05935094878077507,0.012018661946058273,0.9420769810676575,0.22687259316444397,0.6634749174118042,0.8427799344062805
4,1472,0.04705075919628143,0.012445371598005295,1.9902410507202148,0.014702975749969482,0.05994192883372307,0.014702975749969482,0.9110089540481567,0.27974796295166016,0.6939333081245422,0.8515111207962036
4,1473,0.03728286921977997,0.010424402542412281,1.6384334564208984,0.010474136099219322,0.05584554374217987,0.010474136099219322,0.9480013251304626,0.24277420341968536,0.6647099852561951,0.8551649451255798
4,1474,0.03938911482691765,0.00901946984231472,1.8136484622955322,0.012233161367475986,0.05480850487947464,0.012233161367475986,0.9272412657737732,0.2880045771598816,0.7206412553787231,0.8629831075668335
4,1475,0.04171363636851311,0.010771948844194412,2.0679006576538086,0.010262679308652878,0.05493262782692909,0.010262679308652878,0.935812771320343,0.24935807287693024,0.6746615171432495,0.8570261597633362
4,1476,0.04812891036272049,0.015053456649184227,2.038635015487671,0.012689105235040188,0.05887984111905098,0.012689105235040188,0.9211529493331909,0.2620297372341156,0.6904761791229248,0.847519040107727
4,1477,0.04485609009861946,0.01472883764654398,1.8957054615020752,0.01117019634693861,0.05492110550403595,0.01117019634693861,0.9253077507019043,0.25964680314064026,0.7137413620948792,0.8628281354904175
4,1478,0.044278550893068314,0.00882013700902462,2.042511224746704,0.015033301897346973,0.06353691220283508,0.015033301897346973,0.9080415964126587,0.24889610707759857,0.682662308216095,0.8361039161682129
4,1479,0.04093267023563385,0.009868198074400425,1.7567696571350098,0.01349677424877882,0.05857257917523384,0.01349677424877882,0.9171823263168335,0.2706800699234009,0.7128782272338867,0.8495937585830688
4,1480,0.03766806051135063,0.008122100494801998,1.6579539775848389,0.01296642143279314,0.05938524380326271,0.01296642143279314,0.9192323088645935,0.25651833415031433,0.6876658797264099,0.8413739204406738
4,1481,0.04479578137397766,0.014607703313231468,2.0066938400268555,0.01012114156037569,0.05087671056389809,0.01012114156037569,0.926016092300415,0.29399219155311584,0.7421156764030457,0.8692803978919983
4,1482,0.04299033805727959,0.014037778601050377,1.639522910118103,0.01255733147263527,0.06215231493115425,0.01255733147263527,0.9235618114471436,0.23807069659233093,0.6503682136535645,0.816347599029541
4,1483,0.035269845277071,0.007231333293020725,1.8585069179534912,0.009453441947698593,0.05356255918741226,0.009453441947698593,0.9484114050865173,0.24244539439678192,0.6879754066467285,0.8639821410179138
4,1484,0.04133153334259987,0.011562913656234741,1.56479811668396,0.014120638370513916,0.06442318856716156,0.014120638370513916,0.9110851287841797,0.23429079353809357,0.6604527235031128,0.8235368728637695
4,1485,0.03502584993839264,0.009462369605898857,1.2861204147338867,0.012702275067567825,0.06341714411973953,0.012702275067567825,0.9374804496765137,0.1985229253768921,0.628196656703949,0.8264991044998169
4,1486,0.03878841921687126,0.010538680478930473,1.783809781074524,0.0104116415604949,0.052742138504981995,0.0104116415604949,0.929232120513916,0.2506929934024811,0.7150294184684753,0.8740450143814087
4,1487,0.04724306985735893,0.015047205612063408,1.5523841381072998,0.01667202264070511,0.06918041408061981,0.01667202264070511,0.9044698476791382,0.20467686653137207,0.6424319744110107,0.8166666626930237
4,1488,0.038913793861866,0.009228456765413284,1.454010009765625,0.015145238488912582,0.06427322328090668,0.015145238488912582,0.9124231934547424,0.22043046355247498,0.6851550936698914,0.8348397016525269
4,1489,0.044194746762514114,0.013019688427448273,1.6772407293319702,0.014402652159333229,0.06243499368429184,0.014402652159333229,0.9154612421989441,0.23025289177894592,0.6680452823638916,0.8426334261894226
4,1490,0.0554078072309494,0.024994805455207825,1.8227458000183105,0.012185542844235897,0.060554876923561096,0.012185542844235897,0.9333561658859253,0.23003128170967102,0.6513034701347351,0.8355926275253296
4,1491,0.04552793130278587,0.0164969339966774,1.7369146347045898,0.011661854572594166,0.05891761928796768,0.011661854572594166,0.9347732067108154,0.23815058171749115,0.6622395515441895,0.8394621014595032
4,1492,0.033129241317510605,0.007634783163666725,1.4170784950256348,0.011323672719299793,0.05571317672729492,0.011323672719299793,0.9323579668998718,0.2716730833053589,0.7002444863319397,0.8531610369682312
4,1493,0.03766544163227081,0.008600940927863121,1.523651361465454,0.013827987015247345,0.06014017388224602,0.013827987015247345,0.9219749569892883,0.2549634277820587,0.695029079914093,0.8552022576332092
4,1494,0.04027285426855087,0.008336439728736877,1.999079704284668,0.011945619247853756,0.05550067499279976,0.011945619247853756,0.922694981098175,0.29032257199287415,0.7260427474975586,0.8572610020637512
4,1495,0.03239307180047035,0.006195812486112118,1.7409491539001465,0.008787769824266434,0.04906373843550682,0.008787769824266434,0.9419341683387756,0.2855522036552429,0.7281175851821899,0.8747028112411499
4,1496,0.042634714394807816,0.013796955347061157,1.672317385673523,0.012114587239921093,0.058329176157712936,0.012114587239921093,0.9263285398483276,0.24902817606925964,0.6888970136642456,0.8504008650779724
4,1497,0.03939030319452286,0.00886742677539587,1.3651643991470337,0.01687123440206051,0.06687305122613907,0.01687123440206051,0.9042152166366577,0.2378355711698532,0.6695230007171631,0.8315556049346924
4,1498,0.042038511484861374,0.012349247932434082,1.829202651977539,0.011397236958146095,0.05689474940299988,0.011397236958146095,0.9297397136688232,0.25159451365470886,0.6840671300888062,0.8521270751953125
4,1499,0.050728294998407364,0.0167216919362545,2.194343328475952,0.012063171714544296,0.05597196891903877,0.012063171714544296,0.9208742380142212,0.2919931411743164,0.7103681564331055,0.8521519899368286
4,1500,0.04168974608182907,0.009335290640592575,1.9560842514038086,0.012793615460395813,0.05529308691620827,0.012793615460395813,0.9146711826324463,0.30110710859298706,0.7238516211509705,0.8662717342376709
4,1501,0.04316385090351105,0.012105382047593594,1.490337610244751,0.016155093908309937,0.0745738297700882,0.016155093908309937,0.9249693751335144,0.16985376179218292,0.5473974943161011,0.7734942436218262
4,1502,0.041426196694374084,0.014313649386167526,1.4234888553619385,0.012877659872174263,0.05941106006503105,0.012877659872174263,0.926621675491333,0.23687024414539337,0.6631030440330505,0.8534010648727417
4,1503,0.04156045615673065,0.009455133229494095,1.778254747390747,0.014322775416076183,0.06406262516975403,0.014322775416076183,0.9101218581199646,0.24239850044250488,0.6597588062286377,0.8162901401519775
4,1504,0.043949007987976074,0.011862818151712418,1.7997957468032837,0.014088232070207596,0.06474952399730682,0.014088232070207596,0.9243810176849365,0.2374146282672882,0.6483137607574463,0.8103217482566833
4,1505,0.035369206219911575,0.007065223529934883,1.5639159679412842,0.012664821930229664,0.062005411833524704,0.012664821930229664,0.9231155514717102,0.22204387187957764,0.6484751105308533,0.8362760543823242
4,1506,0.04018856957554817,0.009523740038275719,1.466117262840271,0.01600365713238716,0.076966293156147,0.01600365713238716,0.920598566532135,0.19106940925121307,0.5436822772026062,0.7353178858757019
4,1507,0.048880573362112045,0.013366805389523506,2.082764148712158,0.014686125330626965,0.06540420651435852,0.014686125330626965,0.9231342673301697,0.2297675758600235,0.6559921503067017,0.8213339447975159
4,1508,0.05075763165950775,0.016594141721725464,1.9493942260742188,0.014669546857476234,0.06379971653223038,0.014669546857476234,0.9050694704055786,0.2852747142314911,0.6690109968185425,0.8099145293235779
4,1509,0.04652424156665802,0.012984886765480042,1.8356906175613403,0.01518244855105877,0.0658683106303215,0.01518244855105877,0.9149667024612427,0.2549993395805359,0.6303750872612,0.8124428391456604
4,1510,0.03948893025517464,0.00835466105490923,1.7840867042541504,0.013293403200805187,0.05813455954194069,0.013293403200805187,0.9272072315216064,0.26854854822158813,0.6933689117431641,0.8537096977233887
4,1511,0.044236790388822556,0.01518227532505989,1.5500026941299438,0.013554488308727741,0.06651634722948074,0.013554488308727741,0.9289688467979431,0.22107702493667603,0.6083413362503052,0.8028923273086548
4,1512,0.042026590555906296,0.007638425100594759,2.126979351043701,0.013118373230099678,0.05992519482970238,0.013118373230099678,0.9196746349334717,0.2610325813293457,0.6907755732536316,0.8422244787216187
4,1513,0.04308878630399704,0.01186327449977398,1.9917988777160645,0.011307524517178535,0.05608677119016647,0.011307524517178535,0.9304999709129333,0.2673586308956146,0.6814531683921814,0.8497132062911987
4,1514,0.04477187991142273,0.011590034700930119,1.7455259561538696,0.015726584941148758,0.06574559211730957,0.015726584941148758,0.9046347737312317,0.27245745062828064,0.6521567106246948,0.8157894611358643
4,1515,0.03930949792265892,0.008485058322548866,1.7120461463928223,0.01370397862046957,0.05914570018649101,0.01370397862046957,0.9158015847206116,0.2895980179309845,0.7029581069946289,0.8439381122589111
4,1516,0.041644301265478134,0.014653276652097702,1.5068705081939697,0.011922317557036877,0.05813750624656677,0.011922317557036877,0.9280880093574524,0.25787124037742615,0.6702302694320679,0.8422227501869202
4,1517,0.039250485599040985,0.010438192635774612,1.6909372806549072,0.01190292276442051,0.06097172200679779,0.01190292276442051,0.9237869381904602,0.25570520758628845,0.6417056322097778,0.8246911764144897
4,1518,0.03461142256855965,0.007153079379349947,1.3748044967651367,0.013710296712815762,0.05815136432647705,0.013710296712815762,0.9151584506034851,0.2996746003627777,0.7080928087234497,0.8528918027877808
4,1519,0.03788648173213005,0.009047886356711388,1.6536388397216797,0.012302207760512829,0.05905941501259804,0.012302207760512829,0.928027331829071,0.24576875567436218,0.6705142259597778,0.8494909405708313
4,1520,0.040434736758470535,0.009469293989241123,1.9831116199493408,0.011134326457977295,0.05712229385972023,0.011134326457977295,0.9363323450088501,0.22985348105430603,0.6593406796455383,0.860805869102478
4,1521,0.03609347343444824,0.005955231375992298,1.7748280763626099,0.012389960698783398,0.05438746511936188,0.012389960698783398,0.9181655049324036,0.2838701605796814,0.7435455918312073,0.8687607645988464
4,1522,0.039719514548778534,0.0119956498965621,1.7684426307678223,0.01003943756222725,0.05134968459606171,0.01003943756222725,0.9383715391159058,0.2874762713909149,0.7078476548194885,0.8725941777229309
4,1523,0.04616042599081993,0.014899578876793385,1.7815650701522827,0.013445199467241764,0.062065135687589645,0.013445199467241764,0.9195459485054016,0.26302120089530945,0.6585782766342163,0.820915937423706
4,1524,0.03644938766956329,0.006546291522681713,1.7480237483978271,0.012422860600054264,0.05896081402897835,0.012422860600054264,0.9301677942276001,0.2627565860748291,0.6828655004501343,0.8426476716995239
4,1525,0.04293349012732506,0.007032292429357767,2.269623279571533,0.013204964809119701,0.05676205828785896,0.013204964809119701,0.9057523608207703,0.29232752323150635,0.7236451506614685,0.8528834581375122
4,1526,0.04127395153045654,0.005616062320768833,1.998172640800476,0.015676161274313927,0.0660899206995964,0.015676161274313927,0.9134027361869812,0.2612866759300232,0.6426959037780762,0.8114318251609802
4,1527,0.03825078904628754,0.01103232055902481,1.7859272956848145,0.009359197691082954,0.05140308663249016,0.009359197691082954,0.947520911693573,0.2926045060157776,0.7073954939842224,0.8614082336425781
4,1528,0.03998715430498123,0.011261465959250927,1.8083080053329468,0.010642610490322113,0.055748675018548965,0.010642610490322113,0.9403436779975891,0.25046491622924805,0.6800507307052612,0.8568892478942871
4,1529,0.04524381458759308,0.009965430945158005,2.076817750930786,0.014510205946862698,0.060660116374492645,0.014510205946862698,0.9024028778076172,0.2914365530014038,0.712289571762085,0.8468959927558899
4,1530,0.046203337609767914,0.01350459922105074,2.019484758377075,0.012503892183303833,0.05799870938062668,0.012503892183303833,0.9180384278297424,0.28041812777519226,0.7011150121688843,0.8488501906394958
4,1531,0.03752020001411438,0.006671362556517124,1.8695385456085205,0.01215345598757267,0.05489809438586235,0.01215345598757267,0.9270763993263245,0.29920220375061035,0.709808886051178,0.8636285662651062
4,1532,0.0466824471950531,0.006653269287198782,2.4812490940093994,0.015216688625514507,0.06039131432771683,0.015216688625514507,0.8977766633033752,0.31962481141090393,0.7058441638946533,0.8478354811668396
4,1533,0.05480914190411568,0.02064916118979454,2.2054851055145264,0.012105130590498447,0.05509442090988159,0.012105130590498447,0.9241819977760315,0.29836201667785645,0.7092404365539551,0.8558987975120544
4,1534,0.04451772943139076,0.013758208602666855,1.818533182144165,0.012574192136526108,0.05706728994846344,0.012574192136526108,0.9214984178543091,0.2846444249153137,0.6947136521339417,0.8484581708908081
4,1535,0.042374659329652786,0.008762842044234276,1.987445592880249,0.013737362809479237,0.05920478329062462,0.013737362809479237,0.9163128733634949,0.29647892713546753,0.7017154097557068,0.848739504814148
4,1536,0.054484352469444275,0.019016820937395096,2.067584276199341,0.01479168888181448,0.062136560678482056,0.01479168888181448,0.9134765267372131,0.26912832260131836,0.6719733476638794,0.8320217728614807
4,1537,0.040436290204524994,0.007031888701021671,2.1052520275115967,0.01235188078135252,0.05405791848897934,0.01235188078135252,0.9225042462348938,0.29586389660835266,0.7291874289512634,0.8739219903945923
4,1538,0.04278373718261719,0.013046782463788986,1.9902565479278564,0.009834391996264458,0.050312403589487076,0.009834391996264458,0.9407955408096313,0.2776344418525696,0.7216187119483948,0.8817219138145447
4,1539,0.040468260645866394,0.014423860237002373,1.428823471069336,0.011756167747080326,0.059353057295084,0.011756167747080326,0.9400690793991089,0.23334503173828125,0.6473148465156555,0.8475956320762634
4,1540,0.04562315717339516,0.01601330004632473,1.962656021118164,0.009983297437429428,0.05032815784215927,0.009983297437429428,0.937470555305481,0.2790531814098358,0.7317116856575012,0.8843820691108704
4,1541,0.05826570466160774,0.02400665357708931,1.7860758304595947,0.016398292034864426,0.06562431156635284,0.016398292034864426,0.9067288041114807,0.2749496400356293,0.6721299886703491,0.828807532787323
4,1542,0.04647274687886238,0.01642788201570511,1.7934496402740479,0.012110372073948383,0.05715402215719223,0.012110372073948383,0.9304623603820801,0.2852470576763153,0.6854923367500305,0.8504847288131714
4,1543,0.047811128199100494,0.016026437282562256,2.0437631607055664,0.011347057297825813,0.05111268162727356,0.011347057297825813,0.9255921244621277,0.3116377890110016,0.742078959941864,0.8811460733413696
4,1544,0.04178701713681221,0.008642200380563736,1.9345893859863281,0.013798924162983894,0.06047993153333664,0.013798924162983894,0.9188704490661621,0.2714466452598572,0.6800312995910645,0.846487283706665
4,1545,0.04358668997883797,0.012347681447863579,1.776764154434204,0.013471366837620735,0.05746747553348541,0.013471366837620735,0.9218395352363586,0.2638237476348877,0.7133617401123047,0.8632551431655884
4,1546,0.04946811869740486,0.017583144828677177,1.7851858139038086,0.014033115468919277,0.06112612038850784,0.014033115468919277,0.9150377511978149,0.26561909914016724,0.6922263503074646,0.8417314887046814
4,1547,0.043178558349609375,0.010914637707173824,2.1120970249176025,0.011142951436340809,0.05360810086131096,0.011142951436340809,0.9348341822624207,0.2689027786254883,0.7073824405670166,0.8712742924690247
4,1548,0.03754735738039017,0.007860173471271992,1.7965493202209473,0.011721688322722912,0.0549260638654232,0.011721688322722912,0.9337332248687744,0.2664092779159546,0.7145348191261292,0.8654253482818604
4,1549,0.04280409216880798,0.012472730129957199,1.3340721130371094,0.01699064113199711,0.06789309531450272,0.01699064113199711,0.9120136499404907,0.2509462237358093,0.6649942994117737,0.8192060589790344
4,1550,0.0431596040725708,0.01002674549818039,2.0618703365325928,0.012514155358076096,0.055990997701883316,0.012514155358076096,0.916434645652771,0.2920684814453125,0.7226582765579224,0.8603573441505432
4,1551,0.041192155331373215,0.014822760596871376,1.6264013051986694,0.010105382651090622,0.05207733437418938,0.010105382651090622,0.9345821738243103,0.30297303199768066,0.7183169722557068,0.8613630533218384
4,1552,0.040546804666519165,0.009682080708444118,1.9359846115112305,0.011504875496029854,0.054042112082242966,0.011504875496029854,0.926918089389801,0.3024643063545227,0.7325420379638672,0.860336184501648
4,1553,0.044984571635723114,0.011076805181801319,2.190976858139038,0.01199799682945013,0.05602789297699928,0.01199799682945013,0.9270796179771423,0.2723158597946167,0.702911913394928,0.8567259907722473
4,1554,0.04005059227347374,0.010741552338004112,1.8864376544952393,0.010444662533700466,0.05175242945551872,0.010444662533700466,0.9359855055809021,0.2984991669654846,0.7319065928459167,0.8693718910217285
4,1555,0.04568934813141823,0.017650045454502106,1.534388780593872,0.012695414014160633,0.05818244442343712,0.012695414014160633,0.9288395643234253,0.281131386756897,0.6844969391822815,0.8486215472221375
4,1556,0.04575461894273758,0.014139238744974136,1.8848339319229126,0.012767037376761436,0.05643157660961151,0.012767037376761436,0.9230777621269226,0.2831146717071533,0.7124115824699402,0.8588960766792297
4,1557,0.042863715440034866,0.016888447105884552,1.577067255973816,0.010204593650996685,0.05111876130104065,0.010204593650996685,0.936779260635376,0.2680118978023529,0.7194850444793701,0.8822728395462036
4,1558,0.047710660845041275,0.01637294702231884,1.6371632814407349,0.014966081827878952,0.06465547531843185,0.014966081827878952,0.9206784963607788,0.24673861265182495,0.6508294343948364,0.8308101296424866
4,1559,0.046209461987018585,0.011724680662155151,2.149266481399536,0.012992115691304207,0.05664057657122612,0.012992115691304207,0.9198544025421143,0.2777482867240906,0.7204225063323975,0.8646957874298096
4,1560,0.04204588755965233,0.008698808029294014,2.046767234802246,0.012879407033324242,0.0570332370698452,0.012879407033324242,0.9153860211372375,0.2841067314147949,0.7162147760391235,0.8577858805656433
4,1561,0.036768876016139984,0.009066330268979073,1.6317284107208252,0.01138526014983654,0.05697658285498619,0.01138526014983654,0.9371515512466431,0.24542976915836334,0.6695473194122314,0.8548826575279236
4,1562,0.048019032925367355,0.01802690699696541,1.4602882862091064,0.015389245934784412,0.06269606202840805,0.015389245934784412,0.9051067233085632,0.23737244307994843,0.6899872422218323,0.8492347002029419
4,1563,0.03445617854595184,0.009241925552487373,1.3088021278381348,0.012126229703426361,0.05821341648697853,0.012126229703426361,0.9366168975830078,0.23066166043281555,0.6710090637207031,0.8533892631530762
4,1564,0.05478302761912346,0.021992741152644157,1.9679629802703857,0.01311065535992384,0.05760807916522026,0.01311065535992384,0.9183920621871948,0.2823386490345001,0.7141506671905518,0.857885479927063
4,1565,0.043032094836235046,0.012939287349581718,2.1795945167541504,0.008296864107251167,0.04423346742987633,0.008296864107251167,0.9423046708106995,0.32178056240081787,0.7656233310699463,0.8994909524917603
4,1566,0.04704979062080383,0.013687903992831707,2.1972403526306152,0.011389484629034996,0.054131604731082916,0.011389484629034996,0.9338805079460144,0.2888506352901459,0.6982965469360352,0.8615706562995911
4,1567,0.04876476898789406,0.01766996830701828,1.6862578392028809,0.01423222292214632,0.06190862879157066,0.01423222292214632,0.9225258827209473,0.26439493894577026,0.6629095673561096,0.8427260518074036
4,1568,0.0372467003762722,0.007345866411924362,1.7836689949035645,0.01206414494663477,0.056147389113903046,0.01206414494663477,0.9344911575317383,0.26910755038261414,0.7029748558998108,0.8583850860595703
4,1569,0.04204441234469414,0.010876036249101162,2.0824294090270996,0.010344080626964569,0.05358898267149925,0.010344080626964569,0.9421813488006592,0.2563990354537964,0.6911689639091492,0.8596222400665283
4,1570,0.04752125218510628,0.009937173686921597,2.241546154022217,0.01516861841082573,0.06150335446000099,0.01516861841082573,0.9038689732551575,0.2738095223903656,0.7201483845710754,0.8442809581756592
4,1571,0.055442389100790024,0.025253916159272194,1.770211100578308,0.012486363761126995,0.05929844453930855,0.012486363761126995,0.9272009134292603,0.2545778155326843,0.6950107216835022,0.8402401804924011
4,1572,0.040680959820747375,0.007288957946002483,2.109915256500244,0.012292850762605667,0.05660361424088478,0.012292850762605667,0.9312857389450073,0.25412020087242126,0.7040662169456482,0.8627563714981079
4,1573,0.04165525734424591,0.01324702799320221,1.7447584867477417,0.010960645042359829,0.05799506977200508,0.010960645042359829,0.9405207633972168,0.2239498347043991,0.6665235161781311,0.8460613489151001
4,1574,0.04549607262015343,0.012323431670665741,2.2941479682922363,0.010231164284050465,0.05269112437963486,0.010231164284050465,0.9395574331283569,0.2678796648979187,0.712364137172699,0.8767189383506775
4,1575,0.04002255201339722,0.007586116902530193,2.168668746948242,0.010749751701951027,0.053384989500045776,0.010749751701951027,0.9299039840698242,0.2716503143310547,0.7090919613838196,0.8744747638702393
4,1576,0.042384013533592224,0.00685364194214344,2.3612425327301025,0.011917948722839355,0.056090738624334335,0.011917948722839355,0.921247124671936,0.2684001922607422,0.7027856111526489,0.8532456159591675
4,1577,0.04412876069545746,0.014228800311684608,1.8768410682678223,0.011131547391414642,0.054143283516168594,0.011131547391414642,0.9307094216346741,0.28934764862060547,0.7173410654067993,0.8585466742515564
4,1578,0.0490032322704792,0.016713686287403107,1.8912262916564941,0.013377283699810505,0.0630706399679184,0.013377283699810505,0.9271402955055237,0.22004061937332153,0.6403907537460327,0.8311248421669006
4,1579,0.037474874407052994,0.006824295036494732,1.7632756233215332,0.013017821125686169,0.058425530791282654,0.013017821125686169,0.9347451329231262,0.2594563961029053,0.6993826031684875,0.858704149723053
4,1580,0.042849138379096985,0.00934747513383627,2.0444583892822266,0.013057079166173935,0.05529772862792015,0.013057079166173935,0.9202719330787659,0.3090275824069977,0.7326554656028748,0.8584911227226257
4,1581,0.04811205714941025,0.018437497317790985,2.0733189582824707,0.008941370993852615,0.04777715727686882,0.008941370993852615,0.9457616806030273,0.2737792432308197,0.751423716545105,0.8891918063163757
4,1582,0.047548338770866394,0.013514906167984009,2.1593475341796875,0.01243995875120163,0.05782018229365349,0.01243995875120163,0.9244309663772583,0.2513493299484253,0.6967958211898804,0.8534535765647888
4,1583,0.05530650168657303,0.017389371991157532,2.41465163230896,0.013770615682005882,0.05651946738362312,0.013770615682005882,0.914172351360321,0.2993427813053131,0.720650315284729,0.8601176142692566
4,1584,0.04308126121759415,0.015313256531953812,1.6038079261779785,0.011729925870895386,0.06052877753973007,0.011729925870895386,0.9380785822868347,0.2338334172964096,0.6580445170402527,0.8273593783378601
4,1585,0.03766725957393646,0.00748720346018672,1.6975908279418945,0.013204146176576614,0.05979964882135391,0.013204146176576614,0.9269153475761414,0.25921228528022766,0.6773030757904053,0.8447930812835693
4,1586,0.04495306313037872,0.008145238272845745,2.3749120235443115,0.013058703392744064,0.05508333072066307,0.013058703392744064,0.9165017008781433,0.30836981534957886,0.7426432967185974,0.867834210395813
4,1587,0.05292387306690216,0.01926422119140625,2.2843868732452393,0.010815783403813839,0.05322005972266197,0.010815783403813839,0.9306537508964539,0.3080512583255768,0.7084992527961731,0.8612493872642517
4,1588,0.05088767036795616,0.015142627991735935,2.3102447986602783,0.01264259684830904,0.053776487708091736,0.01264259684830904,0.9117812514305115,0.32230517268180847,0.7387173175811768,0.8730912804603577
4,1589,0.05103839933872223,0.013774467632174492,2.371359348297119,0.01355033926665783,0.0587320402264595,0.01355033926665783,0.9248346090316772,0.29777953028678894,0.7060156464576721,0.8515917062759399
4,1590,0.04471719264984131,0.007179479114711285,2.3643243312835693,0.013894470408558846,0.060424648225307465,0.013894470408558846,0.9205735325813293,0.2947463393211365,0.6905765533447266,0.838702380657196
4,1591,0.042784593999385834,0.008280321024358273,2.1088521480560303,0.013415748253464699,0.05609454959630966,0.013415748253464699,0.9096985459327698,0.3173099458217621,0.7318192720413208,0.8593786954879761
4,1592,0.04259474575519562,0.008035573177039623,2.3668646812438965,0.01089052390307188,0.051934391260147095,0.01089052390307188,0.9324811697006226,0.3136199414730072,0.7392874956130981,0.8695375323295593
4,1593,0.04457807540893555,0.009374583140015602,2.413904905319214,0.011064444668591022,0.05248899757862091,0.011064444668591022,0.9361899495124817,0.31045520305633545,0.7276870608329773,0.8640334010124207
4,1594,0.05441994592547417,0.01145324856042862,2.871849775314331,0.014248198829591274,0.05698225647211075,0.014248198829591274,0.8925067782402039,0.3484058380126953,0.7375665307044983,0.8509059548377991
4,1595,0.05025434121489525,0.015865348279476166,2.051865816116333,0.013870335184037685,0.06323760002851486,0.013870335184037685,0.9247782826423645,0.26712098717689514,0.6630489826202393,0.8180211782455444
4,1596,0.040283553302288055,0.007311978377401829,1.958896279335022,0.013382615521550179,0.05803093686699867,0.013382615521550179,0.9262635707855225,0.29965949058532715,0.6961785554885864,0.8515215516090393
4,1597,0.053860608488321304,0.015220126137137413,2.3629941940307617,0.015010539442300797,0.062292229384183884,0.015010539442300797,0.9145318269729614,0.2983630895614624,0.6959325671195984,0.8420138955116272
4,1598,0.05609411746263504,0.018086403608322144,2.6857223510742188,0.011150488629937172,0.05253162980079651,0.011150488629937172,0.9286366701126099,0.3074246644973755,0.7256975769996643,0.8763481974601746
4,1599,0.048528969287872314,0.012040434405207634,2.3764829635620117,0.012723705731332302,0.05510098114609718,0.012723705731332302,0.9239160418510437,0.3017459511756897,0.7296034097671509,0.8694748878479004
4,1600,0.11141896992921829,0.026293186470866203,6.706088066101074,0.018064899370074272,0.07422146201133728,0.018064899370074272,0.9006778001785278,0.2857142984867096,0.6261022686958313,0.7592592835426331
5,1601,0.04858219623565674,0.011826409958302975,2.4601290225982666,0.01215449720621109,0.05557018890976906,0.01215449720621109,0.9255481958389282,0.2954300045967102,0.7140458226203918,0.8691375851631165
5,1602,0.044445671141147614,0.013722298666834831,1.8393595218658447,0.012329780496656895,0.05726928263902664,0.012329780496656895,0.921144425868988,0.25605982542037964,0.6959773302078247,0.8610752820968628
5,1603,0.0503753125667572,0.015053476206958294,1.9763085842132568,0.015558750368654728,0.06645357608795166,0.015558750368654728,0.9153488874435425,0.2261696308851242,0.6498206853866577,0.8216162323951721
5,1604,0.059740424156188965,0.024744994938373566,2.2730841636657715,0.012264585122466087,0.056569281965494156,0.012264585122466087,0.9250317811965942,0.25838008522987366,0.6984606385231018,0.8580060601234436
5,1605,0.059701889753341675,0.01975622959434986,2.7186408042907715,0.01275925524532795,0.05742383003234863,0.01275925524532795,0.9229429364204407,0.24860112369060516,0.6978417038917542,0.8591412305831909
5,1606,0.05899861082434654,0.019171295687556267,2.7954320907592773,0.011872994713485241,0.057614199817180634,0.011872994713485241,0.9285940527915955,0.238228440284729,0.680719256401062,0.8511488437652588
5,1607,0.04536426067352295,0.008472247049212456,2.574118137359619,0.011150835081934929,0.05649106949567795,0.011150835081934929,0.9352575540542603,0.2463005781173706,0.6748018860816956,0.8588259816169739
5,1608,0.049902331084012985,0.012841925024986267,2.3006784915924072,0.01405362505465746,0.06134403124451637,0.01405362505465746,0.9143528342247009,0.2526477873325348,0.6833744049072266,0.8362684845924377
5,1609,0.04782572388648987,0.010321510955691338,2.362393379211426,0.013880280777812004,0.05800272896885872,0.013880280777812004,0.9126951098442078,0.25837966799736023,0.7130904793739319,0.8640024662017822
5,1610,0.05359458178281784,0.01042218692600727,2.6720223426818848,0.01645216904580593,0.06725651025772095,0.01645216904580593,0.9015600681304932,0.24216319620609283,0.659547746181488,0.815506100654602
5,1611,0.04673466086387634,0.013419019989669323,1.884635329246521,0.014469288289546967,0.06373342126607895,0.014469288289546967,0.9124321937561035,0.24505899846553802,0.6714510917663574,0.8306154608726501
5,1612,0.053487107157707214,0.018323758617043495,2.2448651790618896,0.01271469984203577,0.05613487958908081,0.01271469984203577,0.9188721179962158,0.2963889241218567,0.7058070302009583,0.8589727878570557
5,1613,0.0458834283053875,0.0065904660150408745,2.696819543838501,0.012324769049882889,0.054970256984233856,0.012324769049882889,0.9172763824462891,0.2847879230976105,0.7313505411148071,0.8670404553413391
5,1614,0.05152476951479912,0.015944045037031174,2.1709415912628174,0.013871307484805584,0.058806031942367554,0.013871307484805584,0.9157149791717529,0.24672819674015045,0.6992698907852173,0.8597602844238281
5,1615,0.05592060834169388,0.013065194711089134,3.0961852073669434,0.01189356204122305,0.05616458132863045,0.01189356204122305,0.9220167994499207,0.26150697469711304,0.721348226070404,0.8596755862236023
5,1616,0.047991570085287094,0.012479791417717934,2.5332722663879395,0.01017905492335558,0.05571729317307472,0.01017905492335558,0.942596435546875,0.24567098915576935,0.6699966788291931,0.8549783825874329
5,1617,0.05230506509542465,0.016087159514427185,2.3407065868377686,0.012810841202735901,0.06028448045253754,0.012810841202735901,0.9207099676132202,0.22798560559749603,0.6770000457763672,0.8441447615623474
5,1618,0.04956202954053879,0.017197666689753532,2.0163562297821045,0.012200803495943546,0.06045420095324516,0.012200803495943546,0.9347516298294067,0.23256856203079224,0.6554937958717346,0.8389496207237244
5,1619,0.050486452877521515,0.011186182498931885,2.588672399520874,0.013413546606898308,0.06107742711901665,0.013413546606898308,0.9162653088569641,0.24186930060386658,0.6811550259590149,0.8433130979537964
5,1620,0.061106666922569275,0.021618496626615524,2.8773481845855713,0.010714685544371605,0.05248795449733734,0.010714685544371605,0.9359602928161621,0.2591763734817505,0.7168436050415039,0.8755595088005066
5,1621,0.0462067574262619,0.009380870498716831,2.3488245010375977,0.013337641954421997,0.060799118131399155,0.013337641954421997,0.9293340444564819,0.23864895105361938,0.693086564540863,0.8396614193916321
5,1622,0.05157851427793503,0.017751790583133698,2.3807873725891113,0.01001884788274765,0.05262451618909836,0.01001884788274765,0.9404595494270325,0.24587129056453705,0.7119899392127991,0.8682515025138855
5,1623,0.07047353684902191,0.019533108919858932,3.8937015533447266,0.012003417126834393,0.05437023565173149,0.012003417126834393,0.9147359728813171,0.2759477496147156,0.7355524897575378,0.8619394302368164
5,1624,0.06678436696529388,0.022663095965981483,3.2315149307250977,0.011806121096014977,0.05412326753139496,0.011806121096014977,0.9186751246452332,0.29034897685050964,0.7231188416481018,0.8642311692237854
5,1625,0.05591309443116188,0.011110182851552963,3.124891996383667,0.013553990982472897,0.06080206111073494,0.013553990982472897,0.9089664220809937,0.26470959186553955,0.6866379976272583,0.8358218669891357
5,1626,0.04867944121360779,0.007426861673593521,3.0913474559783936,0.010339105501770973,0.05056072399020195,0.010339105501770973,0.9347904920578003,0.28480029106140137,0.7347134351730347,0.8757883310317993
5,1627,0.048925191164016724,0.01382596418261528,2.493086814880371,0.01016836054623127,0.054968006908893585,0.01016836054623127,0.9468408226966858,0.22322797775268555,0.6818745732307434,0.8613767623901367
5,1628,0.05852596089243889,0.0140260374173522,2.767780065536499,0.016822122037410736,0.0690159946680069,0.016822122037410736,0.9045455455780029,0.2128867208957672,0.6484131217002869,0.8156527280807495
5,1629,0.053504325449466705,0.011614997871220112,2.7226505279541016,0.01466282457113266,0.06513281911611557,0.01466282457113266,0.9203305244445801,0.20556901395320892,0.648910403251648,0.8263115286827087
5,1630,0.06052384525537491,0.014568057842552662,2.8694968223571777,0.017260819673538208,0.06968411803245544,0.017260819673538208,0.909870982170105,0.2023400366306305,0.6563574075698853,0.8226968050003052
5,1631,0.06532891094684601,0.017446327954530716,3.5341267585754395,0.012541319243609905,0.05968085676431656,0.012541319243609905,0.9143445491790771,0.22324517369270325,0.6791275143623352,0.8523850440979004
5,1632,0.0560753270983696,0.012071085162460804,3.180786609649658,0.01219637505710125,0.05934320390224457,0.01219637505710125,0.9288052916526794,0.22201241552829742,0.6710062026977539,0.8511304259300232
5,1633,0.055360738188028336,0.012723052874207497,3.07655930519104,0.011872095055878162,0.05708260089159012,0.011872095055878162,0.9223594665527344,0.23963356018066406,0.6956881284713745,0.8604490756988525
5,1634,0.05870719626545906,0.010741490870714188,3.358613967895508,0.014379565604031086,0.059224821627140045,0.014379565604031086,0.901557981967926,0.2648996114730835,0.7171839475631714,0.8603572845458984
5,1635,0.06896470487117767,0.019045736640691757,3.4994451999664307,0.014924519695341587,0.06311485171318054,0.014924519695341587,0.8965449333190918,0.23573993146419525,0.673827588558197,0.8370277285575867
5,1636,0.052550364285707474,0.014260062016546726,2.4331459999084473,0.013958842493593693,0.06121724843978882,0.013958842493593693,0.9130808711051941,0.2574666440486908,0.6795064806938171,0.837324857711792
5,1637,0.05237194895744324,0.015371942892670631,1.9855018854141235,0.017144983634352684,0.07009635865688324,0.017144983634352684,0.9020241498947144,0.22948627173900604,0.6563687324523926,0.803729772567749
5,1638,0.05545445904135704,0.01786782592535019,2.2176525592803955,0.015410106629133224,0.07256767153739929,0.015410106629133224,0.9216095209121704,0.18818826973438263,0.576406717300415,0.7873736619949341
5,1639,0.05056566372513771,0.012851983308792114,2.385890007019043,0.013854783959686756,0.061363909393548965,0.013854783959686756,0.9186302423477173,0.24294507503509521,0.6755136251449585,0.8348389267921448
5,1640,0.05718375742435455,0.022665010765194893,2.2131340503692627,0.012387407943606377,0.05695987492799759,0.012387407943606377,0.9216336607933044,0.23936772346496582,0.6966298818588257,0.8571428656578064
5,1641,0.046652503311634064,0.012221625074744225,2.3635923862457275,0.010794954374432564,0.05798804387450218,0.010794954374432564,0.9384275674819946,0.21678613126277924,0.6564427614212036,0.8458076119422913
5,1642,0.04702816531062126,0.01138167642056942,2.4896769523620605,0.010749719105660915,0.05904117971658707,0.010749719105660915,0.9472355246543884,0.19928793609142303,0.649844229221344,0.8422785997390747
5,1643,0.04642399400472641,0.010284039191901684,2.248185873031616,0.013658094219863415,0.06128210201859474,0.013658094219863415,0.925875723361969,0.2026982307434082,0.6523754596710205,0.8521767854690552
5,1644,0.04199711233377457,0.00924394279718399,2.067157745361328,0.012081591412425041,0.05887322127819061,0.012081591412425041,0.930311918258667,0.2170315980911255,0.6730618476867676,0.8460167050361633
5,1645,0.0518137663602829,0.02143508568406105,2.0397229194641113,0.00998145155608654,0.05604374036192894,0.00998145155608654,0.9424683451652527,0.20687367022037506,0.661848247051239,0.8568478226661682
5,1646,0.06539850682020187,0.0194022748619318,3.1189074516296387,0.014807156287133694,0.06384174525737762,0.014807156287133694,0.9085030555725098,0.24741104245185852,0.690055787563324,0.8344396948814392
5,1647,0.049549400806427,0.010591103695333004,2.566807985305786,0.013290220871567726,0.06156439706683159,0.013290220871567726,0.9135525226593018,0.25492063164711,0.6776508092880249,0.8322539925575256
5,1648,0.04642001911997795,0.010573942214250565,2.1150689125061035,0.014695386402308941,0.06611309945583344,0.014695386402308941,0.9129231572151184,0.24972085654735565,0.6405254602432251,0.8226600885391235
5,1649,0.04573165625333786,0.011551065370440483,2.0033891201019287,0.014146702364087105,0.06309282034635544,0.014146702364087105,0.9211088418960571,0.2555437684059143,0.6638765931129456,0.8326566219329834
5,1650,0.047231294214725494,0.016733672469854355,2.0177013874053955,0.010320606641471386,0.053538572043180466,0.010320606641471386,0.9347657561302185,0.25394150614738464,0.710795521736145,0.8670718669891357
5,1651,0.04358649626374245,0.016198620200157166,1.6992394924163818,0.010395482182502747,0.056205980479717255,0.010395482182502747,0.9477115273475647,0.20611515641212463,0.6685816645622253,0.8552917242050171
5,1652,0.04539641737937927,0.016083238646388054,1.8771872520446777,0.01054130494594574,0.053510796278715134,0.01054130494594574,0.9294834136962891,0.25317803025245667,0.7082936763763428,0.864142894744873
5,1653,0.04218899458646774,0.009562624618411064,1.9321396350860596,0.01330497581511736,0.06336160749197006,0.01330497581511736,0.9214088916778564,0.2260538935661316,0.6432833075523376,0.8233789801597595
5,1654,0.04038618505001068,0.008424961008131504,2.108644962310791,0.010874776169657707,0.05495724454522133,0.010874776169657707,0.9364739656448364,0.26016929745674133,0.6859689950942993,0.8604390025138855
5,1655,0.04029213264584541,0.008562389761209488,2.007328987121582,0.01165645383298397,0.05696354806423187,0.01165645383298397,0.9337947368621826,0.24010805785655975,0.6897346377372742,0.8627045750617981
5,1656,0.05690287426114082,0.020037224516272545,2.1759471893310547,0.015106179751455784,0.06277672946453094,0.015106179751455784,0.9092627167701721,0.24899490177631378,0.6776333451271057,0.8395872712135315
5,1657,0.04774313047528267,0.015701809898018837,1.8322818279266357,0.013718505389988422,0.0620565190911293,0.013718505389988422,0.9174408316612244,0.2340470403432846,0.6694278717041016,0.8346086144447327
5,1658,0.044932328164577484,0.0121125103905797,1.7578271627426147,0.01524154469370842,0.0668332651257515,0.01524154469370842,0.9158753156661987,0.21464718878269196,0.6373626589775085,0.8243204355239868
5,1659,0.04040940850973129,0.008410615846514702,2.109457492828369,0.01090422086417675,0.05755183473229408,0.01090422086417675,0.9386611580848694,0.22650901973247528,0.6749933362007141,0.8502978086471558
5,1660,0.048455920070409775,0.010746095329523087,2.626880168914795,0.011441024951636791,0.05285343527793884,0.011441024951636791,0.9231715202331543,0.2848218083381653,0.7365978360176086,0.8721961379051208
5,1661,0.04280385002493858,0.009298320859670639,2.091735363006592,0.012588177807629108,0.059282150119543076,0.012588177807629108,0.9278786778450012,0.25919201970100403,0.6830945014953613,0.8455353379249573
5,1662,0.05618223920464516,0.017062533646821976,2.5373213291168213,0.013746492564678192,0.05633510276675224,0.013746492564678192,0.9136720299720764,0.29214832186698914,0.7039803862571716,0.8657578825950623
5,1663,0.04409494996070862,0.013111733831465244,1.880078673362732,0.012182428501546383,0.0598820261657238,0.012182428501546383,0.928821325302124,0.2456068992614746,0.6600227952003479,0.8377806544303894
5,1664,0.034775182604789734,0.0085828248411417,1.5633026361465454,0.010559333488345146,0.055084891617298126,0.010559333488345146,0.9418928623199463,0.24646715819835663,0.6882793307304382,0.8595772385597229
5,1665,0.048371024429798126,0.012802229262888432,2.1756179332733154,0.013812614604830742,0.06162823736667633,0.013812614604830742,0.918449342250824,0.2684856057167053,0.6774820685386658,0.8391097187995911
5,1666,0.04354151710867882,0.010370690375566483,2.2924530506134033,0.010246295481920242,0.051266055554151535,0.010246295481920242,0.9269269704818726,0.29065442085266113,0.7305009961128235,0.8707427382469177
5,1667,0.05234226584434509,0.014114532619714737,2.441927909851074,0.013808456249535084,0.06158306822180748,0.013808456249535084,0.9195106625556946,0.23560325801372528,0.6702442765235901,0.8327165246009827
5,1668,0.04292050004005432,0.016165615990757942,1.4981896877288818,0.011772985570132732,0.059341881424188614,0.011772985570132732,0.9425262808799744,0.21390262246131897,0.6655290126800537,0.8462074398994446
5,1669,0.04348248243331909,0.014152553863823414,1.7202465534210205,0.012127461843192577,0.0591203011572361,0.012127461843192577,0.9314261674880981,0.2072797566652298,0.6590433120727539,0.8540022373199463
5,1670,0.0345931351184845,0.010046079754829407,1.2865763902664185,0.01168129127472639,0.058513425290584564,0.01168129127472639,0.9389215707778931,0.22448979318141937,0.6750083565711975,0.8456339836120605
5,1671,0.047312669456005096,0.014518626034259796,1.9417153596878052,0.013376890681684017,0.05940869823098183,0.013376890681684017,0.9112875461578369,0.2591777741909027,0.6944177150726318,0.8492369055747986
5,1672,0.05905674397945404,0.022695418447256088,2.2661972045898438,0.013699350878596306,0.062109094113111496,0.013699350878596306,0.9226520657539368,0.24657252430915833,0.6741157174110413,0.8440499305725098
5,1673,0.03970857709646225,0.012033089064061642,1.7879337072372437,0.009796150960028172,0.05530440807342529,0.009796150960028172,0.9420645833015442,0.2600225806236267,0.6812535524368286,0.834203839302063
5,1674,0.049643177539110184,0.014128528535366058,2.198148488998413,0.01353316381573677,0.06368601322174072,0.01353316381573677,0.9134997129440308,0.2422441840171814,0.6509882211685181,0.8233049511909485
5,1675,0.0362127460539341,0.00803284626454115,1.5480175018310547,0.012699725106358528,0.06035620719194412,0.012699725106358528,0.9275597333908081,0.23231801390647888,0.6732797622680664,0.8414337635040283
5,1676,0.041674789041280746,0.009888707660138607,1.9719538688659668,0.012066543102264404,0.05797162652015686,0.012066543102264404,0.932661771774292,0.23485033214092255,0.6815527081489563,0.8565344214439392
5,1677,0.04368121176958084,0.014633787795901299,1.5825722217559814,0.013221700675785542,0.059470463544130325,0.013221700675785542,0.9215725064277649,0.25279316306114197,0.6941577792167664,0.8464818596839905
5,1678,0.03526908904314041,0.006988375447690487,1.7659399509429932,0.010621313005685806,0.052595075219869614,0.010621313005685806,0.939594566822052,0.26405179500579834,0.7199256420135498,0.8764340281486511
5,1679,0.04181750863790512,0.008264457806944847,2.2459464073181152,0.011093588545918465,0.05098418518900871,0.011093588545918465,0.9254136085510254,0.2768062353134155,0.7501523494720459,0.8869614005088806
5,1680,0.03824562951922417,0.009709303267300129,1.843412160873413,0.01010220404714346,0.0513521246612072,0.01010220404714346,0.9321809411048889,0.2785680592060089,0.7217690348625183,0.8746039271354675
5,1681,0.05210739001631737,0.014575926586985588,2.340928077697754,0.014122183434665203,0.05935085192322731,0.014122183434665203,0.9130483269691467,0.2715902030467987,0.7187829613685608,0.852505087852478
5,1682,0.05193013697862625,0.013076763600111008,2.4890553951263428,0.013962820172309875,0.05941280722618103,0.013962820172309875,0.9113121628761292,0.3018037974834442,0.7050996422767639,0.8458412289619446
5,1683,0.05357061326503754,0.013268545269966125,2.791783094406128,0.012384235858917236,0.057438917458057404,0.012384235858917236,0.9216462969779968,0.29110080003738403,0.6989284157752991,0.8499226570129395
5,1684,0.03874059021472931,0.007474811747670174,2.0450658798217773,0.010815121233463287,0.05212672799825668,0.010815121233463287,0.932101845741272,0.30747994780540466,0.7375280857086182,0.866324245929718
5,1685,0.043135546147823334,0.01285405270755291,1.7963224649429321,0.012318269349634647,0.05766040459275246,0.012318269349634647,0.9259174466133118,0.27769678831100464,0.7007288336753845,0.8509474992752075
5,1686,0.062329310923814774,0.020612265914678574,2.455528497695923,0.017161760479211807,0.06991372257471085,0.017161760479211807,0.8973870277404785,0.2484838217496872,0.6530491709709167,0.8083726167678833
5,1687,0.04234664887189865,0.008220657706260681,2.184947967529297,0.012276509776711464,0.05502960458397865,0.012276509776711464,0.9274850487709045,0.298872172832489,0.7178101539611816,0.8645049929618835
5,1688,0.04554544389247894,0.0157516710460186,2.0176146030426025,0.009617624804377556,0.047704458236694336,0.009617624804377556,0.9405688047409058,0.3028487265110016,0.7488173842430115,0.8867865204811096
5,1689,0.0488489530980587,0.012785131111741066,2.2926270961761475,0.013137551955878735,0.057755064219236374,0.013137551955878735,0.9249098300933838,0.2599382698535919,0.7048466205596924,0.8563562631607056
5,1690,0.04457031935453415,0.012040496803820133,2.1493117809295654,0.0110367052257061,0.05590144917368889,0.0110367052257061,0.9356533885002136,0.284431129693985,0.6869831681251526,0.8475905060768127
5,1691,0.053351301699876785,0.02014496736228466,2.1505515575408936,0.011700821109116077,0.05456778407096863,0.011700821109116077,0.9266611337661743,0.2593330144882202,0.7013439536094666,0.8683424592018127
5,1692,0.05028796195983887,0.00974556989967823,2.7649331092834473,0.012893063016235828,0.05757005140185356,0.012893063016235828,0.9146043658256531,0.2761503756046295,0.7053834795951843,0.8513684272766113
5,1693,0.053840070962905884,0.013022856786847115,2.950092315673828,0.011316291056573391,0.0544203445315361,0.011316291056573391,0.9209871292114258,0.27933356165885925,0.7164126038551331,0.8614979386329651
5,1694,0.059768326580524445,0.012134217657148838,3.2048754692077637,0.015585357323288918,0.06438025087118149,0.015585357323288918,0.8915714025497437,0.25123921036720276,0.6877192854881287,0.8279587626457214
5,1695,0.07204115390777588,0.028626486659049988,2.9034080505371094,0.014380592852830887,0.06580416858196259,0.014380592852830887,0.919044017791748,0.21337643265724182,0.6342021822929382,0.824678361415863
5,1696,0.058588944375514984,0.013449255377054214,2.885101318359375,0.016288673505187035,0.06804470717906952,0.016288673505187035,0.9046134352684021,0.2209446132183075,0.6398369669914246,0.8177716135978699
5,1697,0.06555309146642685,0.020859044045209885,3.149345874786377,0.013200591318309307,0.060226887464523315,0.013200591318309307,0.9205088019371033,0.22958388924598694,0.6816866993904114,0.8497997522354126
5,1698,0.06803461164236069,0.02071700245141983,3.324169635772705,0.014075913466513157,0.06490296125411987,0.014075913466513157,0.9126439690589905,0.19634613394737244,0.6523545980453491,0.8264081478118896
5,1699,0.07468709349632263,0.01808878406882286,4.016413688659668,0.01643417589366436,0.07142411172389984,0.01643417589366436,0.8985652923583984,0.19663383066654205,0.6240421533584595,0.800218939781189
5,1700,0.07979375123977661,0.025242585688829422,3.9608616828918457,0.014942549169063568,0.06477655470371246,0.014942549169063568,0.9030577540397644,0.21307505667209625,0.6606806516647339,0.8270782828330994
5,1701,0.057901062071323395,0.013294430449604988,3.161952018737793,0.012987116351723671,0.06441986560821533,0.012987116351723671,0.9282982349395752,0.18756549060344696,0.6214634776115417,0.8182849884033203
5,1702,0.06967141479253769,0.016472667455673218,3.8644182682037354,0.014554562978446484,0.06700894236564636,0.014554562978446484,0.9087953567504883,0.20415200293064117,0.6358198523521423,0.8121744990348816
5,1703,0.07284880429506302,0.022559955716133118,3.310892343521118,0.01717992313206196,0.07613899558782578,0.01717992313206196,0.8983275890350342,0.1719425767660141,0.5868488550186157,0.774023711681366
5,1704,0.07417302578687668,0.022737087681889534,3.383753776550293,0.01759839802980423,0.07579882442951202,0.01759839802980423,0.9026854634284973,0.16958120465278625,0.583714485168457,0.781364917755127
5,1705,0.06529742479324341,0.01587306708097458,3.6764204502105713,0.012660150416195393,0.06467750668525696,0.012660150416195393,0.9169234037399292,0.1820962131023407,0.6207236051559448,0.8166078925132751
5,1706,0.06533562391996384,0.016324946656823158,3.59182071685791,0.013092471286654472,0.06560780853033066,0.013092471286654472,0.9128578305244446,0.1813371777534485,0.6256442070007324,0.8095925450325012
5,1707,0.050243888050317764,0.016404857859015465,2.05885910987854,0.0132504403591156,0.06830819696187973,0.0132504403591156,0.925250232219696,0.16176937520503998,0.5871041417121887,0.8054832816123962
5,1708,0.04704688489437103,0.015699220821261406,1.843459129333496,0.012913071550428867,0.069441057741642,0.012913071550428867,0.9320497512817383,0.1533164381980896,0.572662889957428,0.7942571043968201
5,1709,0.06464996188879013,0.029869932681322098,2.0309460163116455,0.014470569789409637,0.07050186395645142,0.014470569789409637,0.9212051033973694,0.15399810671806335,0.5745891332626343,0.7904551029205322
5,1710,0.06049467623233795,0.022257139906287193,2.288306713104248,0.015354469418525696,0.07117148488759995,0.015354469418525696,0.9129544496536255,0.17370924353599548,0.6055687665939331,0.7943192720413208
5,1711,0.058807823807001114,0.02136410027742386,2.636357069015503,0.011080152355134487,0.06020047515630722,0.011080152355134487,0.939868152141571,0.18087612092494965,0.6418141722679138,0.8407913446426392
5,1712,0.05877276510000229,0.013317236676812172,2.757925033569336,0.01787627674639225,0.07532846927642822,0.01787627674639225,0.8871555328369141,0.1610206812620163,0.6173087954521179,0.8031550645828247
5,1713,0.05343985557556152,0.010667992755770683,2.900818109512329,0.013763681054115295,0.06672712415456772,0.013763681054115295,0.913335919380188,0.16531294584274292,0.6244027614593506,0.8210105299949646
5,1714,0.05702165886759758,0.016655776649713516,2.617936611175537,0.014186516404151917,0.06994646042585373,0.014186516404151917,0.9196090698242188,0.16620227694511414,0.6041870713233948,0.7984787821769714
5,1715,0.056102313101291656,0.023538071662187576,1.8360025882720947,0.014204215258359909,0.06828058511018753,0.014204215258359909,0.9163102507591248,0.16105592250823975,0.6005599498748779,0.8052796721458435
5,1716,0.0557439960539341,0.018036842346191406,2.450018882751465,0.013206967152655125,0.06428716331720352,0.013206967152655125,0.9188103079795837,0.18509984016418457,0.6340245604515076,0.8216480016708374
5,1717,0.061107032001018524,0.018949775025248528,2.607949733734131,0.016077760607004166,0.06712918728590012,0.016077760607004166,0.8918268084526062,0.1983223855495453,0.6688341498374939,0.8270368576049805
5,1718,0.04136921465396881,0.009956592693924904,1.9588162899017334,0.01182445790618658,0.06098903715610504,0.01182445790618658,0.9244810938835144,0.19784344732761383,0.6426188349723816,0.8337900638580322
5,1719,0.047021567821502686,0.013659735210239887,1.6281161308288574,0.017080673947930336,0.0816035345196724,0.017080673947930336,0.9174998998641968,0.15205810964107513,0.5168280601501465,0.7361985445022583
5,1720,0.06889847666025162,0.0221361443400383,3.1483712196350098,0.01527862437069416,0.0675128772854805,0.01527862437069416,0.9061136841773987,0.1953406184911728,0.6548655033111572,0.819121778011322
5,1721,0.056261010468006134,0.024199482053518295,1.703233003616333,0.015029197558760643,0.07171960175037384,0.015029197558760643,0.9192355871200562,0.17402596771717072,0.5874852538108826,0.7866981625556946
5,1722,0.04789740964770317,0.016514521092176437,1.7132188081741333,0.014250698499381542,0.07018224149942398,0.014250698499381542,0.9174238443374634,0.17426492273807526,0.5996435880661011,0.7929165363311768
5,1723,0.04311230778694153,0.010101769119501114,1.7403265237808228,0.015607273206114769,0.06915192306041718,0.015607273206114769,0.9093523621559143,0.18022164702415466,0.6305335164070129,0.8154181838035583
5,1724,0.05038450285792351,0.01302550919353962,2.441561698913574,0.012943374924361706,0.06178686022758484,0.012943374924361706,0.9113476872444153,0.22406300902366638,0.6793047189712524,0.8423139452934265
5,1725,0.057991646230220795,0.020808866247534752,2.4729740619659424,0.012453041039407253,0.06084186211228371,0.012453041039407253,0.9117766618728638,0.23198802769184113,0.6741329431533813,0.8379954695701599
5,1726,0.04482320323586464,0.008950270712375641,2.2308695316314697,0.01356424018740654,0.0657198503613472,0.01356424018740654,0.9248141050338745,0.19307275116443634,0.6337460279464722,0.8179858326911926
5,1727,0.048794589936733246,0.014691129326820374,1.9039777517318726,0.015063684433698654,0.06407862156629562,0.015063684433698654,0.9018420577049255,0.23244670033454895,0.6750468611717224,0.8332523107528687
5,1728,0.0529179573059082,0.015060029923915863,1.9360251426696777,0.018497677519917488,0.07402688264846802,0.018497677519917488,0.8939444422721863,0.21575886011123657,0.6216665506362915,0.7892271876335144
5,1729,0.03919760510325432,0.00770261324942112,1.71647310256958,0.014330261386930943,0.0628635585308075,0.014330261386930943,0.9085289239883423,0.24503080546855927,0.6872602701187134,0.8356968760490417
5,1730,0.04159840568900108,0.010807469487190247,1.61753511428833,0.014615585096180439,0.06910346448421478,0.014615585096180439,0.9247267246246338,0.18805909156799316,0.5942667126655579,0.7992002964019775
5,1731,0.03871310502290726,0.009650273248553276,1.7374722957611084,0.01168810948729515,0.06041911616921425,0.01168810948729515,0.9360945820808411,0.1891370713710785,0.6423750519752502,0.8430017828941345
5,1732,0.04343992844223976,0.01332378201186657,2.130397081375122,0.00881217885762453,0.05240236967802048,0.00881217885762453,0.946012556552887,0.2121397852897644,0.6836296916007996,0.8732679486274719
5,1733,0.04074780270457268,0.014156101271510124,1.359281063079834,0.012998891063034534,0.06380271911621094,0.012998891063034534,0.9292831420898438,0.20027124881744385,0.6347842812538147,0.8226556181907654
5,1734,0.046208254992961884,0.012547388672828674,2.173309326171875,0.011927777901291847,0.05774315446615219,0.011927777901291847,0.9226895570755005,0.23502303659915924,0.6972405910491943,0.8518127799034119
5,1735,0.0537441149353981,0.017206475138664246,2.5422372817993164,0.01111526694148779,0.057115547358989716,0.01111526694148779,0.9308522939682007,0.23410369455814362,0.6872829794883728,0.8519937992095947
5,1736,0.042517080903053284,0.009008183144032955,2.178373336791992,0.0117251668125391,0.05774926021695137,0.0117251668125391,0.9300259351730347,0.23439055681228638,0.6779029965400696,0.8568807244300842
5,1737,0.049394454807043076,0.010785884223878384,2.178433418273926,0.016824238002300262,0.0694325864315033,0.016824238002300262,0.8941086530685425,0.22633907198905945,0.6555709838867188,0.8147414326667786
5,1738,0.03649337962269783,0.007495547644793987,1.9046539068222046,0.009951292537152767,0.05586029216647148,0.009951292537152767,0.9431741237640381,0.23374946415424347,0.6648422479629517,0.8457044363021851
5,1739,0.055298205465078354,0.01987203024327755,2.349907875061035,0.01192709431052208,0.056134480983018875,0.01192709431052208,0.925666332244873,0.25043946504592896,0.7061994671821594,0.866811215877533
5,1740,0.04203633591532707,0.01145472563803196,1.9548263549804688,0.011033347807824612,0.05424376204609871,0.011033347807824612,0.929425835609436,0.2556510865688324,0.7026134729385376,0.8681318759918213
5,1741,0.051527004688978195,0.016766240820288658,1.9189722537994385,0.015571038238704205,0.06636176258325577,0.015571038238704205,0.9159582853317261,0.22830045223236084,0.6345160603523254,0.8196290731430054
5,1742,0.04171733558177948,0.012811293825507164,1.8247298002243042,0.010658743791282177,0.055145710706710815,0.010658743791282177,0.9397381544113159,0.2455778867006302,0.6921929121017456,0.8534488677978516
5,1743,0.04866461455821991,0.013170305639505386,2.1905665397644043,0.013588645495474339,0.058697111904621124,0.013588645495474339,0.9239218831062317,0.25382211804389954,0.6992437839508057,0.8630610108375549
5,1744,0.04819130524992943,0.013419263064861298,2.2528486251831055,0.012243557721376419,0.05934886634349823,0.012243557721376419,0.921573281288147,0.2668067216873169,0.6762234568595886,0.844043493270874
5,1745,0.04611358791589737,0.01498371921479702,1.966934084892273,0.011460529640316963,0.05512857064604759,0.011460529640316963,0.9320302605628967,0.2618125379085541,0.70261150598526,0.8643355369567871
5,1746,0.05431811884045601,0.012524968013167381,2.766078472137451,0.014132369309663773,0.05722413957118988,0.014132369309663773,0.9070834517478943,0.29744625091552734,0.7397686243057251,0.8652733564376831
5,1747,0.03876597806811333,0.006717984564602375,2.2786054611206055,0.00926193967461586,0.04688849300146103,0.00926193967461586,0.9430198073387146,0.2870267927646637,0.759878396987915,0.9012157917022705
5,1748,0.04435893893241882,0.011462368071079254,2.112475872039795,0.011771813966333866,0.055556558072566986,0.011771813966333866,0.9263503551483154,0.2667233645915985,0.7153486609458923,0.8582057952880859
5,1749,0.04401841014623642,0.007714453618973494,2.382999897003174,0.012473957613110542,0.052333950996398926,0.012473957613110542,0.9200396537780762,0.29136767983436584,0.7397803664207458,0.8841052651405334
5,1750,0.051200561225414276,0.015070732682943344,2.743891716003418,0.008690910413861275,0.04768484830856323,0.008690910413861275,0.9448913335800171,0.28978851437568665,0.7486257553100586,0.8906421661376953
5,1751,0.050737164914608,0.01379828155040741,2.43749737739563,0.012563910335302353,0.05744360759854317,0.012563910335302353,0.9222590327262878,0.28933772444725037,0.7014024257659912,0.8431188464164734
5,1752,0.05050068348646164,0.01935773901641369,1.9280626773834229,0.011862318962812424,0.05833505094051361,0.011862318962812424,0.9334418177604675,0.24895738065242767,0.6814165711402893,0.8489432334899902
5,1753,0.05068514868617058,0.010656241327524185,2.6791951656341553,0.013236958533525467,0.06100134924054146,0.013236958533525467,0.9292468428611755,0.25474345684051514,0.670382022857666,0.8455713391304016
5,1754,0.05347587913274765,0.006091428454965353,3.641613006591797,0.010968324728310108,0.05251208320260048,0.010968324728310108,0.9257590174674988,0.299324631690979,0.7286694049835205,0.8742589354515076
5,1755,0.04977930709719658,0.011235578916966915,2.8263797760009766,0.01027993205934763,0.05178708955645561,0.01027993205934763,0.9421743154525757,0.2738038897514343,0.7253163456916809,0.8790688514709473
5,1756,0.04606224596500397,0.00893110316246748,2.3474745750427246,0.013656395487487316,0.05756299942731857,0.013656395487487316,0.9155961275100708,0.29365700483322144,0.7130551338195801,0.8638550043106079
5,1757,0.050174079835414886,0.010144641622900963,2.824174165725708,0.011787698604166508,0.05680104345083237,0.011787698604166508,0.9369499087333679,0.2707781195640564,0.6987071633338928,0.8516823053359985
5,1758,0.04945283755660057,0.011128844693303108,2.6424036026000977,0.011899960227310658,0.053189948201179504,0.011899960227310658,0.9250227808952332,0.2828839421272278,0.7342469692230225,0.8785938024520874
5,1759,0.059341829270124435,0.020068824291229248,2.826791286468506,0.011005091480910778,0.053470902144908905,0.011005091480910778,0.9312575459480286,0.2542218267917633,0.7130077481269836,0.8696485757827759
5,1760,0.05930597335100174,0.025671929121017456,2.4342541694641113,0.009291501715779305,0.05101984366774559,0.009291501715779305,0.9485890865325928,0.26113465428352356,0.7116544842720032,0.8754332065582275
5,1761,0.05313628166913986,0.01596001908183098,2.060089349746704,0.016575368121266365,0.06591563671827316,0.016575368121266365,0.9068782329559326,0.27920252084732056,0.6892033219337463,0.8327839970588684
5,1762,0.05660679191350937,0.022889278829097748,1.8733792304992676,0.014983722008764744,0.06405837088823318,0.014983722008764744,0.9131750464439392,0.2748284339904785,0.6664037108421326,0.8229864835739136
5,1763,0.05120544135570526,0.01576947793364525,2.2018117904663086,0.013417845591902733,0.05855560302734375,0.013417845591902733,0.9182708263397217,0.28533264994621277,0.7053809762001038,0.8563795685768127
5,1764,0.0515090636909008,0.016642775386571884,2.1264262199401855,0.013602024875581264,0.06374338269233704,0.013602024875581264,0.9319909811019897,0.2118687629699707,0.6497994661331177,0.8329733610153198
5,1765,0.04777538776397705,0.01322182361036539,2.3497743606567383,0.011055821552872658,0.05490637198090553,0.011055821552872658,0.9394360780715942,0.268534779548645,0.6951210498809814,0.8572192192077637
5,1766,0.047465063631534576,0.01411138754338026,2.433189630508423,0.00902178231626749,0.04814302176237106,0.00902178231626749,0.9458645582199097,0.28027209639549255,0.7378290295600891,0.8887903094291687
5,1767,0.05034979432821274,0.019860904663801193,1.7349553108215332,0.013139335438609123,0.05887048318982124,0.013139335438609123,0.9256451725959778,0.2567664384841919,0.692955732345581,0.8507797122001648
5,1768,0.06872916221618652,0.022087465971708298,3.1154844760894775,0.015486853197216988,0.06223197653889656,0.015486853197216988,0.9015597701072693,0.2641848027706146,0.7032967209815979,0.8459295630455017
5,1769,0.05260399356484413,0.018578682094812393,2.2674190998077393,0.01135112065821886,0.054488617926836014,0.01135112065821886,0.9370434880256653,0.2586171627044678,0.7175619602203369,0.866562008857727
5,1770,0.06449134647846222,0.02076050639152527,3.079859733581543,0.01293223723769188,0.05671115964651108,0.01293223723769188,0.917048990726471,0.2931034564971924,0.7262561321258545,0.8551231622695923
5,1771,0.07047909498214722,0.022701270878314972,3.724447250366211,0.010533352382481098,0.05099719762802124,0.010533352382481098,0.9287490844726562,0.30547600984573364,0.7426967620849609,0.8791385293006897
5,1772,0.05015208572149277,0.011533012613654137,2.403160572052002,0.014587469398975372,0.06085680425167084,0.014587469398975372,0.9156182408332825,0.26704472303390503,0.7063845992088318,0.8486045598983765
5,1773,0.04589531943202019,0.008803382515907288,2.5906412601470947,0.011185522191226482,0.05190334469079971,0.011185522191226482,0.928945004940033,0.2898561358451843,0.7357215285301208,0.8729835748672485
5,1774,0.04566434770822525,0.01502939686179161,1.9274230003356934,0.011360717937350273,0.05838196724653244,0.011360717937350273,0.9394428730010986,0.24895380437374115,0.6666940450668335,0.8347419500350952
5,1775,0.04817061126232147,0.01270102895796299,2.5835676193237305,0.009633905254304409,0.04725874960422516,0.009633905254304409,0.9443675875663757,0.300504207611084,0.7658823728561401,0.8925490379333496
5,1776,0.04584404081106186,0.00853133387863636,2.7014200687408447,0.01029850635677576,0.052293743938207626,0.01029850635677576,0.9428499937057495,0.25642427802085876,0.7102241516113281,0.8727641701698303
5,1777,0.053913239389657974,0.018133174628019333,2.3377525806427,0.012402537278831005,0.057212743908166885,0.012402537278831005,0.9298604130744934,0.2729644775390625,0.7078811526298523,0.8506196737289429
5,1778,0.06411926448345184,0.022018395364284515,2.840165615081787,0.013699212111532688,0.05955591797828674,0.013699212111532688,0.921125054359436,0.25472837686538696,0.7054325938224792,0.8520455956459045
5,1779,0.05508780851960182,0.019628092646598816,2.4286067485809326,0.011173647828400135,0.05458054319024086,0.011173647828400135,0.9396950602531433,0.261787474155426,0.7079521417617798,0.8686370849609375
5,1780,0.05760183930397034,0.013620450161397457,3.409752130508423,0.009883870370686054,0.05086139217019081,0.009883870370686054,0.9374952912330627,0.31165528297424316,0.7343409657478333,0.8700043559074402
5,1781,0.06482119113206863,0.018944114446640015,3.3985393047332764,0.011891686357557774,0.0547894686460495,0.011891686357557774,0.9295869469642639,0.27584388852119446,0.7165461182594299,0.8665611743927002
5,1782,0.04902976006269455,0.012406552210450172,2.35703182220459,0.01305288728326559,0.055991798639297485,0.01305288728326559,0.9183088541030884,0.30671319365501404,0.7351554036140442,0.8575951457023621
5,1783,0.05894361436367035,0.010292076505720615,3.7235398292541504,0.01141614280641079,0.052087217569351196,0.01141614280641079,0.9288345575332642,0.312218576669693,0.7474928498268127,0.8688600063323975
5,1784,0.06201190501451492,0.019052304327487946,3.0338046550750732,0.012621557340025902,0.06007305532693863,0.012621557340025902,0.9315475225448608,0.2556702792644501,0.6696005463600159,0.8281144499778748
5,1785,0.0656464546918869,0.017272241413593292,3.6705758571624756,0.011668456718325615,0.0526614710688591,0.011668456718325615,0.9118403196334839,0.3366287648677826,0.7320261597633362,0.8663151264190674
5,1786,0.047685861587524414,0.011885657906532288,2.744547128677368,0.0083547318354249,0.04666322469711304,0.0083547318354249,0.9521474242210388,0.299090176820755,0.7401548027992249,0.8884437680244446
5,1787,0.05019877851009369,0.016877228394150734,2.3793320655822754,0.009528232738375664,0.052122801542282104,0.009528232738375664,0.9473674297332764,0.2655102014541626,0.6950340270996094,0.8641496300697327
5,1788,0.05514628067612648,0.017256345599889755,2.5189461708068848,0.01270047202706337,0.0577971488237381,0.01270047202706337,0.9322978258132935,0.2784837782382965,0.6948583126068115,0.8469179272651672
5,1789,0.06394951045513153,0.011119835078716278,3.9445443153381348,0.01338423416018486,0.056987468153238297,0.01338423416018486,0.910140335559845,0.31628960371017456,0.7148028612136841,0.8570135831832886
5,1790,0.049422260373830795,0.01393570750951767,2.120357036590576,0.014282981865108013,0.0638900026679039,0.014282981865108013,0.9235533475875854,0.25969672203063965,0.6580207347869873,0.8236232995986938
5,1791,0.06264454871416092,0.025447186082601547,2.674623966217041,0.010451125912368298,0.05326218158006668,0.010451125912368298,0.9350551962852478,0.29195722937583923,0.7092382311820984,0.8599322438240051
5,1792,0.06338179856538773,0.02063990756869316,3.1806857585906982,0.010935035534203053,0.05399369075894356,0.010935035534203053,0.9257780313491821,0.31534484028816223,0.7170596122741699,0.8538646101951599
5,1793,0.05215810239315033,0.014137431047856808,2.6290345191955566,0.01173032820224762,0.058211442083120346,0.01173032820224762,0.933351993560791,0.25553494691848755,0.6852813959121704,0.8432900309562683
5,1794,0.06533186137676239,0.023256035521626472,3.036372423171997,0.01171210315078497,0.059013087302446365,0.01171210315078497,0.9326092600822449,0.26544830203056335,0.6633493304252625,0.8412196040153503
5,1795,0.05557700991630554,0.014164773747324944,3.048471450805664,0.01092752069234848,0.05326413735747337,0.01092752069234848,0.9301760792732239,0.30194947123527527,0.7162289023399353,0.8630351424217224
5,1796,0.05542890727519989,0.015762588009238243,2.134281873703003,0.0183235052973032,0.07078774273395538,0.0183235052973032,0.8960103392601013,0.2540137469768524,0.6590760350227356,0.8120904564857483
5,1797,0.04795240983366966,0.011295782402157784,2.514958381652832,0.011507044546306133,0.05687759816646576,0.011507044546306133,0.9389466047286987,0.259926974773407,0.6926060914993286,0.8500684499740601
5,1798,0.050392236560583115,0.009917428717017174,2.8644285202026367,0.011830523610115051,0.05643203482031822,0.011830523610115051,0.9242796301841736,0.27459579706192017,0.6974039673805237,0.8557658195495605
5,1799,0.06254469603300095,0.016227133572101593,3.2052083015441895,0.014265479519963264,0.06101174280047417,0.014265479519963264,0.9106310606002808,0.2691221535205841,0.6835725903511047,0.8394916653633118
5,1800,0.054919980466365814,0.017647670581936836,2.382922887802124,0.013443083502352238,0.061287637799978256,0.013443083502352238,0.9259302020072937,0.2487013041973114,0.6605339050292969,0.8435786366462708
5,1801,0.06966336816549301,0.02226616069674492,3.506755828857422,0.012329647317528725,0.05505184084177017,0.012329647317528725,0.9234662055969238,0.2739088833332062,0.7153589129447937,0.8650727272033691
5,1802,0.05532052740454674,0.009219893254339695,3.4887173175811768,0.011213462799787521,0.05129985138773918,0.011213462799787521,0.9217026233673096,0.2929260730743408,0.7428677678108215,0.8798388242721558
5,1803,0.04720413312315941,0.01966366171836853,1.3926594257354736,0.013613875955343246,0.06278599798679352,0.013613875955343246,0.9326231479644775,0.2207084447145462,0.6526274681091309,0.8383806943893433
5,1804,0.06087690591812134,0.021115802228450775,2.5568180084228516,0.014192922040820122,0.06482349336147308,0.014192922040820122,0.9247751235961914,0.22555167973041534,0.6526519656181335,0.8260162472724915
5,1805,0.06659741699695587,0.00876965094357729,4.581559658050537,0.012012170627713203,0.05373053252696991,0.012012170627713203,0.9119829535484314,0.28241047263145447,0.7423461675643921,0.8771419525146484
5,1806,0.051422711461782455,0.012608041986823082,2.708768844604492,0.011726980097591877,0.054368820041418076,0.011726980097591877,0.9337710738182068,0.25013527274131775,0.7093479633331299,0.8697240352630615
5,1807,0.05655302852392197,0.014975869096815586,2.908848285675049,0.01248867716640234,0.055511463433504105,0.01248867716640234,0.921674907207489,0.28659990429878235,0.7143538594245911,0.856802225112915
5,1808,0.06452039629220963,0.012195363640785217,4.160605430603027,0.010718981735408306,0.05122082680463791,0.010718981735408306,0.9262582063674927,0.29869621992111206,0.7446701526641846,0.8711879849433899
5,1809,0.055209629237651825,0.009593996219336987,3.240767478942871,0.013207958079874516,0.056577909737825394,0.013207958079874516,0.9138734936714172,0.28792911767959595,0.7227990031242371,0.8652408719062805
5,1810,0.06098419800400734,0.016266100108623505,3.140103578567505,0.013317064382135868,0.055076997727155685,0.013317064382135868,0.9175223708152771,0.28914421796798706,0.7411535978317261,0.8738924264907837
5,1811,0.0577128641307354,0.010914202779531479,3.2962710857391357,0.013835952617228031,0.05745997279882431,0.013835952617228031,0.9147034883499146,0.28327715396881104,0.7280269861221313,0.8567280173301697
5,1812,0.06350579112768173,0.014704080298542976,3.4323925971984863,0.014477781020104885,0.06262337416410446,0.014477781020104885,0.9125474095344543,0.2716143727302551,0.6738441586494446,0.8355557918548584
5,1813,0.06280401349067688,0.022081296890974045,2.604111433029175,0.014681602828204632,0.06489022076129913,0.014681602828204632,0.9227533340454102,0.26257258653640747,0.657698929309845,0.8215716481208801
5,1814,0.07351787388324738,0.026413939893245697,3.441122055053711,0.012692718766629696,0.056093480437994,0.012692718766629696,0.9142253994941711,0.2678498923778534,0.7127196788787842,0.8715851902961731
5,1815,0.0544528029859066,0.015823837369680405,2.50484561920166,0.013580512255430222,0.06447424739599228,0.013580512255430222,0.924214243888855,0.21176470816135406,0.6408476233482361,0.8248447179794312
5,1816,0.06417066603899002,0.017568347975611687,3.0589890480041504,0.01601243205368519,0.06881855428218842,0.01601243205368519,0.9078016877174377,0.21921026706695557,0.639197587966919,0.8080780506134033
5,1817,0.05789991468191147,0.017986629158258438,3.0462114810943604,0.009451172314584255,0.050625450909137726,0.009451172314584255,0.940322995185852,0.2691071927547455,0.7165482640266418,0.87510746717453
5,1818,0.08514043688774109,0.027223214507102966,4.585259914398193,0.012064618989825249,0.05442183464765549,0.012064618989825249,0.9187211394309998,0.2932235896587372,0.7133845686912537,0.8712603449821472
5,1819,0.07994427531957626,0.020743485540151596,4.716569423675537,0.012035091407597065,0.055854734033346176,0.012035091407597065,0.918778121471405,0.26764723658561707,0.7177601456642151,0.8591117262840271
5,1820,0.06111179292201996,0.01822151429951191,2.644780158996582,0.01644247956573963,0.07123862206935883,0.01644247956573963,0.9191954135894775,0.20400500297546387,0.6180046200752258,0.8066332936286926
5,1821,0.057931359857320786,0.009934788569808006,3.7723090648651123,0.010273481719195843,0.05209323391318321,0.010273481719195843,0.9332255125045776,0.26927778124809265,0.7264450788497925,0.8703409433364868
5,1822,0.058329951018095016,0.013198761269450188,3.2419464588165283,0.0127117233350873,0.058672115206718445,0.0127117233350873,0.921970546245575,0.26538780331611633,0.7016451954841614,0.8469160795211792
5,1823,0.054957836866378784,0.016687504947185516,2.5965981483459473,0.01230434887111187,0.060641609132289886,0.01230434887111187,0.9349362850189209,0.2304009199142456,0.6607589721679688,0.8382048010826111
5,1824,0.07853542268276215,0.01734396070241928,4.62450647354126,0.014946400187909603,0.06313266605138779,0.014946400187909603,0.9024125337600708,0.2621104121208191,0.6892870664596558,0.8295692205429077
5,1825,0.07169488072395325,0.02659282088279724,2.7551679611206055,0.017550380900502205,0.07230766117572784,0.017550380900502205,0.904496431350708,0.22000618278980255,0.6272417902946472,0.7932900190353394
5,1826,0.071959488093853,0.027974409982562065,2.919015884399414,0.014794920571148396,0.06955575942993164,0.014794920571148396,0.9176775217056274,0.2050657570362091,0.618050217628479,0.7977176308631897
5,1827,0.05578354001045227,0.01720399223268032,2.6095974445343018,0.012483574450016022,0.0655597597360611,0.012483574450016022,0.9281823635101318,0.1989123672246933,0.6214878559112549,0.8008784651756287
5,1828,0.061545949429273605,0.0213931854814291,2.3138911724090576,0.017013851553201675,0.07366050779819489,0.017013851553201675,0.9028531312942505,0.19586870074272156,0.6086636781692505,0.7874857783317566
5,1829,0.06702453643083572,0.02474018558859825,2.681851387023926,0.015465838834643364,0.07089811563491821,0.015465838834643364,0.9056355357170105,0.20797638595104218,0.6201667189598083,0.7893030643463135
5,1830,0.06714827567338943,0.025059308856725693,2.436461925506592,0.017724350094795227,0.0768200233578682,0.017724350094795227,0.8996868133544922,0.18900775909423828,0.5912173986434937,0.7671491503715515
5,1831,0.060309816151857376,0.021891504526138306,2.4711837768554688,0.013706470839679241,0.06828197836875916,0.013706470839679241,0.9189561009407043,0.1684967577457428,0.5957505106925964,0.806357741355896
5,1832,0.06888054311275482,0.03385099023580551,2.185494899749756,0.013174607418477535,0.06637347489595413,0.013174607418477535,0.921200692653656,0.1637575626373291,0.5966220498085022,0.8174320459365845
5,1833,0.05935807526111603,0.020189279690384865,2.3966684341430664,0.015202113427221775,0.0718211978673935,0.015202113427221775,0.8965604305267334,0.17651458084583282,0.587135374546051,0.7940484881401062
5,1834,0.056243959814310074,0.022577181458473206,1.7655259370803833,0.016011517494916916,0.07795079052448273,0.016011517494916916,0.9095150232315063,0.15169964730739594,0.5376530885696411,0.7501630783081055
5,1835,0.053009700030088425,0.01853635348379612,1.8639713525772095,0.01583363488316536,0.07535753399133682,0.01583363488316536,0.905738890171051,0.16140596568584442,0.5866261124610901,0.7748422026634216
5,1836,0.06381964683532715,0.029512306675314903,1.6644673347473145,0.017662668600678444,0.08003086596727371,0.017662668600678444,0.8944199085235596,0.14636363089084625,0.5623376369476318,0.7657791972160339
5,1837,0.05371370539069176,0.02351747825741768,1.3108001947402954,0.01708822324872017,0.07827099412679672,0.01708822324872017,0.905951738357544,0.15246982872486115,0.5651838183403015,0.7761015892028809
5,1838,0.04944988340139389,0.019852327182888985,1.364885926246643,0.015948697924613953,0.07549922913312912,0.015948697924613953,0.909388542175293,0.1515534371137619,0.5671918988227844,0.7749367952346802
5,1839,0.05647660791873932,0.025113452225923538,1.5699669122695923,0.01566348783671856,0.07358363270759583,0.01566348783671856,0.9020330905914307,0.1592569500207901,0.587439775466919,0.7817503213882446
5,1840,0.04365317523479462,0.013113983906805515,1.7652214765548706,0.012886978685855865,0.06372722238302231,0.012886978685855865,0.912035346031189,0.1784820258617401,0.651975691318512,0.830725908279419
5,1841,0.0450378954410553,0.018837589770555496,1.4029935598373413,0.012170368805527687,0.06392411142587662,0.012170368805527687,0.9372559189796448,0.17263056337833405,0.598024308681488,0.8261950612068176
5,1842,0.0596550814807415,0.03154091164469719,1.3332901000976562,0.014781270176172256,0.06977225095033646,0.014781270176172256,0.9215855002403259,0.17363935708999634,0.6038995981216431,0.8034083247184753
5,1843,0.04393187537789345,0.014901001937687397,1.4431774616241455,0.014599098823964596,0.07154974341392517,0.014599098823964596,0.9167373776435852,0.14005346596240997,0.568950891494751,0.7923322916030884
5,1844,0.04468096047639847,0.014471294358372688,1.4244465827941895,0.01596519909799099,0.07448989897966385,0.01596519909799099,0.9109560251235962,0.15485398471355438,0.5587213635444641,0.7885556221008301
5,1845,0.04123752564191818,0.0144997863098979,1.3327999114990234,0.01340973936021328,0.06727974116802216,0.01340973936021328,0.9203993678092957,0.1502750813961029,0.6010385155677795,0.819682240486145
5,1846,0.04512965679168701,0.013781875371932983,1.4287306070327759,0.017060473561286926,0.07407701760530472,0.017060473561286926,0.8863325715065002,0.1581902652978897,0.5967497825622559,0.8072022199630737
5,1847,0.05617263913154602,0.027096722275018692,1.31632399559021,0.015912676230072975,0.07411891222000122,0.015912676230072975,0.9081555604934692,0.14448930323123932,0.566016674041748,0.7909114360809326
5,1848,0.056489989161491394,0.02493482083082199,1.4448249340057373,0.017106918618083,0.07720930874347687,0.017106918618083,0.9014993906021118,0.16040998697280884,0.5750800967216492,0.7757207155227661
5,1849,0.05175354331731796,0.021541200578212738,1.3491270542144775,0.016721071675419807,0.07314419001340866,0.016721071675419807,0.9016087651252747,0.1755453497171402,0.5949252247810364,0.7930610179901123
5,1850,0.04648050293326378,0.015753746032714844,1.4340009689331055,0.016386747360229492,0.07309035211801529,0.016386747360229492,0.8939077854156494,0.18417833745479584,0.6060894131660461,0.7904037237167358
5,1851,0.052594467997550964,0.0283867958933115,1.1794261932373047,0.01241341419517994,0.06564538180828094,0.01241341419517994,0.9318476319313049,0.15755786001682281,0.6009003520011902,0.8190194964408875
5,1852,0.05371839180588722,0.023872293531894684,1.510676383972168,0.014739333651959896,0.06711184978485107,0.014739333651959896,0.8984724879264832,0.19260400533676147,0.6475346684455872,0.8230244517326355
5,1853,0.039466116577386856,0.014235654845833778,1.3490242958068848,0.011740218847990036,0.060906603932380676,0.011740218847990036,0.9240380525588989,0.19508850574493408,0.6422338485717773,0.8408127427101135
5,1854,0.042518194764852524,0.017782196402549744,1.2214717864990234,0.012521281838417053,0.06369813531637192,0.012521281838417053,0.921753466129303,0.18411529064178467,0.6243337392807007,0.8287820219993591
5,1855,0.05110008642077446,0.020925171673297882,1.3880243301391602,0.016294673085212708,0.07218881696462631,0.016294673085212708,0.9062343239784241,0.1676451414823532,0.6003478765487671,0.8132927417755127
5,1856,0.03962159901857376,0.01182554755359888,1.4354362487792969,0.013441691175103188,0.06503193080425262,0.013441691175103188,0.9111485481262207,0.1754665970802307,0.6340109705924988,0.830708384513855
5,1857,0.044593553990125656,0.016599781811237335,1.2371505498886108,0.015622266568243504,0.0703434869647026,0.015622266568243504,0.9039322733879089,0.17246989905834198,0.6186137199401855,0.8164659738540649
5,1858,0.036117397248744965,0.011506358161568642,1.1631739139556885,0.0129792969673872,0.0686240866780281,0.0129792969673872,0.9295671582221985,0.15199999511241913,0.5734285712242126,0.8019285798072815
5,1859,0.04713694378733635,0.020571397617459297,1.2428299188613892,0.014137250371277332,0.06835764646530151,0.014137250371277332,0.9185115098953247,0.1706235557794571,0.6103833913803101,0.812934935092926
5,1860,0.051713939756155014,0.024259764701128006,1.364203691482544,0.013812138698995113,0.06574312597513199,0.013812138698995113,0.9161701798439026,0.18280422687530518,0.6303571462631226,0.8285714387893677
5,1861,0.03539246320724487,0.009423214010894299,1.264072060585022,0.013328530825674534,0.061103638261556625,0.013328530825674534,0.9187965989112854,0.2050924450159073,0.6815411448478699,0.850067138671875
5,1862,0.045856960117816925,0.01996424049139023,1.3528947830200195,0.012363770976662636,0.06233510002493858,0.012363770976662636,0.92474764585495,0.19876113533973694,0.6508710980415344,0.8268679976463318
5,1863,0.04099341109395027,0.009768765419721603,1.62624192237854,0.01496222522109747,0.06323642283678055,0.01496222522109747,0.8998987674713135,0.2201026827096939,0.7025575637817383,0.8394799828529358
5,1864,0.04342411458492279,0.019418416544795036,1.2228477001190186,0.011777221225202084,0.06078553572297096,0.011777221225202084,0.9315681457519531,0.19549860060214996,0.6502656936645508,0.839699923992157
5,1865,0.03819582238793373,0.013817031867802143,1.3304489850997925,0.011074301786720753,0.059388693422079086,0.011074301786720753,0.9320557117462158,0.20608898997306824,0.665105402469635,0.8381472826004028
5,1866,0.04492669552564621,0.022205043584108353,1.2122082710266113,0.01059956755489111,0.05815839022397995,0.01059956755489111,0.9407813549041748,0.20798799395561218,0.6540494561195374,0.8481367826461792
5,1867,0.03598445653915405,0.0078078340739011765,1.3725582361221313,0.014451040886342525,0.06428959220647812,0.014451040886342525,0.9198576807975769,0.19705305993556976,0.661797285079956,0.8364636898040771
5,1868,0.043316490948200226,0.01744771935045719,1.2638027667999268,0.013230745680630207,0.06412138789892197,0.013230745680630207,0.929977297782898,0.20709918439388275,0.6455173492431641,0.8163265585899353
5,1869,0.04323986917734146,0.016454722732305527,1.2650141716003418,0.014135004952549934,0.06271443516016006,0.014135004952549934,0.9124964475631714,0.22705523669719696,0.6802336573600769,0.8322873115539551
5,1870,0.03115544468164444,0.007099148817360401,1.2376976013183594,0.01167931966483593,0.05509667843580246,0.01167931966483593,0.9232667088508606,0.24378466606140137,0.7241824269294739,0.867756724357605
5,1871,0.04555106908082962,0.019059883430600166,1.558579921722412,0.01090538501739502,0.05666036903858185,0.01090538501739502,0.9281790256500244,0.21913067996501923,0.6998200416564941,0.8525055646896362
5,1872,0.030238278210163116,0.007744879927486181,1.3155310153961182,0.009338087402284145,0.05072535201907158,0.009338087402284145,0.9362097978591919,0.2533971667289734,0.7186509966850281,0.8767865896224976
5,1873,0.038652971386909485,0.011125413700938225,1.457320213317871,0.012954357080161572,0.059358976781368256,0.012954357080161572,0.920119047164917,0.24520179629325867,0.6975743174552917,0.8455461859703064
5,1874,0.037409279495477676,0.010383157059550285,1.4122209548950195,0.012903914786875248,0.06210676208138466,0.012903914786875248,0.9254253506660461,0.23576849699020386,0.6587828397750854,0.837354302406311
5,1875,0.03859541192650795,0.012333100661635399,1.4152045249938965,0.012110266834497452,0.05781949684023857,0.012110266834497452,0.929350733757019,0.21890325844287872,0.6866441369056702,0.8559327721595764
5,1876,0.029563650488853455,0.008537770248949528,1.1936733722686768,0.009089144878089428,0.05022367835044861,0.009089144878089428,0.9458543658256531,0.24465692043304443,0.7128029465675354,0.8809694051742554
5,1877,0.0375654362142086,0.008294891566038132,1.383435845375061,0.015436186455190182,0.061871062964200974,0.015436186455190182,0.9069167375564575,0.25032657384872437,0.7105450630187988,0.847702145576477
5,1878,0.039657071232795715,0.015025265514850616,1.2740099430084229,0.011891709640622139,0.05865943059325218,0.011891709640622139,0.9321786165237427,0.22185616195201874,0.6905930042266846,0.8502733707427979
5,1879,0.04504762962460518,0.019957883283495903,1.3239846229553223,0.011849897913634777,0.05869527906179428,0.011849897913634777,0.9262884259223938,0.22066190838813782,0.687110960483551,0.847199022769928
5,1880,0.035526446998119354,0.009656762704253197,1.5087276697158813,0.010782409459352493,0.05561548098921776,0.010782409459352493,0.9338966608047485,0.22658631205558777,0.7069124579429626,0.8542360663414001
5,1881,0.03545498475432396,0.00899522751569748,1.5011178255081177,0.011448579840362072,0.055662065744400024,0.011448579840362072,0.9260274767875671,0.2344655692577362,0.7013381123542786,0.8681402206420898
5,1882,0.04057787358760834,0.015841111540794373,1.5235705375671387,0.009501058608293533,0.05357939377427101,0.009501058608293533,0.9425700902938843,0.21703839302062988,0.6888057589530945,0.8645539283752441
5,1883,0.040988970547914505,0.015270726755261421,1.362152099609375,0.012096723541617393,0.0550275593996048,0.012096723541617393,0.9251807332038879,0.2488379329442978,0.7221361398696899,0.8684536814689636
5,1884,0.035724982619285583,0.009539412334561348,1.4202163219451904,0.01198340579867363,0.05602589249610901,0.01198340579867363,0.9264408349990845,0.26186323165893555,0.712417483329773,0.860069751739502
5,1885,0.04121948778629303,0.010195717215538025,1.4585585594177246,0.016438188031315804,0.06415331363677979,0.016438188031315804,0.8938832879066467,0.2611202597618103,0.6916921734809875,0.8460814356803894
5,1886,0.041490375995635986,0.011618317104876041,1.6606793403625488,0.01326526515185833,0.06107885763049126,0.01326526515185833,0.9175127744674683,0.2591044306755066,0.680199384689331,0.8388938307762146
5,1887,0.0398775115609169,0.01455015316605568,1.4050774574279785,0.011276583187282085,0.05428998917341232,0.011276583187282085,0.931673526763916,0.27976754307746887,0.7178672552108765,0.8662657141685486
5,1888,0.03518721088767052,0.011236296035349369,1.2465567588806152,0.011485347524285316,0.056152213364839554,0.011485347524285316,0.9373624920845032,0.2355623096227646,0.6881332397460938,0.8606889843940735
5,1889,0.034090183675289154,0.007761886343359947,1.559993028640747,0.010728367604315281,0.04976911097764969,0.010728367604315281,0.9219757318496704,0.2985089123249054,0.7657046914100647,0.8830687999725342
5,1890,0.035359207540750504,0.009320715442299843,1.5390238761901855,0.010648254305124283,0.05343114212155342,0.010648254305124283,0.9422948360443115,0.25352486968040466,0.7168794870376587,0.8672519326210022
5,1891,0.040603891015052795,0.009186141192913055,1.30649733543396,0.018352776765823364,0.0709373876452446,0.018352776765823364,0.9053314924240112,0.23832905292510986,0.6449224352836609,0.8138882517814636
5,1892,0.03930346295237541,0.012504804879426956,1.5051469802856445,0.011747187934815884,0.05523084104061127,0.011747187934815884,0.9245278239250183,0.2752808928489685,0.713606595993042,0.8572046160697937
5,1893,0.03776034340262413,0.009608072228729725,1.6236748695373535,0.011915524490177631,0.05455808714032173,0.011915524490177631,0.9263666272163391,0.2810181677341461,0.7160552740097046,0.865446150302887
5,1894,0.03582435101270676,0.00912861991673708,1.5093203783035278,0.011602528393268585,0.05457647517323494,0.011602528393268585,0.9192113280296326,0.3035866916179657,0.7133097648620605,0.8623886704444885
5,1895,0.0373338907957077,0.009608281776309013,1.5961410999298096,0.011764196678996086,0.056010790169239044,0.011764196678996086,0.9291815757751465,0.2999032437801361,0.7059013247489929,0.8481780290603638
5,1896,0.04222380369901657,0.013554898090660572,1.5348803997039795,0.013320102356374264,0.05836042761802673,0.013320102356374264,0.9193356037139893,0.2922307848930359,0.7154245376586914,0.855371356010437
5,1897,0.05151015520095825,0.028201669454574585,1.320779800415039,0.01010069064795971,0.0540197417140007,0.01010069064795971,0.9432253837585449,0.2626645267009735,0.6857784986495972,0.8597753047943115
5,1898,0.03732306510210037,0.009585806168615818,1.6150500774383545,0.011586761102080345,0.05410728603601456,0.011586761102080345,0.9285100698471069,0.28033867478370667,0.7247009873390198,0.8605026006698608
5,1899,0.036651477217674255,0.009158525615930557,1.7326940298080444,0.010166010819375515,0.05330411717295647,0.010166010819375515,0.9413240551948547,0.260041207075119,0.6953067779541016,0.8664116263389587
5,1900,0.045837245881557465,0.02038073167204857,1.3661024570465088,0.01179549191147089,0.05636759474873543,0.01179549191147089,0.925727128982544,0.2658158838748932,0.6853755712509155,0.8621023297309875
5,1901,0.04191391170024872,0.014564575627446175,1.2892158031463623,0.014457178302109241,0.06168494373559952,0.014457178302109241,0.9197162985801697,0.264457643032074,0.6808377504348755,0.844326376914978
5,1902,0.038804635405540466,0.011121712625026703,1.5385223627090454,0.012297697365283966,0.055703967809677124,0.012297697365283966,0.925159752368927,0.2889099419116974,0.711030900478363,0.8552491664886475
5,1903,0.0428876131772995,0.01713060960173607,1.2789270877838135,0.012967733666300774,0.060070738196372986,0.012967733666300774,0.929813802242279,0.2579036355018616,0.677430272102356,0.8448013663291931
5,1904,0.052303068339824677,0.02728232555091381,1.3182432651519775,0.011838309466838837,0.054548006504774094,0.011838309466838837,0.922042965888977,0.30679434537887573,0.7181390523910522,0.8570294976234436
5,1905,0.034565165638923645,0.007262561470270157,1.5570042133331299,0.011732563376426697,0.05328327789902687,0.011732563376426697,0.9262226223945618,0.30727535486221313,0.7220548987388611,0.868043839931488
5,1906,0.04686220362782478,0.015006044879555702,1.9135956764221191,0.01272020023316145,0.054852038621902466,0.01272020023316145,0.912878692150116,0.312038779258728,0.7306421399116516,0.8647428154945374
5,1907,0.036169182509183884,0.009253200143575668,1.3055659532546997,0.013860322535037994,0.058222696185112,0.013860322535037994,0.9198215007781982,0.31243523955345154,0.705255389213562,0.8516654372215271
5,1908,0.04013301432132721,0.008513059467077255,1.7690974473953247,0.013928979635238647,0.05729965493083,0.013928979635238647,0.9183539748191833,0.33809348940849304,0.724553108215332,0.8559441566467285
5,1909,0.0369432233273983,0.010016674175858498,1.3614542484283447,0.013312009163200855,0.056405071169137955,0.013312009163200855,0.9206683039665222,0.32105782628059387,0.7200939059257507,0.8588729500770569
5,1910,0.02946663647890091,0.005230815149843693,1.4572594165802002,0.009663227945566177,0.046913858503103256,0.009663227945566177,0.9394586086273193,0.33043527603149414,0.7679849863052368,0.8960109353065491
5,1911,0.03374330326914787,0.008669408038258553,1.3969957828521729,0.011103937402367592,0.05348324030637741,0.011103937402367592,0.9316074848175049,0.29795584082603455,0.7153986096382141,0.8687986731529236
5,1912,0.03627685829997063,0.007608362007886171,1.5317866802215576,0.01335062924772501,0.056635238230228424,0.01335062924772501,0.9238801002502441,0.27968767285346985,0.7100932598114014,0.8648988604545593
5,1913,0.04525773599743843,0.014444919303059578,1.5504167079925537,0.015308649279177189,0.062342867255210876,0.015308649279177189,0.9050417542457581,0.28842413425445557,0.6898276805877686,0.8372706770896912
5,1914,0.03537067398428917,0.008610334247350693,1.5205693244934082,0.011554647237062454,0.0541437529027462,0.011554647237062454,0.9292700290679932,0.30185097455978394,0.6993016600608826,0.8609397411346436
5,1915,0.03824029862880707,0.015761177986860275,1.2035564184188843,0.010443556122481823,0.05394518002867699,0.010443556122481823,0.9420098066329956,0.2781844735145569,0.6930209994316101,0.8597922325134277
5,1916,0.028722716495394707,0.007264356128871441,1.2783498764038086,0.0086748618632555,0.04745367914438248,0.0086748618632555,0.9520272016525269,0.28262409567832947,0.7408099174499512,0.8899762034416199
5,1917,0.03204832226037979,0.007051135879009962,1.2244105339050293,0.0127530787140131,0.05687163770198822,0.0127530787140131,0.9290697574615479,0.29258912801742554,0.6997786164283752,0.8605802655220032
5,1918,0.03636884689331055,0.01097574271261692,1.503211259841919,0.010360992513597012,0.05129120498895645,0.010360992513597012,0.9401347041130066,0.29048043489456177,0.723436713218689,0.881736159324646
5,1919,0.03819061070680618,0.015617556869983673,1.2654435634613037,0.009918619878590107,0.05005291476845741,0.009918619878590107,0.9462499618530273,0.28989407420158386,0.722817063331604,0.8840538263320923
5,1920,0.04845491796731949,0.02001788467168808,1.5843058824539185,0.012593979015946388,0.05686613544821739,0.012593979015946388,0.9245167374610901,0.30057036876678467,0.7221779823303223,0.8537604212760925
5,1921,0.03538917005062103,0.008647201582789421,1.4737548828125,0.012004419229924679,0.055249329656362534,0.012004419229924679,0.9285257458686829,0.3154926002025604,0.713433027267456,0.8597009181976318
5,1922,0.04586616903543472,0.014465146698057652,1.736944317817688,0.014031578786671162,0.0579511895775795,0.014031578786671162,0.9083753824234009,0.33778464794158936,0.7209128737449646,0.8536548614501953
5,1923,0.03981376439332962,0.012419028207659721,1.3908385038375854,0.013486351817846298,0.06268176436424255,0.013486351817846298,0.9312567710876465,0.25025150179862976,0.6578638553619385,0.8243628144264221
5,1924,0.0566464401781559,0.03089987114071846,1.4438037872314453,0.01130853220820427,0.05717530846595764,0.01130853220820427,0.9362630248069763,0.2692250907421112,0.6819728016853333,0.8470126986503601
5,1925,0.03663302958011627,0.012056021019816399,1.299390435218811,0.01158310379832983,0.055800195783376694,0.01158310379832983,0.9423801898956299,0.24246913194656372,0.692768931388855,0.8645502924919128
5,1926,0.05186446011066437,0.02505851536989212,1.5219006538391113,0.011586936190724373,0.05272259935736656,0.011586936190724373,0.9235233068466187,0.2846975028514862,0.7441676259040833,0.8759532570838928
5,1927,0.03843151032924652,0.009934753179550171,1.4813337326049805,0.013683420605957508,0.05668649449944496,0.013683420605957508,0.9092912673950195,0.29700255393981934,0.7286351919174194,0.8612882494926453
5,1928,0.03960413113236427,0.013965755701065063,1.5987513065338135,0.009650860913097858,0.05222981423139572,0.009650860913097858,0.944166362285614,0.2655908763408661,0.7000474333763123,0.8637873530387878
5,1929,0.04350684583187103,0.014242110773921013,1.4759992361068726,0.01450474001467228,0.0628545954823494,0.01450474001467228,0.9147361516952515,0.3002817630767822,0.6805347204208374,0.8248306512832642
5,1930,0.03612132743000984,0.007554582320153713,1.569974422454834,0.01286699902266264,0.0573045089840889,0.01286699902266264,0.9180822372436523,0.2854667007923126,0.7037014365196228,0.8492200970649719
5,1931,0.04320158809423447,0.0159232746809721,1.4236279726028442,0.013042033649981022,0.06016866862773895,0.013042033649981022,0.9287739396095276,0.2292289286851883,0.6713239550590515,0.8485504984855652
5,1932,0.05029226094484329,0.01906196027994156,1.602078914642334,0.015209510922431946,0.06549812108278275,0.015209510922431946,0.9097843170166016,0.22125938534736633,0.6576710343360901,0.8251217007637024
5,1933,0.044580962508916855,0.0144650898873806,1.673976182937622,0.013376111164689064,0.06162417307496071,0.013376111164689064,0.9217952489852905,0.2277327924966812,0.6492915153503418,0.8301764130592346
5,1934,0.03786889463663101,0.00825292058289051,1.3220529556274414,0.0163954459130764,0.0685834065079689,0.0163954459130764,0.9139846563339233,0.2310665100812912,0.6308902502059937,0.8140212893486023
5,1935,0.047162070870399475,0.01342016737908125,1.9331575632095337,0.01441032811999321,0.0618215911090374,0.01441032811999321,0.9075076580047607,0.2734288275241852,0.6801456809043884,0.8442400097846985
5,1936,0.03811090439558029,0.011495203711092472,1.427608609199524,0.012339616194367409,0.05952576920390129,0.012339616194367409,0.9250601530075073,0.2683236300945282,0.6821913719177246,0.833407998085022
5,1937,0.04931587725877762,0.01803019642829895,1.9138023853302002,0.012147657573223114,0.06194007396697998,0.012147657573223114,0.9347871541976929,0.2471095472574234,0.6401136517524719,0.8237311244010925
5,1938,0.039186082780361176,0.0079344492405653,1.6020588874816895,0.015231044963002205,0.06544315814971924,0.015231044963002205,0.8982303738594055,0.24988244473934174,0.6623718738555908,0.8217812180519104
5,1939,0.04182829707860947,0.01654459908604622,1.3300449848175049,0.01198324840515852,0.0540032796561718,0.01198324840515852,0.928161084651947,0.27065327763557434,0.7215302586555481,0.877287745475769
5,1940,0.04043440893292427,0.011556144803762436,1.3627948760986328,0.015250314958393574,0.06431397050619125,0.015250314958393574,0.9202414155006409,0.24268680810928345,0.668444037437439,0.8341109156608582
5,1941,0.0435279980301857,0.014578261412680149,1.6344282627105713,0.012605452910065651,0.060268986970186234,0.012605452910065651,0.9286534786224365,0.26569321751594543,0.6631792783737183,0.8304229974746704
5,1942,0.04156963527202606,0.010733969509601593,1.7245935201644897,0.013589730486273766,0.0601881742477417,0.013589730486273766,0.9197666645050049,0.2610907554626465,0.6921720504760742,0.845000684261322
5,1943,0.07128950953483582,0.04088995233178139,1.7022106647491455,0.013377448543906212,0.06248823553323746,0.013377448543906212,0.9248588681221008,0.2643146216869354,0.6519503593444824,0.8189705014228821
5,1944,0.03869824856519699,0.00785062089562416,1.8566339015960693,0.012281288392841816,0.05731910094618797,0.012281288392841816,0.9231600761413574,0.2956794798374176,0.694355309009552,0.8428776264190674
5,1945,0.038669291883707047,0.012428050860762596,1.517793893814087,0.011063302867114544,0.05329345539212227,0.011063302867114544,0.9347778558731079,0.2922220230102539,0.7202302813529968,0.8647769093513489
5,1946,0.03910832107067108,0.012348322197794914,1.4991040229797363,0.011768961325287819,0.05507577583193779,0.011768961325287819,0.9357718825340271,0.27761685848236084,0.7038183212280273,0.8573403358459473
5,1947,0.06508255004882812,0.034444697201251984,1.4535467624664307,0.016102384775877,0.06755439192056656,0.016102384775877,0.9049173593521118,0.2542206048965454,0.6398667693138123,0.8118706941604614
5,1948,0.041534751653671265,0.01161553617566824,1.602694034576416,0.013892274349927902,0.06002648174762726,0.013892274349927902,0.9201928377151489,0.2791042625904083,0.6770538091659546,0.8518818020820618
5,1949,0.04188765212893486,0.01284072920680046,1.334162712097168,0.015705294907093048,0.06843019276857376,0.015705294907093048,0.920373260974884,0.2552286386489868,0.6390464305877686,0.8091102242469788
5,1950,0.03856316953897476,0.01451012585312128,1.454026699066162,0.009512779302895069,0.05245421454310417,0.009512779302895069,0.9377016425132751,0.2978190779685974,0.6992185711860657,0.8560191988945007
5,1951,0.035497136414051056,0.00671040453016758,1.5619704723358154,0.01316702552139759,0.05876107141375542,0.01316702552139759,0.9136359095573425,0.31797683238983154,0.6934018135070801,0.843890905380249
5,1952,0.0323723629117012,0.00649311812594533,1.3912105560302734,0.011967138387262821,0.05483567714691162,0.011967138387262821,0.9246735572814941,0.3073190450668335,0.7074114680290222,0.8735486268997192
5,1953,0.03831206262111664,0.012137182988226414,1.3988021612167358,0.012186859734356403,0.05469859391450882,0.012186859734356403,0.9293302893638611,0.29027146100997925,0.718314528465271,0.8674460053443909
5,1954,0.05248864367604256,0.01864803209900856,2.0425808429718018,0.013414804823696613,0.057808779180049896,0.013414804823696613,0.9195004105567932,0.3043978214263916,0.7087525129318237,0.8559930920600891
5,1955,0.04103921726346016,0.015501145273447037,1.2734956741333008,0.012803114950656891,0.05614631623029709,0.012803114950656891,0.9336585402488708,0.2760121822357178,0.7053921222686768,0.8642328381538391
5,1956,0.05081247165799141,0.025273699313402176,1.6380093097686768,0.009158683009445667,0.05071572586894035,0.009158683009445667,0.949989378452301,0.2516283094882965,0.7077000737190247,0.8819655776023865
5,1957,0.055095747113227844,0.02692219614982605,1.5062994956970215,0.013110554777085781,0.05862359330058098,0.013110554777085781,0.9253907799720764,0.26213887333869934,0.7030476927757263,0.8570817708969116
5,1958,0.037997689098119736,0.01069352962076664,1.4281864166259766,0.01302229706197977,0.06017868220806122,0.01302229706197977,0.929240882396698,0.2353474497795105,0.6811474561691284,0.8470035195350647
5,1959,0.048019904643297195,0.019058050587773323,1.6277776956558228,0.012684077955782413,0.05487339571118355,0.012684077955782413,0.9160965085029602,0.3207342028617859,0.7311314940452576,0.8654751777648926
5,1960,0.0397552065551281,0.011400604620575905,1.7871421575546265,0.010483180172741413,0.050119709223508835,0.010483180172741413,0.9305590391159058,0.31809285283088684,0.7514677047729492,0.8738658428192139
5,1961,0.03987729549407959,0.015170696191489697,1.4909991025924683,0.009796609170734882,0.050628069788217545,0.009796609170734882,0.945690393447876,0.2608235776424408,0.7062473297119141,0.8914821743965149
5,1962,0.05080705136060715,0.023781582713127136,1.6242763996124268,0.010782702825963497,0.05216209590435028,0.010782702825963497,0.9312613010406494,0.30322661995887756,0.727820873260498,0.8676630854606628
5,1963,0.03573538362979889,0.010414499789476395,1.4314613342285156,0.011006269603967667,0.0532718151807785,0.011006269603967667,0.932030200958252,0.3026866912841797,0.7095912098884583,0.8629207015037537
5,1964,0.049303874373435974,0.022361820563673973,1.7291529178619385,0.009650526568293571,0.052877817302942276,0.009650526568293571,0.9469578862190247,0.2712053656578064,0.6953822374343872,0.8578404188156128
5,1965,0.03856130316853523,0.009889375418424606,1.5108113288879395,0.01356381457298994,0.05987143516540527,0.01356381457298994,0.920145571231842,0.2555975317955017,0.6820822358131409,0.8431560397148132
5,1966,0.03808268904685974,0.008074473589658737,1.6304692029953003,0.013703522272408009,0.06318104267120361,0.013703522272408009,0.9127509593963623,0.2582339942455292,0.6606048345565796,0.8236680626869202
5,1967,0.037616148591041565,0.009162133559584618,1.6782914400100708,0.011671103537082672,0.0534440316259861,0.011671103537082672,0.9254116415977478,0.2978840470314026,0.7188111543655396,0.8633806109428406
5,1968,0.04017464071512222,0.012075678445398808,1.7734482288360596,0.010364481247961521,0.050817929208278656,0.010364481247961521,0.9331670999526978,0.29332172870635986,0.7286295294761658,0.8780487775802612
5,1969,0.044208575040102005,0.017404789105057716,1.521381139755249,0.011589975096285343,0.05519050359725952,0.011589975096285343,0.9345093965530396,0.282692551612854,0.7093995213508606,0.8667866587638855
5,1970,0.05543894320726395,0.028779659420251846,1.53436279296875,0.01131565310060978,0.056218717247247696,0.01131565310060978,0.9412775039672852,0.27806392312049866,0.679821252822876,0.8529767990112305
5,1971,0.04068997874855995,0.011679009534418583,1.735906720161438,0.011651904322206974,0.054305680096149445,0.011651904322206974,0.9298736453056335,0.31016960740089417,0.7171441316604614,0.864892303943634
5,1972,0.06553838402032852,0.0334044024348259,1.8328509330749512,0.013805474154651165,0.05731812119483948,0.013805474154651165,0.9134865999221802,0.3151679039001465,0.7216846942901611,0.862051784992218
5,1973,0.038696762174367905,0.007471140008419752,1.9810248613357544,0.011415372602641582,0.05450290068984032,0.011415372602641582,0.9291157722473145,0.3147508203983307,0.7036544680595398,0.8566113114356995
5,1974,0.04840857535600662,0.01962151937186718,1.9755942821502686,0.009031112305819988,0.04655550420284271,0.009031112305819988,0.9446807503700256,0.3329915702342987,0.7525632381439209,0.8893255591392517
5,1975,0.05291396379470825,0.018253643065690994,2.1149253845214844,0.013511068187654018,0.05375966802239418,0.013511068187654018,0.9045246243476868,0.37217527627944946,0.7584987282752991,0.8714383840560913
5,1976,0.03851461410522461,0.010712558403611183,1.6929912567138672,0.010872146114706993,0.05431925505399704,0.010872146114706993,0.9415736794471741,0.2691865563392639,0.6956021785736084,0.8680655360221863
5,1977,0.040647007524967194,0.013861133717000484,1.7030611038208008,0.009755264036357403,0.048260435461997986,0.009755264036357403,0.9388236999511719,0.32228732109069824,0.7515996694564819,0.8838822841644287
5,1978,0.03831079602241516,0.010197699069976807,1.5996906757354736,0.012116188183426857,0.05809037387371063,0.012116188183426857,0.9331901669502258,0.25361940264701843,0.6725972294807434,0.8474620580673218
5,1979,0.04166916757822037,0.010466677136719227,2.159763813018799,0.009604853577911854,0.0487760566174984,0.009604853577911854,0.9421443343162537,0.30844467878341675,0.7391514182090759,0.882697343826294
5,1980,0.03677614778280258,0.008686681278049946,1.7440483570098877,0.010648983530700207,0.05137164518237114,0.010648983530700207,0.9337759017944336,0.30202245712280273,0.7459667921066284,0.8689501881599426
5,1981,0.03831742703914642,0.011018069460988045,1.5396287441253662,0.011903069913387299,0.05789421498775482,0.011903069913387299,0.9391164183616638,0.26171836256980896,0.6788002252578735,0.84687340259552
5,1982,0.040379080921411514,0.013217002153396606,1.6601325273513794,0.010560755617916584,0.0538717620074749,0.010560755617916584,0.9416670799255371,0.26063036918640137,0.6920924782752991,0.8655352592468262
5,1983,0.03975553438067436,0.01004248671233654,1.8199712038040161,0.01151333563029766,0.05298230051994324,0.01151333563029766,0.9296868443489075,0.30093392729759216,0.7340712547302246,0.8747146129608154
5,1984,0.03604071959853172,0.006468369625508785,1.7138230800628662,0.012434120289981365,0.055192939937114716,0.012434120289981365,0.924288809299469,0.3076923191547394,0.7220320701599121,0.8644688725471497
5,1985,0.04835159704089165,0.02071901597082615,1.8696932792663574,0.008935648947954178,0.04925467446446419,0.008935648947954178,0.9471590518951416,0.2947288751602173,0.7248141765594482,0.8738645911216736
5,1986,0.04866965860128403,0.016454003751277924,2.0386199951171875,0.011829452589154243,0.05266178399324417,0.011829452589154243,0.9226911664009094,0.3234042525291443,0.7389395236968994,0.8755825757980347
5,1987,0.04333104193210602,0.015505872666835785,1.703843355178833,0.010786734521389008,0.0509013794362545,0.010786734521389008,0.9347769021987915,0.3303871154785156,0.7386776208877563,0.8757108449935913
5,1988,0.045507848262786865,0.015722541138529778,1.708930492401123,0.01269600074738264,0.05426971614360809,0.01269600074738264,0.9280765056610107,0.3116263151168823,0.7193431258201599,0.8695874810218811
5,1989,0.046060506254434586,0.017761528491973877,1.9641978740692139,0.008656997233629227,0.04753275588154793,0.008656997233629227,0.9476445913314819,0.30615466833114624,0.7393853068351746,0.8803637027740479
5,1990,0.05507214367389679,0.026205064728856087,1.6985650062561035,0.011881430633366108,0.052608877420425415,0.011881430633366108,0.9213310480117798,0.32993197441101074,0.7359470129013062,0.8686597347259521
5,1991,0.0393601693212986,0.009613502770662308,1.7252781391143799,0.01249388512223959,0.05659765377640724,0.01249388512223959,0.9289958477020264,0.2797316908836365,0.6969422101974487,0.8580493330955505
5,1992,0.04124102741479874,0.01192593015730381,1.4646997451782227,0.014668098650872707,0.0634237602353096,0.014668098650872707,0.9189584255218506,0.26931050419807434,0.6538079977035522,0.8295628428459167
5,1993,0.03724151477217674,0.008089457638561726,1.6308640241622925,0.01284341886639595,0.057114388793706894,0.01284341886639595,0.9222739338874817,0.2974504232406616,0.7170511484146118,0.8578173518180847
5,1994,0.05208909139037132,0.027912210673093796,1.5215777158737183,0.008961104787886143,0.051003824919462204,0.008961104787886143,0.9466416835784912,0.26007887721061707,0.6925942301750183,0.8786882758140564
5,1995,0.04525238275527954,0.017000094056129456,1.4539822340011597,0.013712465763092041,0.06157023832201958,0.013712465763092041,0.9281070828437805,0.2654109597206116,0.6675636172294617,0.8362687826156616
5,1996,0.0463629774749279,0.02301943302154541,1.5188745260238647,0.008154799230396748,0.046137649565935135,0.008154799230396748,0.9511615633964539,0.2919415533542633,0.7446205019950867,0.8970343470573425
5,1997,0.04922528192400932,0.017355525866150856,1.773622989654541,0.014133523218333721,0.060028307139873505,0.014133523218333721,0.912655234336853,0.2967625856399536,0.701438844203949,0.8444244861602783
5,1998,0.0406753309071064,0.017167331650853157,1.3360283374786377,0.010147716850042343,0.05359981209039688,0.010147716850042343,0.9470583200454712,0.2440532147884369,0.6913721561431885,0.8658782243728638
5,1999,0.04324841499328613,0.011749839410185814,2.0057473182678223,0.011441102251410484,0.05105404183268547,0.011441102251410484,0.9287469387054443,0.3081550896167755,0.745034396648407,0.8812070488929749
5,2000,0.04384329915046692,0.012683565728366375,1.5997424125671387,0.015162311494350433,0.06481656432151794,0.015162311494350433,0.9300146102905273,0.19826434552669525,0.6488651633262634,0.8531374931335449
